source_db_name,dtime_ymdhms,field,factory,temp,supply,zone,no,A_FAN가동상태,A_냉동기가동상태,A_냉동기전력,A_동파방지히터,A_디퓨져개도율,A_배인개도율,A_압축기토출온도,A_응축기냉매압력,A_응축기냉매온도,A_증발기냉매압력,A_증발기냉매온도,A_팽창밸브개도율,B_FAN가동상태,B_냉동기가동상태,B_냉동기전력,B_동파방지히터,B_디퓨져개도율,B_배인개도율,B_압축기토출온도,B_응축기냉매압력,B_응축기냉매온도,B_증발기냉매압력,B_증발기냉매온도,B_팽창밸브개도율,C_FAN가동상태,C_동파방지히터,D_FAN가동상태,D_동파방지히터,E_FAN가동상태,F_FAN가동상태,G_FAN가동상태,H_FAN가동상태,I_FAN가동상태,J_FAN가동상태,K_FAN가동상태,공통_냉각수공급온도,공통_냉각수유량,공통_냉각수펌프상태,공통_냉각수펌프전력,공통_냉각수환수온도,공통_냉동톤,공통_냉수공급온도,공통_냉수유량,공통_냉수펌프상태,공통_냉수펌프전력,공통_냉수환수온도,공통_응축기냉매압력,공통_증발기냉매압력
GG,2026-06-09 11:01,열원,P1,13℃,저층부,공통,#2,0,0,0,0,0,-2,37.7,5.08,21.52,5.1099997,21.68,0,0,0,0,0,0,0,39.45,4.99,21.039999,5,21.09,0,0,0,0,0,0,0,0,0,0,0,0,24.949999,51.8,0,0,25,0,20.35,0,0,0,20.85,0,0
GG,2026-06-09 11:01,열원,P1,13℃,저층부,공통,#3,0,0,0,0,0,0,43.399998,6.15,26.9,6.15,26.9,0,0,0,0,0,0,1,43.6,6.08,26.599998,6.1,26.599998,0,0,0,0,0,0,0,0,0,0,0,0,27,0,0,0,27,0,27.4,0,0,0,27.099998,0,0
GG,2026-06-09 11:01,열원,P1,13℃,저층부,공통,#1,1,1,755,0,0,70,44.3,8.11,35.3,3.4099998,11.5,0,2,1,769,0,0,74,33.2,7.3199997,32.1,3.23,10.2,0,1,0,1,0,1,1,1,1,0,0,0,27.8,1810.2,0,191,33.5,3332.718,12.099999,1508.225,1,327,18.8,0,0
GG,2026-06-09 11:01,열원,P1,5℃,저층부,공통,#2,1,0,0,0,0,0,40.55,4.98,20.98,4.92,20.66,0,1,0,0,0,0,1,39.3,4.94,20.77,4.98,20.98,0,0,0,1,0,0,1,1,1,0,0,0,24.75,0,0,0,25.5,0,24.699999,0,0,0,20.949999,0,0
GG,2026-06-09 11:01,열원,P1,5℃,저층부,공통,#3,1,1,698,0,0,21,37.6,6.0499997,26.4,2.4099998,4,0,1,1,920,0,0,51,42.1,6.67,29.3,2.77,6.7999997,0,1,0,1,0,1,1,1,1,0,0,0,23.6,2.1,0,272,27.4,2597.2056,6.7,913.9,1,187,15.299999,0,0
GG,2026-06-09 11:01,열원,P1,5℃,저층부,공통,#1,1,1,734,0,0,33,43.7,7.16,31.4,2.56,5.2,0,0,1,1025,0,0,41,43.7,7.81,34.1,2.8,7.1,0,1,0,1,0,1,1,1,1,0,0,0,28.699999,2060.1,0,285,32.3,2367.1262,7.2,908.05,1,188,15.099999,0,0
GS,2026-06-09 11:01,열원,A2,5℃,공통,공통,#1,0,0,0,0,0,0,0,4.87,0,4.91,0,0,0,0,0,0,0,0,0,0,0,0,0,0,0,0,0,0,0,0,0,0,0,0,0,24.5,0,0,0,26.1,0,18.7,9.25,0,0,18.1,0,0
GS,2026-06-09 11:01,열원,A2,5℃,공통,공통,#3,0,0,0,0,0,0,0,0.38352695,0,1.8575077,0,0,0,0,0,0,0,0,0,0,0,0,0,0,0,0,0,0,0,0,0,0,0,0,0,29.697948,3.575,0,0,28.797634,0,29.028097,2.25,0,0,28.96103,0,0
GS,2026-06-09 11:01,열원,A2,5℃,공통,공통,#2,0,0,0,0,0,1,0,-0.2645728,0,21.537313,0,0,0,0,0,0,0,0,0,0,0,0,0,0,0,0,0,0,0,0,0,0,0,0,0,25.562069,0,0,0,23.020527,0,19.599224,1.25,0,0,18.328442,0,0
GS,2026-06-09 11:01,열원,A2,13℃,공통,공통,#1,0,0,0,0,0,0,0,0.4723059,0,0.0928772,0,0,0,0,0,0,0,0,0,0,0,0,0,0,0,0,0,0,0,0,0,0,0,0,0,28.983776,0,0,0,28.640356,0,21.940334,6.5,0,0,21.074137,0,0
GS,2026-06-09 11:01,열원,A2,13℃,공통,공통,#3,0,0,0,0,0,0,0,-0.17037296,0,3.8078926,0,0,0,0,0,0,0,0,0,0,0,0,0,0,0,0,0,0,0,0,0,0,0,0,0,30.054195,3.025,0,0,29.681486,0,29.126678,3.75,0,0,29.151419,0,0
GS,2026-06-09 11:01,열원,A2,13℃,공통,공통,#2,0,0,0,0,0,0,0,0.5053053,0,4.7828317,0,0,0,0,0,0,0,0,0,0,0,0,0,0,0,0,0,0,0,0,0,0,0,0,0,28.305614,499.125,0,0,27.980938,0,22.103565,0,0,0,21.209059,0,0
GS,2026-06-09 11:01,열원,A1,5℃,공통,공통,#1,1,1,1003,0,0,48,39.649998,6.5499997,28.769999,2.26,2.69,0,1,1,0,0,0,28,39.8,6.3599997,27.89,2.24,2.53,0,1,0,1,0,0,0,0,0,0,0,0,24.05,1563.125,1,180,28.3,0,4.85,668.75,1,119,13.15,0,0
GS,2026-06-09 11:01,열원,A1,5℃,공통,공통,#3,1,0,0,0,0,0,41.149998,5.14,21.84,5.16,21.939999,0,1,0,0,0,0,0,40.35,5.0899997,21.57,5.0699997,21.46,0,1,0,0,0,0,0,0,0,0,0,0,27.099998,20.625,0,0,28.849998,0,21.35,11.75,0,0,21.3,0,0
GS,2026-06-09 11:01,열원,A1,5℃,공통,공통,#2,1,1,586,0,0,64,39.7,6.56,28.8,2.57,5.3,0,1,0,0,0,0,0,0,0,0,0,0,0,1,0,1,0,0,0,0,0,0,0,0,23.5,911.25,1,70,26.8,0,5.5,355.375,1,69,13.8,0,0
GG,2026-06-09 11:01,열원,P2,13℃,고층부,공통,#2,1,1,784,0,0,62,39.55,8.139999,35.489998,3.51,12.15,25,1,1,791,0,0,95,39.25,7.25,31.849998,2.82,7.22,35,1,0,1,0,0,0,0,0,0,0,0,24.05,1795.5,1,212,30.8,2609.2048,14.75,1696.825,1,308,19.3,0,0
GG,2026-06-09 11:01,열원,P2,13℃,고층부,공통,#3,0,0,0,0,0,0,42.7,4.0899997,15.86,4.0299997,15.49,25,0,0,0,0,0,0,43.45,4.0499997,15.62,4.06,15.679999,25,0,0,0,0,0,0,0,0,0,0,0,23,29.4,0,0,23.949999,0.7582041,16.35,4.16875,0,0,16.4,0,0
GG,2026-06-09 11:01,열원,P2,13℃,고층부,공통,#1,0,0,0,0,0,0,46.600002,3.9299998,14.8,3.85,14.3,25,0,0,0,0,0,0,45.2,3.85,14.3,3.9099998,14.7,50,0,0,0,0,0,0,0,0,0,0,0,23.300001,0,0,0,22.800001,0,15.900001,0,0,0,14.7,0,0
GG,2026-06-09 11:01,열원,P2,13℃,저층부,공통,#2,1,1,761,0,0,100,45.55,8.16,35.57,2.79,6.99,25,1,1,728,0,0,100,41.2,7.37,32.35,2.6,5.5099998,30,0,0,1,0,0,0,0,0,0,0,0,24.35,1425.55,1,208,30.099998,2447.6934,13.4,1692.225,1,300,17.75,0,0
GG,2026-06-09 11:01,열원,P2,13℃,저층부,공통,#3,0,0,0,0,0,1,46.1,3.83,14.24,3.72,13.53,50,0,0,0,0,0,1,45.6,3.9199998,14.809999,3.8999999,14.679999,50,0,0,0,0,0,0,0,0,0,0,0,24.65,0,0,0,24.85,0,13.099999,0,0,0,14.25,0,0
GG,2026-06-09 11:01,열원,P2,13℃,저층부,공통,#1,1,1,771,0,0,74,42.85,7.89,34.5,3.11,9.37,50,1,1,727,0,0,100,36.05,7.24,31.8,2.76,6.7599998,55,1,0,1,0,0,0,0,0,0,0,0,26.65,2065,1,216,30.849998,2812.425,13.7,1874.5,1,320,18.3,0,0
GG,2026-06-09 11:01,열원,P2,5℃,고층부,공통,#2,0,0,0,0,0,0,48.45,4.35,17.42,4.3399997,17.359999,50,0,0,0,0,0,0,50.2,4.43,17.89,4.5099998,18.359999,40,0,0,0,0,0,0,0,0,0,0,0,23.25,1342.95,0,0,24.449999,-1.7531621,25.75,0.89375,0,0,18.5,0,0
GG,2026-06-09 11:01,열원,P2,5℃,고층부,공통,#3,0,0,0,0,0,0,41,2.7,6.2999997,2.6599998,5.99,50,0,0,0,0,0,0,40.95,2.83,7.2999997,2.84,7.37,65,0,0,0,0,0,0,0,0,0,0,0,20.85,0,0,0,23.75,0,6.35,0,0,0,6.5499997,0,0
GG,2026-06-09 11:01,열원,P2,5℃,고층부,공통,#1,0,0,0,0,0,1,41.2,2.74,6.6099997,2.82,7.22,25,0,0,0,0,0,0,40.2,2.86,7.5299997,2.96,8.2699995,100,0,0,0,0,0,0,0,0,0,0,0,21.3,0,0,0,23.8,0.5843874,6.2999997,2.35625,0,0,6.95,0,0
GG,2026-06-09 11:01,열원,P2,5℃,저층부,공통,#2,0,0,0,0,0,0,27.099998,3.6499999,13.07,3.6,12.75,85,0,0,0,0,0,1,44.7,4.08,15.799999,4.0499997,15.62,85,0,0,0,0,0,0,0,0,0,0,0,23.25,0,0,0,23.3,0,23.65,0,0,0,16.8,0,0
GG,2026-06-09 11:01,열원,P2,5℃,저층부,공통,#3,0,0,0,0,0,0,47.5,2.95,8.2,2.97,8.349999,100,0,0,0,0,0,0,47.8,3.1599998,9.73,3.46,11.809999,25,0,0,0,0,0,0,0,0,0,0,0,22.449999,0,0,0,24.6,0,6.75,0.325,0,0,7,0,0
GG,2026-06-09 11:01,열원,P2,5℃,저층부,공통,#1,0,0,0,0,0,0,48.6,4.42,17.83,4.61,18.93,25,0,0,0,0,0,0,49.5,4.56,18.64,4.62,18.99,25,0,0,0,0,0,0,0,0,0,0,0,26.15,2800,0,0,27.699999,-4.1095195,26.55,2.03125,0,0,19.199999,0,0
GS,2026-06-09 11:03,열원,A2,5℃,공통,공통,#2,0,0,0,0,0,1,0,-0.2645728,0,21.487097,0,0,0,0,0,0,0,0,0,0,0,0,0,0,0,0,0,0,0,0,0,0,0,0,0,25.562069,0,0,0,23.020527,0,19.599224,1.5,0,0,18.40894,0,0
GS,2026-06-09 11:03,열원,A1,5℃,공통,공통,#2,1,1,588,0,0,65,39.8,6.56,28.8,2.57,5.3,0,1,0,0,0,0,0,0,0,0,0,0,0,1,0,1,0,0,0,0,0,0,0,0,23.5,913.875,1,70,26.8,0,5.5,356.875,1,69,13.7,0,0
GS,2026-06-09 11:03,열원,A1,5℃,공통,공통,#3,1,0,0,0,0,0,41.2,5.14,21.84,5.16,21.939999,0,1,0,0,0,0,0,40.3,5.0899997,21.57,5.0699997,21.46,0,1,0,0,0,0,0,0,0,0,0,0,27.099998,20.625,0,0,28.9,0,21.3,18,0,0,21.3,0,0
GS,2026-06-09 11:03,열원,A1,5℃,공통,공통,#1,1,1,1004,0,0,48,39.7,6.56,28.81,2.26,2.69,0,1,1,0,0,0,28,39.85,6.35,27.849998,2.21,2.27,0,1,0,1,0,0,0,0,0,0,0,0,24.15,1588.125,1,182,28.349998,0,4.9,659.75,1,120,13.2,0,0
GS,2026-06-09 11:03,열원,A2,13℃,공통,공통,#2,0,0,0,0,0,0,0,0.5053053,0,4.7828317,0,0,0,0,0,0,0,0,0,0,0,0,0,0,0,0,0,0,0,0,0,0,0,0,0,28.305614,501.875,0,0,27.980938,0,22.103565,0.5,0,0,21.209059,0,0
GS,2026-06-09 11:03,열원,A2,13℃,공통,공통,#3,0,0,0,0,0,0,0,-0.17037296,0,3.8078926,0,0,0,0,0,0,0,0,0,0,0,0,0,0,0,0,0,0,0,0,0,0,0,0,0,30.054195,3.575,0,0,29.681486,0,29.126678,3.75,0,0,29.151419,0,0
GS,2026-06-09 11:03,열원,A2,13℃,공통,공통,#1,0,0,0,0,0,0,0,0.4723059,0,0.0928772,0,0,0,0,0,0,0,0,0,0,0,0,0,0,0,0,0,0,0,0,0,0,0,0,0,28.983776,0,0,0,28.640356,0,21.940334,7,0,0,21.074137,0,0
GS,2026-06-09 11:03,열원,A2,5℃,공통,공통,#3,0,0,0,0,0,0,0,0.38352695,0,1.8575077,0,0,0,0,0,0,0,0,0,0,0,0,0,0,0,0,0,0,0,0,0,0,0,0,0,29.697948,3.025,0,0,28.797634,0,29.028097,2.25,0,0,28.96103,0,0
GS,2026-06-09 11:03,열원,A2,5℃,공통,공통,#1,0,0,0,0,0,0,0,4.87,0,4.91,0,0,0,0,0,0,0,0,0,0,0,0,0,0,0,0,0,0,0,0,0,0,0,0,0,24.5,0,0,0,26.1,0,18.7,9.25,0,0,18.1,0,0
GG,2026-06-09 11:03,열원,P1,13℃,저층부,공통,#2,0,0,0,0,0,-2,37.75,5.0899997,21.58,5.1099997,21.68,0,0,0,0,0,0,0,39.5,4.99,21.039999,4.99,21.039999,0,0,0,0,0,0,0,0,0,0,0,0,24.949999,49.7,0,0,25,0.038029246,20.35,1.15,0,0,20.85,0,0
GG,2026-06-09 11:03,열원,P1,13℃,저층부,공통,#3,0,0,0,0,0,0,43.399998,6.15,26.9,6.15,26.9,0,0,0,0,0,0,1,43.6,6.08,26.599998,6.1,26.599998,0,0,0,0,0,0,0,0,0,0,0,0,27,0,0,0,27,0,27.4,0,0,0,27.099998,0,0
GG,2026-06-09 11:03,열원,P1,13℃,저층부,공통,#1,1,1,755,0,0,70,44.3,8.11,35.3,3.4199998,11.5,0,2,1,770,0,0,74,33.2,7.3199997,32.1,3.23,10.2,0,1,0,1,0,1,1,1,1,0,0,0,27.8,1802.5,0,191,33.399998,3379.874,12,1503.05,1,327,18.8,0,0
GG,2026-06-09 11:03,열원,P1,5℃,저층부,공통,#2,1,0,0,0,0,0,40.5,4.96,20.869999,4.94,20.77,0,1,0,0,0,0,1,39.25,4.93,20.71,4.96,20.869999,0,0,0,1,0,0,1,1,1,0,0,0,24.699999,0,0,0,25.5,-0.39765197,24.699999,0.325,0,0,21,0,0
GG,2026-06-09 11:03,열원,P1,5℃,저층부,공통,#3,1,1,696,0,0,22,37.6,6.0499997,26.4,2.3899999,3.8,0,1,1,945,0,0,53,42.2,6.69,29.4,2.75,6.7,0,1,0,1,0,1,1,1,1,0,0,0,23.6,5.6,0,272,27.5,2661.3887,6.5,914.55,1,186,15.299999,0,0
GG,2026-06-09 11:03,열원,P1,5℃,저층부,공통,#1,1,1,743,0,0,36,44.1,7.24,31.8,2.54,5,0,0,1,1025,0,0,41,44.6,7.89,34.5,2.8,7.1,0,1,0,1,0,1,1,1,1,0,0,0,29,2093,0,285,32.6,2320.4397,7.2,911.3,1,187,14.9,0,0
GG,2026-06-09 11:03,열원,P2,13℃,고층부,공통,#2,1,1,787,0,0,62,39.55,8.179999,35.649998,3.52,12.21,25,1,1,796,0,0,95,39.25,7.29,32.02,2.83,7.2999997,35,1,0,1,0,0,0,0,0,0,0,0,24.3,1749.375,1,212,31,2606.332,14.7,1694.9563,1,309,19.3,0,0
GG,2026-06-09 11:03,열원,P2,13℃,고층부,공통,#3,0,0,0,0,0,0,42.649998,4.08,15.799999,4.02,15.429999,25,0,0,0,0,0,0,43.5,4.0499997,15.62,4.06,15.679999,25,0,0,0,0,0,0,0,0,0,0,0,23,28.525,0,0,23.949999,0.8960601,16.3,4.16875,0,0,16.4,0,0
GG,2026-06-09 11:03,열원,P2,13℃,고층부,공통,#1,0,0,0,0,0,0,46.600002,3.9299998,14.8,3.85,14.3,25,0,0,0,0,0,0,45.100002,3.85,14.3,3.9099998,14.7,50,0,0,0,0,0,0,0,0,0,0,0,23.300001,0,0,0,22.800001,0,15.900001,0,0,0,14.7,0,0
GG,2026-06-09 11:03,열원,P2,13℃,저층부,공통,#2,1,1,762,0,0,100,45.5,8.17,35.61,2.78,6.92,25,1,1,731,0,0,100,41.149998,7.3799996,32.399998,2.61,5.5899997,30,0,0,1,0,0,0,0,0,0,0,0,24.5,1078.7,1,208,30.199999,2442.6562,13.25,1717.8125,1,301,17.55,0,0
GG,2026-06-09 11:03,열원,P2,13℃,저층부,공통,#3,0,0,0,0,0,1,46.149998,3.83,14.24,3.72,13.53,50,0,0,0,0,0,1,45.649998,3.9199998,14.809999,3.8999999,14.679999,50,0,0,0,0,0,0,0,0,0,0,0,24.65,0,0,0,24.85,0,13.099999,0,0,0,14.25,0,0
GG,2026-06-09 11:03,열원,P2,13℃,저층부,공통,#1,1,1,762,0,0,74,42.899998,7.6699996,33.6,3.04,8.86,50,1,1,711,0,0,100,36,7.02,30.859999,2.7,6.2999997,55,1,0,1,0,0,0,0,0,0,0,0,26.05,2053.625,1,216,30.449999,2829.3362,13.65,1859.9812,1,319,18.3,0,0
GG,2026-06-09 11:03,열원,P2,5℃,고층부,공통,#2,0,0,0,0,0,0,48.5,4.35,17.42,4.35,17.42,50,0,0,0,0,0,0,50.2,4.44,17.949999,4.5,18.3,40,0,0,0,0,0,0,0,0,0,0,0,23.199999,1340.15,0,0,24.449999,-1.1526537,25.699999,0.4875,0,0,18.55,0,0
GG,2026-06-09 11:03,열원,P2,5℃,고층부,공통,#3,0,0,0,0,0,0,41,2.7,6.2999997,2.6599998,5.99,50,0,0,0,0,0,0,40.95,2.82,7.22,2.83,7.2999997,65,0,0,0,0,0,0,0,0,0,0,0,20.9,0,0,0,23.8,0,6.35,0,0,0,6.5499997,0,0
GG,2026-06-09 11:03,열원,P2,5℃,고층부,공통,#1,0,0,0,0,0,1,41.25,2.75,6.69,2.82,7.22,25,0,0,0,0,0,0,40.149998,2.85,7.45,2.96,8.2699995,100,0,0,0,0,0,0,0,0,0,0,0,21.3,13.475,0,0,23.85,0.48363096,6.2999997,1.95,0,0,6.95,0,0
GG,2026-06-09 11:03,열원,P2,5℃,저층부,공통,#2,0,0,0,0,0,0,27.099998,3.6399999,13.009999,3.6,12.75,85,0,0,0,0,0,1,44.7,4.0899997,15.86,4.04,15.549999,85,0,0,0,0,0,0,0,0,0,0,0,23.3,0,0,0,23.3,0,23.65,0,0,0,16.8,0,0
GG,2026-06-09 11:03,열원,P2,5℃,저층부,공통,#3,0,0,0,0,0,0,47.5,2.95,8.2,2.97,8.349999,100,0,0,0,0,0,0,47.75,3.1699998,9.8,3.47,11.88,25,0,0,0,0,0,0,0,0,0,0,0,22.4,0,0,0,24.55,0.0967261,6.75,0.73125,0,0,7,0,0
GG,2026-06-09 11:03,열원,P2,5℃,저층부,공통,#1,0,0,0,0,0,0,48.649998,4.42,17.83,4.61,18.93,25,0,0,0,0,0,0,49.5,4.56,18.64,4.61,18.93,25,0,0,0,0,0,0,0,0,0,0,0,26.15,2800,0,0,27.699999,-16.870659,26.55,6.3375,0,0,19.199999,0,0
GS,2026-06-09 11:04,열원,A1,5℃,공통,공통,#2,1,1,588,0,0,64,39.8,6.56,28.8,2.57,5.3,0,1,0,0,0,0,0,0,0,0,0,0,0,1,0,1,0,0,0,0,0,0,0,0,23.5,909,1,70,26.8,0,5.5,361.375,1,69,13.7,0,0
GS,2026-06-09 11:04,열원,A1,5℃,공통,공통,#3,1,0,0,0,0,0,41.2,5.14,21.84,5.16,21.939999,0,1,0,0,0,0,0,40.3,5.1,21.619999,5.0699997,21.46,0,1,0,0,0,0,0,0,0,0,0,0,27.199999,20,0,0,28.849998,0,21.35,8.25,0,0,21.25,0,0
GS,2026-06-09 11:04,열원,A1,5℃,공통,공통,#1,1,1,1006,0,0,48,39.75,6.56,28.81,2.26,2.69,0,1,1,0,0,0,28,39.899998,6.3599997,27.89,2.25,2.62,0,1,0,1,0,0,0,0,0,0,0,0,24.15,1596.25,1,180,28.3,0,4.9,664,1,119,13.2,0,0
GS,2026-06-09 11:04,열원,A2,13℃,공통,공통,#2,0,0,0,0,0,0,0,0.5053053,0,4.7828317,0,0,0,0,0,0,0,0,0,0,0,0,0,0,0,0,0,0,0,0,0,0,0,0,0,28.305614,502.425,0,0,27.980938,0,22.103565,1,0,0,21.209059,0,0
GS,2026-06-09 11:04,열원,A2,13℃,공통,공통,#3,0,0,0,0,0,0,0,-0.17037296,0,3.8078926,0,0,0,0,0,0,0,0,0,0,0,0,0,0,0,0,0,0,0,0,0,0,0,0,0,30.054195,3.575,0,0,29.681486,0,29.126678,3.75,0,0,29.151419,0,0
GS,2026-06-09 11:04,열원,A2,13℃,공통,공통,#1,0,0,0,0,0,0,0,0.4723059,0,0.0928772,0,0,0,0,0,0,0,0,0,0,0,0,0,0,0,0,0,0,0,0,0,0,0,0,0,28.983776,0,0,0,28.640356,0,21.940334,7,0,0,21.074137,0,0
GS,2026-06-09 11:04,열원,A2,5℃,공통,공통,#2,0,0,0,0,0,1,0,-0.2645728,0,21.547178,0,0,0,0,0,0,0,0,0,0,0,0,0,0,0,0,0,0,0,0,0,0,0,0,0,25.562069,0,0,0,23.020527,0,19.599224,1.25,0,0,18.451582,0,0
GS,2026-06-09 11:04,열원,A2,5℃,공통,공통,#3,0,0,0,0,0,0,0,0.38352695,0,1.8575077,0,0,0,0,0,0,0,0,0,0,0,0,0,0,0,0,0,0,0,0,0,0,0,0,0,29.697948,3.3,0,0,28.797634,0,29.028097,2.5,0,0,28.96103,0,0
GS,2026-06-09 11:04,열원,A2,5℃,공통,공통,#1,0,0,0,0,0,0,0,4.87,0,4.91,0,0,0,0,0,0,0,0,0,0,0,0,0,0,0,0,0,0,0,0,0,0,0,0,0,24.5,0,0,0,26.2,0,18.7,9.25,0,0,18.1,0,0
GG,2026-06-09 11:04,열원,P1,13℃,저층부,공통,#2,0,0,0,0,0,-2,37.75,5.08,21.52,5.1099997,21.68,0,0,0,0,0,0,0,39.5,4.96,20.869999,4.98,20.98,0,0,0,0,0,0,0,0,0,0,0,0,24.949999,51.1,0,0,24.949999,0,20.35,0,0,0,20.85,0,0
GG,2026-06-09 11:04,열원,P1,13℃,저층부,공통,#3,0,0,0,0,0,0,43.399998,6.15,26.9,6.15,26.9,0,0,0,0,0,0,1,43.6,6.08,26.599998,6.1,26.599998,0,0,0,0,0,0,0,0,0,0,0,0,27,0,0,0,27,0,27.4,0,0,0,27.099998,0,0
GG,2026-06-09 11:04,열원,P1,13℃,저층부,공통,#1,1,1,755,0,0,70,44.3,8.12,35.399998,3.4199998,11.5,0,2,1,769,0,0,74,33.2,7.3399997,32.2,3.23,10.2,0,1,0,1,0,1,1,1,1,0,0,0,27.8,1794.1,0,191,33.5,3388.9248,12,1507.075,1,327,18.8,0,0
GG,2026-06-09 11:04,열원,P1,5℃,저층부,공통,#2,1,0,0,0,0,0,40.5,4.95,20.82,4.92,20.66,0,1,0,0,0,0,1,39.2,4.94,20.77,4.99,21.039999,0,0,0,1,0,0,1,1,1,0,0,0,24.699999,0,0,0,25.5,0,24.75,0,0,0,21,0,0
GG,2026-06-09 11:04,열원,P1,5℃,저층부,공통,#3,1,1,695,0,0,22,37.6,6.0499997,26.4,2.3799999,3.6999998,0,1,1,941,0,0,54,42.1,6.7,29.4,2.74,6.6,0,1,0,1,0,1,1,1,1,0,0,0,23.6,2.8,0,271,27.5,2654.7686,6.3999996,912.275,1,185,15.2,0,0
GG,2026-06-09 11:04,열원,P1,5℃,저층부,공통,#1,1,1,743,0,0,36,44.3,7.29,32,2.54,5,0,0,1,1026,0,0,41,44.399998,7.93,34.6,2.79,7,0,1,0,1,0,1,1,1,1,0,0,0,29.199999,2104.2,0,284,32.8,2337.818,7.1,918.125,1,186,14.799999,0,0
GG,2026-06-09 11:04,열원,P2,13℃,고층부,공통,#2,1,1,785,0,0,62,39.55,8.19,35.69,3.53,12.28,25,1,1,791,0,0,95,39.25,7.2999997,32.059998,2.83,7.2999997,35,1,0,1,0,0,0,0,0,0,0,0,24.25,1765.3125,1,211,31,2560.376,14.75,1683.1687,1,308,19.25,0,0
GG,2026-06-09 11:04,열원,P2,13℃,고층부,공통,#3,0,0,0,0,0,0,42.649998,4.08,15.799999,4.0299997,15.49,25,0,0,0,0,0,0,43.55,4.0499997,15.62,4.0499997,15.62,25,0,0,0,0,0,0,0,0,0,0,0,23.05,19.075,0,0,23.949999,0.91269606,16.35,4.6,0,0,16.4,0,0
GG,2026-06-09 11:04,열원,P2,13℃,고층부,공통,#1,0,0,0,0,0,0,46.7,3.9299998,14.8,3.85,14.3,25,0,0,0,0,0,0,45.100002,3.85,14.3,3.9099998,14.7,50,0,0,0,0,0,0,0,0,0,0,0,23.300001,0,0,0,22.800001,0,15.900001,0,0,0,14.7,0,0
GG,2026-06-09 11:04,열원,P2,13℃,저층부,공통,#2,1,1,760,0,0,100,45.45,8.179999,35.649998,2.8,7.0699997,25,1,1,727,0,0,100,41.1,7.3999996,32.48,2.61,5.5899997,30,0,0,1,0,0,0,0,0,0,0,0,24.6,1102.325,1,208,30.199999,2398.0913,13.25,1706.3125,1,300,17.55,0,0
GG,2026-06-09 11:04,열원,P2,13℃,저층부,공통,#3,0,0,0,0,0,1,46.2,3.83,14.24,3.72,13.53,50,0,0,0,0,0,1,45.7,3.9199998,14.809999,3.8999999,14.679999,50,0,0,0,0,0,0,0,0,0,0,0,24.65,0,0,0,24.85,0,13.049999,0,0,0,14.299999,0,0
GG,2026-06-09 11:04,열원,P2,13℃,저층부,공통,#1,1,1,756,0,0,79,42.85,7.6,33.309998,3,8.57,50,1,1,706,0,0,100,36.149998,6.93,30.46,2.6799998,6.14,55,1,0,1,0,0,0,0,0,0,0,0,25.75,2031.925,1,216,30.099998,2806.376,13.65,1844.8875,1,318,18.3,0,0
GG,2026-06-09 11:04,열원,P2,5℃,고층부,공통,#2,0,0,0,0,0,0,48.5,4.35,17.42,4.3399997,17.359999,50,0,0,0,0,0,0,50.2,4.43,17.89,4.5,18.3,40,0,0,0,0,0,0,0,0,0,0,0,23.25,1344.7,0,0,24.449999,-3.2430136,25.699999,1.38125,0,0,18.55,0,0
GG,2026-06-09 11:04,열원,P2,5℃,고층부,공통,#3,0,0,0,0,0,0,40.95,2.69,6.22,2.6599998,5.99,50,0,0,0,0,0,0,41,2.83,7.2999997,2.83,7.2999997,65,0,0,0,0,0,0,0,0,0,0,0,20.85,0,0,0,23.75,0,6.2999997,0,0,0,6.5499997,0,0
GG,2026-06-09 11:04,열원,P2,5℃,고층부,공통,#1,0,0,0,0,0,1,41.25,2.75,6.69,2.82,7.22,25,0,0,0,0,0,0,40.149998,2.87,7.6,2.96,8.2699995,100,0,0,0,0,0,0,0,0,0,0,0,21.25,18.025,0,0,23.8,0.5843874,6.2999997,2.35625,0,0,6.95,0,0
GG,2026-06-09 11:04,열원,P2,5℃,저층부,공통,#2,0,0,0,0,0,0,27.099998,3.6499999,13.07,3.61,12.809999,85,0,0,0,0,0,1,44.75,4.0899997,15.86,4.0499997,15.62,85,0,0,0,0,0,0,0,0,0,0,0,23.3,0,0,0,23.3,0,23.65,0,0,0,16.8,0,0
GG,2026-06-09 11:04,열원,P2,5℃,저층부,공통,#3,0,0,0,0,0,0,47.5,2.96,8.2699995,2.97,8.349999,100,0,0,0,0,0,0,47.8,3.1599998,9.73,3.46,11.809999,25,0,0,0,0,0,0,0,0,0,0,0,22.4,0,0,0,24.55,0,6.7,0,0,0,7,0,0
GG,2026-06-09 11:04,열원,P2,5℃,저층부,공통,#1,0,0,0,0,0,0,48.6,4.42,17.83,4.61,18.93,25,0,0,0,0,0,0,49.5,4.56,18.64,4.62,18.99,25,0,0,0,0,0,0,0,0,0,0,0,26.15,2800,0,0,27.65,-20.078747,26.5,7.6375,0,0,19.199999,0,0
GG,2026-06-09 11:06,열원,P2,5℃,저층부,공통,#3,0,0,0,0,0,0,47.45,2.95,8.2,2.96,8.2699995,100,0,0,0,0,0,0,47.8,3.1799998,9.87,3.4499998,11.74,25,0,0,0,0,0,0,0,0,0,0,0,22.449999,0,0,0,24.55,0.047019664,6.75,0.40625,0,0,7,0,0
GG,2026-06-09 11:06,열원,P2,5℃,저층부,공통,#1,0,0,0,0,0,0,48.649998,4.42,17.83,4.6,18.869999,25,0,0,0,0,0,0,49.5,4.5499997,18.59,4.6,18.869999,25,0,0,0,0,0,0,0,0,0,0,0,26.199999,2800,0,0,27.65,-20.849867,26.55,7.88125,0,0,19.25,0,0
GS,2026-06-09 11:06,열원,A1,5℃,공통,공통,#2,1,1,590,0,0,65,39.8,6.57,28.8,2.57,5.3,0,1,0,0,0,0,0,0,0,0,0,0,0,1,0,1,0,0,0,0,0,0,0,0,23.6,921,1,70,26.9,0,5.5,360.125,1,69,13.7,0,0
GS,2026-06-09 11:06,열원,A1,5℃,공통,공통,#3,1,0,0,0,0,0,41.3,5.14,21.84,5.15,21.89,0,1,0,0,0,0,0,40.2,5.1,21.619999,5.0699997,21.46,0,1,0,0,0,0,0,0,0,0,0,0,27.15,20,0,0,28.849998,0,21.35,13.25,0,0,21.25,0,0
GS,2026-06-09 11:06,열원,A1,5℃,공통,공통,#1,1,1,1007,0,0,49,39.75,6.58,28.9,2.26,2.69,0,1,1,0,0,0,28,39.899998,6.39,28.029999,2.24,2.53,0,1,0,1,0,0,0,0,0,0,0,0,24.25,1578.125,1,182,28.4,0,4.85,676.25,1,120,13.15,0,0
GS,2026-06-09 11:06,열원,A2,13℃,공통,공통,#2,0,0,0,0,0,0,0,0.5053053,0,4.7828317,0,0,0,0,0,0,0,0,0,0,0,0,0,0,0,0,0,0,0,0,0,0,0,0,0,28.305614,504.075,0,0,27.980938,0,22.103565,0.75,0,0,21.209059,0,0
GS,2026-06-09 11:06,열원,A2,13℃,공통,공통,#3,0,0,0,0,0,0,0,-0.17037296,0,3.8078926,0,0,0,0,0,0,0,0,0,0,0,0,0,0,0,0,0,0,0,0,0,0,0,0,0,30.054195,3.025,0,0,29.681486,0,29.126678,3.75,0,0,29.151419,0,0
GS,2026-06-09 11:06,열원,A2,13℃,공통,공통,#1,0,0,0,0,0,0,0,0.4723059,0,0.0928772,0,0,0,0,0,0,0,0,0,0,0,0,0,0,0,0,0,0,0,0,0,0,0,0,0,28.983776,0,0,0,28.640356,0,21.940334,6.75,0,0,21.074137,0,0
GS,2026-06-09 11:06,열원,A2,5℃,공통,공통,#2,0,0,0,0,0,1,0,-0.2645728,0,21.49948,0,0,0,0,0,0,0,0,0,0,0,0,0,0,0,0,0,0,0,0,0,0,0,0,0,25.562069,0,0,0,23.020527,0,19.599224,1.5,0,0,18.426231,0,0
GS,2026-06-09 11:06,열원,A2,5℃,공통,공통,#3,0,0,0,0,0,0,0,0.38352695,0,1.8575077,0,0,0,0,0,0,0,0,0,0,0,0,0,0,0,0,0,0,0,0,0,0,0,0,0,29.697948,3.3,0,0,28.797634,0,29.028097,2.25,0,0,28.96103,0,0
GS,2026-06-09 11:06,열원,A2,5℃,공통,공통,#1,0,0,0,0,0,0,0,4.87,0,4.91,0,0,0,0,0,0,0,0,0,0,0,0,0,0,0,0,0,0,0,0,0,0,0,0,0,24.5,0,0,0,26.1,0,18.7,9.25,0,0,18.1,0,0
GG,2026-06-09 11:06,열원,P1,13℃,저층부,공통,#2,0,0,0,0,0,-2,37.75,5.08,21.52,5.1099997,21.68,0,0,0,0,0,0,0,39.55,4.98,20.98,4.98,20.98,0,0,0,0,0,0,0,0,0,0,0,0,24.949999,41.3,0,0,24.949999,0,20.35,0,0,0,20.85,0,0
GG,2026-06-09 11:06,열원,P1,13℃,저층부,공통,#3,0,0,0,0,0,0,43.399998,6.15,26.9,6.15,26.9,0,0,0,0,0,0,1,43.6,6.08,26.599998,6.1,26.599998,0,0,0,0,0,0,0,0,0,0,0,0,27,0,0,0,27,0,27.4,0,0,0,27.099998,0,0
GG,2026-06-09 11:06,열원,P1,13℃,저층부,공통,#1,1,1,755,0,0,70,44.3,8.12,35.399998,3.4199998,11.5,0,2,1,772,0,0,74,33.1,7.3399997,32.2,3.23,10.2,0,1,0,1,0,1,1,1,1,0,0,0,27.8,1799.7,0,192,33.5,3390.218,12,1507.65,1,327,18.8,0,0
GG,2026-06-09 11:06,열원,P1,5℃,저층부,공통,#2,1,0,0,0,0,0,40.399998,4.95,20.82,4.93,20.71,0,1,0,0,0,0,1,39.149998,4.91,20.6,4.99,21.039999,0,0,0,1,0,0,1,1,1,0,0,0,24.699999,0,0,0,25.5,0,24.699999,0,0,0,20.949999,0,0
GG,2026-06-09 11:06,열원,P1,5℃,저층부,공통,#3,1,1,692,0,0,15,37.6,6.0499997,26.4,2.36,3.5,0,1,1,948,0,0,54,42.1,6.7,29.4,2.72,6.3999996,0,1,0,1,0,1,1,1,1,0,0,0,23.699999,2.1,0,272,27.5,2669.632,6.2,907.075,1,185,15.099999,0,0
GG,2026-06-09 11:06,열원,P1,5℃,저층부,공통,#1,1,1,750,0,0,36,44.6,7.3599997,32.3,2.56,5.2,0,0,1,1011,0,0,36,45.1,7.96,34.7,2.8,7.1,0,1,0,1,0,1,1,1,1,0,0,0,29.599998,2074.1,0,284,33.1,2229.861,7.1,887.25,1,186,14.7,0,0
GG,2026-06-09 11:06,열원,P2,13℃,고층부,공통,#2,1,1,786,0,0,62,39.45,8.2,35.73,3.51,12.15,25,1,1,793,0,0,95,39.2,7.31,32.1,2.83,7.2999997,35,1,0,1,0,0,0,0,0,0,0,0,24.35,1749.5625,1,212,31.05,2623.7944,14.7,1706.3125,1,308,19.3,0,0
GG,2026-06-09 11:06,열원,P2,13℃,고층부,공통,#3,0,0,0,0,0,0,42.6,4.08,15.799999,4.0299997,15.49,25,0,0,0,0,0,0,43.649998,4.0499997,15.62,4.0499997,15.62,25,0,0,0,0,0,0,0,0,0,0,0,23,39.725,0,0,24,0.57043505,16.35,2.875,0,0,16.449999,0,0
GG,2026-06-09 11:06,열원,P2,13℃,고층부,공통,#1,0,0,0,0,0,0,46.7,3.9299998,14.8,3.85,14.3,25,0,0,0,0,0,0,45,3.85,14.3,3.9099998,14.7,50,0,0,0,0,0,0,0,0,0,0,0,23.300001,0,0,0,22.800001,0,15.900001,0,0,0,14.7,0,0
GG,2026-06-09 11:06,열원,P2,13℃,저층부,공통,#2,1,1,762,0,0,100,45.45,8.179999,35.649998,2.8,7.0699997,25,1,1,729,0,0,100,41.05,7.3999996,32.48,2.62,5.67,30,0,0,1,0,0,0,0,0,0,0,0,24.65,1131.025,1,209,30.199999,2448.5845,13.2,1721.9812,1,301,17.5,0,0
GG,2026-06-09 11:06,열원,P2,13℃,저층부,공통,#3,0,0,0,0,0,1,46.2,3.84,14.299999,3.72,13.53,50,0,0,0,0,0,1,45.8,3.9199998,14.809999,3.8999999,14.679999,50,0,0,0,0,0,0,0,0,0,0,0,24.65,0,0,0,24.85,0,13.099999,0,0,0,14.299999,0,0
GG,2026-06-09 11:06,열원,P2,13℃,저층부,공통,#1,1,1,764,0,0,83,42.8,7.5,32.899998,2.9299998,8.05,50,1,1,695,0,0,100,36.45,6.81,29.929998,2.6399999,5.83,55,1,0,1,0,0,0,0,0,0,0,0,25.15,2014.95,1,217,29.449999,2895.0889,13.599999,1862.7125,1,319,18.3,0,0
GG,2026-06-09 11:06,열원,P2,5℃,고층부,공통,#2,0,0,0,0,0,0,48.5,4.35,17.42,4.3399997,17.359999,50,0,0,0,0,0,0,50.2,4.43,17.89,4.5,18.3,40,0,0,0,0,0,0,0,0,0,0,0,23.199999,1349.25,0,0,24.449999,-2.5672743,25.8,1.05625,0,0,18.5,0,0
GG,2026-06-09 11:06,열원,P2,5℃,고층부,공통,#3,0,0,0,0,0,0,40.899998,2.6799998,6.14,2.6599998,5.99,50,0,0,0,0,0,0,41,2.82,7.22,2.83,7.2999997,65,0,0,0,0,0,0,0,0,0,0,0,20.85,0,0,0,23.75,0,6.2999997,0,0,0,6.5499997,0,0
GG,2026-06-09 11:06,열원,P2,5℃,고층부,공통,#1,0,0,0,0,0,1,41.3,2.75,6.69,2.81,7.1499996,25,0,0,0,0,0,0,40.1,2.85,7.45,2.96,8.2699995,100,0,0,0,0,0,0,0,0,0,0,0,21.25,15.75,0,0,23.85,0.564236,6.35,2.4375,0,0,6.95,0,0
GG,2026-06-09 11:06,열원,P2,5℃,저층부,공통,#2,0,0,0,0,0,0,27.15,3.6499999,13.07,3.61,12.809999,85,0,0,0,0,0,1,44.7,4.1,15.92,4.06,15.679999,85,0,0,0,0,0,0,0,0,0,0,0,23.3,0,0,0,23.35,0,23.65,0,0,0,16.8,0,0
GS,2026-06-09 11:07,열원,A1,5℃,공통,공통,#2,1,1,588,0,0,65,39.8,6.57,28.8,2.57,5.3,0,1,0,0,0,0,0,0,0,0,0,0,0,1,0,1,0,0,0,0,0,0,0,0,23.6,904.875,1,70,26.9,0,5.5,355.125,1,69,13.7,0,0
GS,2026-06-09 11:07,열원,A1,5℃,공통,공통,#3,1,0,0,0,0,0,41.35,5.13,21.779999,5.17,22,0,1,0,0,0,0,0,40.2,5.1,21.619999,5.0699997,21.46,0,1,0,0,0,0,0,0,0,0,0,0,27.15,20,0,0,28.849998,0,21.35,12.5,0,0,21.25,0,0
GS,2026-06-09 11:07,열원,A1,5℃,공통,공통,#1,1,1,1007,0,0,49,39.75,6.58,28.9,2.26,2.69,0,1,1,0,0,0,28,39.95,6.37,27.939999,2.24,2.53,0,1,0,1,0,0,0,0,0,0,0,0,24.25,1573.125,1,180,28.4,0,4.9,660,1,120,13.15,0,0
GS,2026-06-09 11:07,열원,A2,13℃,공통,공통,#2,0,0,0,0,0,0,0,0.5053053,0,4.7828317,0,0,0,0,0,0,0,0,0,0,0,0,0,0,0,0,0,0,0,0,0,0,0,0,0,28.305614,504.9,0,0,27.980938,0,22.103565,0.75,0,0,21.209059,0,0
GS,2026-06-09 11:07,열원,A2,13℃,공통,공통,#3,0,0,0,0,0,0,0,-0.17037296,0,3.8078926,0,0,0,0,0,0,0,0,0,0,0,0,0,0,0,0,0,0,0,0,0,0,0,0,0,30.054195,3.3,0,0,29.681486,0,29.126678,4,0,0,29.151419,0,0
GS,2026-06-09 11:07,열원,A2,13℃,공통,공통,#1,0,0,0,0,0,0,0,0.4723059,0,0.0928772,0,0,0,0,0,0,0,0,0,0,0,0,0,0,0,0,0,0,0,0,0,0,0,0,0,28.983776,0,0,0,28.640356,0,21.940334,6.75,0,0,21.074137,0,0
GS,2026-06-09 11:07,열원,A2,5℃,공통,공통,#2,0,0,0,0,0,1,0,-0.2645728,0,21.511995,0,0,0,0,0,0,0,0,0,0,0,0,0,0,0,0,0,0,0,0,0,0,0,0,0,25.562069,0,0,0,23.020527,0,19.599224,1.5,0,0,18.251682,0,0
GS,2026-06-09 11:07,열원,A2,5℃,공통,공통,#3,0,0,0,0,0,0,0,0.38352695,0,1.8575077,0,0,0,0,0,0,0,0,0,0,0,0,0,0,0,0,0,0,0,0,0,0,0,0,0,29.697948,3.575,0,0,28.797634,0,29.028097,2.25,0,0,28.96103,0,0
GS,2026-06-09 11:07,열원,A2,5℃,공통,공통,#1,0,0,0,0,0,0,0,4.87,0,4.91,0,0,0,0,0,0,0,0,0,0,0,0,0,0,0,0,0,0,0,0,0,0,0,0,0,24.5,0,0,0,26.1,0,18.7,9.25,0,0,18.1,0,0
GG,2026-06-09 11:07,열원,P1,13℃,저층부,공통,#2,0,0,0,0,0,-2,37.75,5.08,21.52,5.1099997,21.68,0,0,0,0,0,0,0,39.55,4.99,21.039999,4.97,20.93,0,0,0,0,0,0,0,0,0,0,0,0,24.949999,59.5,0,0,25,0,20.35,0,0,0,20.85,0,0
GG,2026-06-09 11:07,열원,P1,13℃,저층부,공통,#3,0,0,0,0,0,0,43.399998,6.15,26.9,6.15,26.9,0,0,0,0,0,0,1,43.6,6.08,26.599998,6.1,26.599998,0,0,0,0,0,0,0,0,0,0,0,0,27,0,0,0,27,0,27.4,0,0,0,27.099998,0,0
GG,2026-06-09 11:07,열원,P1,13℃,저층부,공통,#1,1,1,755,0,0,70,44.3,8.12,35.399998,3.4199998,11.5,0,2,1,772,0,0,74,33.1,7.3399997,32.2,3.23,10.2,0,1,0,1,0,1,1,1,1,0,0,0,27.9,1796.9,0,191,33.5,3392.804,12,1508.8,1,327,18.8,0,0
GG,2026-06-09 11:07,열원,P1,5℃,저층부,공통,#2,1,0,0,0,0,0,40.35,4.95,20.82,4.92,20.66,0,1,0,0,0,0,1,39.1,4.93,20.71,4.98,20.98,0,0,0,1,0,0,1,1,1,0,0,0,24.699999,7,0,0,25.5,0,24.699999,0,0,0,21,0,0
GG,2026-06-09 11:07,열원,P1,5℃,저층부,공통,#3,1,1,682,0,0,15,37.7,6.0699997,26.5,2.3799999,3.6999998,0,1,1,950,0,0,54,42.2,6.72,29.5,2.7,6.2999997,0,1,0,1,0,1,1,1,1,0,0,0,23.699999,1.4,0,272,27.5,2601.2253,6.2999997,904.15,1,185,15,0,0
GG,2026-06-09 11:07,열원,P1,5℃,저층부,공통,#1,1,1,754,0,0,36,44.8,7.39,32.399998,2.56,5.2,0,0,1,1001,0,0,36,45.8,7.99,34.899998,2.82,7.2,0,1,0,1,0,1,1,1,1,0,0,0,29.699999,2076.9,0,285,33.2,2192.2883,7.1,872.3,1,186,14.7,0,0
GG,2026-06-09 11:07,열원,P2,13℃,고층부,공통,#2,1,1,785,0,0,62,39.45,8.23,35.85,3.53,12.28,25,1,1,795,0,0,95,39.149998,7.3599997,32.309998,2.85,7.45,35,1,0,1,0,0,0,0,0,0,0,0,24.4,1766.0625,1,212,31.05,2600.806,14.7,1691.3625,1,309,19.25,0,0
GG,2026-06-09 11:07,열원,P2,13℃,고층부,공통,#3,0,0,0,0,0,0,42.55,4.0899997,15.86,4.0299997,15.49,25,0,0,0,0,0,0,43.649998,4.0499997,15.62,4.06,15.679999,25,0,0,0,0,0,0,0,0,0,0,0,23,30.275,0,0,24,0.7843491,16.35,4.3125,0,0,16.4,0,0
GG,2026-06-09 11:07,열원,P2,13℃,고층부,공통,#1,0,0,0,0,0,0,46.7,3.9299998,14.8,3.85,14.3,25,0,0,0,0,0,0,44.9,3.85,14.3,3.9099998,14.7,50,0,0,0,0,0,0,0,0,0,0,0,23.300001,0,0,0,22.800001,0,15.900001,0,0,0,14.7,0,0
GG,2026-06-09 11:07,열원,P2,13℃,저층부,공통,#2,1,1,765,0,0,100,45.399998,8.2,35.73,2.8,7.0699997,25,1,1,732,0,0,100,41.05,7.43,32.61,2.62,5.67,30,1,0,1,0,0,0,0,0,0,0,0,24.699999,919.45,1,208,30.3,2432.3914,13.15,1690.9313,1,302,17.5,0,0
GG,2026-06-09 11:07,열원,P2,13℃,저층부,공통,#3,0,0,0,0,0,1,46.25,3.83,14.24,3.72,13.53,50,0,0,0,0,0,1,45.8,3.9199998,14.809999,3.8999999,14.679999,50,0,0,0,0,0,0,0,0,0,0,0,24.6,0,0,0,24.85,0,13.099999,0,0,0,14.25,0,0
GG,2026-06-09 11:07,열원,P2,13℃,저층부,공통,#1,1,1,764,0,0,83,42.8,7.48,32.82,2.9199998,7.98,50,1,1,696,0,0,100,36.649998,6.81,29.929998,2.6399999,5.83,55,1,0,1,0,0,0,0,0,0,0,0,25.05,2072.525,1,216,29.3,2768.735,13.65,1840.1438,1,319,18.25,0,0
GG,2026-06-09 11:07,열원,P2,5℃,고층부,공통,#2,0,0,0,0,0,0,48.45,4.36,17.48,4.3399997,17.359999,50,0,0,0,0,0,0,50.2,4.43,17.89,4.5,18.3,40,0,0,0,0,0,0,0,0,0,0,0,23.3,1350.65,0,0,24.449999,0,25.8,0,0,0,18.5,0,0
GG,2026-06-09 11:07,열원,P2,5℃,고층부,공통,#3,0,0,0,0,0,0,40.899998,2.6799998,6.14,2.6599998,5.99,50,0,0,0,0,0,0,41.05,2.83,7.2999997,2.83,7.2999997,65,0,0,0,0,0,0,0,0,0,0,0,20.9,0,0,0,23.75,0,6.2999997,0,0,0,6.6,0,0
GG,2026-06-09 11:07,열원,P2,5℃,고층부,공통,#1,0,0,0,0,0,1,41.3,2.75,6.69,2.82,7.22,25,0,0,0,0,0,0,40.05,2.85,7.45,2.96,8.2699995,100,0,0,0,0,0,0,0,0,0,0,0,21.25,0,0,0,23.8,0.70529515,6.2999997,2.84375,0,0,6.95,0,0
GG,2026-06-09 11:07,열원,P2,5℃,저층부,공통,#2,0,0,0,0,0,0,27.15,3.6599998,13.139999,3.6,12.75,85,0,0,0,0,0,1,44.75,4.08,15.799999,4.04,15.549999,85,0,0,0,0,0,0,0,0,0,0,0,23.3,0,0,0,23.3,0,23.65,0,0,0,16.75,0,0
GG,2026-06-09 11:07,열원,P2,5℃,저층부,공통,#3,0,0,0,0,0,0,47.45,2.9299998,8.05,2.96,8.2699995,100,0,0,0,0,0,0,47.8,3.1799998,9.87,3.4399998,11.67,25,0,0,0,0,0,0,0,0,0,0,0,22.4,0,0,0,24.55,0.042989377,6.75,0.325,0,0,7,0,0
GG,2026-06-09 11:07,열원,P2,5℃,저층부,공통,#1,0,0,0,0,0,0,48.649998,4.42,17.83,4.6,18.869999,25,0,0,0,0,0,0,49.5,4.5499997,18.59,4.6,18.869999,25,0,0,0,0,0,0,0,0,0,0,0,26.15,2800,0,0,27.699999,-7.2625256,26.5,2.7625,0,0,19.199999,0,0
GG,2026-06-09 11:08,열원,P2,5℃,저층부,공통,#1,0,0,0,0,0,0,48.649998,4.42,17.83,4.6,18.869999,25,0,0,0,0,0,0,49.5,4.5499997,18.59,4.61,18.93,25,0,0,0,0,0,0,0,0,0,0,0,26.15,2800,0,0,27.699999,-5.1264887,26.5,1.95,0,0,19.25,0,0
GG,2026-06-09 11:08,열원,P2,5℃,저층부,공통,#3,0,0,0,0,0,0,47.45,2.96,8.2699995,2.96,8.2699995,100,0,0,0,0,0,0,47.8,3.1599998,9.73,3.4499998,11.74,25,0,0,0,0,0,0,0,0,0,0,0,22.4,0,0,0,24.55,0.032242034,6.75,0.24375,0,0,7,0,0
GG,2026-06-09 11:08,열원,P2,5℃,저층부,공통,#2,0,0,0,0,0,0,27.15,3.6399999,13.009999,3.6,12.75,85,0,0,0,0,0,1,44.7,4.08,15.799999,4.04,15.549999,85,0,0,0,0,0,0,0,0,0,0,0,23.3,0,0,0,23.3,0,23.65,0,0,0,16.75,0,0
GG,2026-06-09 11:08,열원,P2,5℃,고층부,공통,#1,0,0,0,0,0,1,41.35,2.75,6.69,2.82,7.22,25,0,0,0,0,0,0,40.05,2.86,7.5299997,2.96,8.2699995,100,0,0,0,0,0,0,0,0,0,0,0,21.25,15.75,0,0,23.8,0.52662027,6.35,2.275,0,0,6.95,0,0
GG,2026-06-09 11:08,열원,P2,5℃,고층부,공통,#3,0,0,0,0,0,0,40.85,2.6799998,6.14,2.6599998,5.99,50,0,0,0,0,0,0,41.1,2.83,7.2999997,2.83,7.2999997,65,0,0,0,0,0,0,0,0,0,0,0,20.9,0,0,0,23.75,0,6.2999997,0,0,0,6.5499997,0,0
GG,2026-06-09 11:08,열원,P2,5℃,고층부,공통,#2,0,0,0,0,0,0,48.45,4.35,17.42,4.3399997,17.359999,50,0,0,0,0,0,0,50.2,4.43,17.89,4.5,18.3,40,0,0,0,0,0,0,0,0,0,0,0,23.25,1349.425,0,0,24.449999,-2.7271414,25.699999,1.1375,0,0,18.449999,0,0
GG,2026-06-09 11:08,열원,P2,13℃,저층부,공통,#1,1,1,763,0,0,83,42.85,7.48,32.82,2.9299998,8.05,50,1,1,697,0,0,100,36.8,6.79,29.84,2.6399999,5.83,55,1,0,1,0,0,0,0,0,0,0,0,24.949999,2027.9,1,216,29.25,2880.8682,13.599999,1873.4938,1,319,18.3,0,0
GG,2026-06-09 11:08,열원,P2,13℃,저층부,공통,#3,0,0,0,0,0,1,46.25,3.84,14.299999,3.72,13.53,50,0,0,0,0,0,1,45.85,3.9199998,14.809999,3.8999999,14.679999,50,0,0,0,0,0,0,0,0,0,0,0,24.65,0,0,0,24.85,0,13.049999,0,0,0,14.299999,0,0
GG,2026-06-09 11:08,열원,P2,13℃,저층부,공통,#2,1,1,766,0,0,100,45.399998,8.09,35.29,2.76,6.7599998,25,1,1,730,0,0,100,41,7.2999997,32.059998,2.59,5.43,30,1,0,1,0,0,0,0,0,0,0,0,24.65,1062.075,1,208,30.199999,2405.2502,13.2,1691.5062,1,300,17.55,0,0
GG,2026-06-09 11:08,열원,P2,13℃,고층부,공통,#1,0,0,0,0,0,0,46.7,3.9299998,14.8,3.85,14.3,25,0,0,0,0,0,0,44.9,3.85,14.3,3.9099998,14.7,50,0,0,0,0,0,0,0,0,0,0,0,23.300001,0,0,0,22.800001,0,15.900001,0,0,0,14.7,0,0
GG,2026-06-09 11:08,열원,P2,13℃,고층부,공통,#3,0,0,0,0,0,0,42.55,4.08,15.799999,4.0299997,15.49,25,0,0,0,0,0,0,43.7,4.0499997,15.62,4.0499997,15.62,25,0,0,0,0,0,0,0,0,0,0,0,23.05,17.85,0,0,23.949999,0.7320592,16.35,4.025,0,0,16.4,0,0
GG,2026-06-09 11:08,열원,P2,13℃,고층부,공통,#2,1,1,791,0,0,62,39.35,8.29,36.079998,3.53,12.28,25,1,1,798,0,0,95,39.149998,7.39,32.44,2.85,7.45,35,1,0,1,0,0,0,0,0,0,0,0,24.65,1781.0625,1,212,31.25,2585.5537,14.7,1681.4437,1,308,19.25,0,0
GG,2026-06-09 11:08,열원,P1,5℃,저층부,공통,#1,1,1,757,0,0,36,44.8,7.39,32.399998,2.56,5.2,0,0,1,997,0,0,36,45.7,7.99,34.899998,2.82,7.2,0,1,0,1,0,1,1,1,1,0,0,0,29.8,2067.8,0,285,33.3,2191.654,7.1,883.675,1,186,14.599999,0,0
GG,2026-06-09 11:08,열원,P1,5℃,저층부,공통,#3,1,1,682,0,0,14,37.8,6.0499997,26.4,2.3799999,3.6999998,0,1,1,950,0,0,54,42.2,6.7,29.4,2.7,6.2999997,0,1,0,1,0,1,1,1,1,0,0,0,23.8,3.5,0,272,27.599998,2600.2903,6.2999997,903.825,1,185,15,0,0
GG,2026-06-09 11:08,열원,P1,5℃,저층부,공통,#2,1,0,0,0,0,0,40.35,4.96,20.869999,4.93,20.71,0,1,0,0,0,0,1,39.1,4.96,20.869999,4.98,20.98,0,0,0,1,0,0,1,1,1,0,0,0,24.699999,7,0,0,25.5,-2.0151289,24.75,1.625,0,0,21,0,0
GG,2026-06-09 11:08,열원,P1,13℃,저층부,공통,#1,1,1,756,0,0,70,44.3,8.12,35.399998,3.4199998,11.5,0,2,1,771,0,0,74,33.1,7.3399997,32.2,3.23,10.2,0,1,0,1,0,1,1,1,1,0,0,0,27.9,1801.8,0,192,33.5,3407.0269,12,1515.125,1,327,18.8,0,0
GG,2026-06-09 11:08,열원,P1,13℃,저층부,공통,#3,0,0,0,0,0,0,43.399998,6.15,26.9,6.15,26.9,0,0,0,0,0,0,1,43.6,6.08,26.599998,6.1,26.599998,0,0,0,0,0,0,0,0,0,0,0,0,27,0,0,0,27,0,27.4,0,0,0,27.099998,0,0
GG,2026-06-09 11:08,열원,P1,13℃,저층부,공통,#2,0,0,0,0,0,-2,37.75,5.08,21.52,5.1099997,21.68,0,0,0,0,0,0,0,39.6,4.99,21.039999,4.99,21.039999,0,0,0,0,0,0,0,0,0,0,0,0,24.949999,57.4,0,0,24.949999,0,20.4,0,0,0,20.85,0,0
GS,2026-06-09 11:08,열원,A2,5℃,공통,공통,#1,0,0,0,0,0,0,0,4.87,0,4.91,0,0,0,0,0,0,0,0,0,0,0,0,0,0,0,0,0,0,0,0,0,0,0,0,0,24.5,0,0,0,26.1,0,18.7,9,0,0,18.1,0,0
GS,2026-06-09 11:08,열원,A2,5℃,공통,공통,#3,0,0,0,0,0,0,0,0.38352695,0,1.8575077,0,0,0,0,0,0,0,0,0,0,0,0,0,0,0,0,0,0,0,0,0,0,0,0,0,29.697948,3.3,0,0,28.797634,0,29.028097,2.25,0,0,28.96103,0,0
GS,2026-06-09 11:08,열원,A2,5℃,공통,공통,#2,0,0,0,0,0,1,0,-0.2645728,0,21.474396,0,0,0,0,0,0,0,0,0,0,0,0,0,0,0,0,0,0,0,0,0,0,0,0,0,25.562069,0,0,0,23.020535,0,19.599224,1.25,0,0,18.278187,0,0
GS,2026-06-09 11:08,열원,A2,13℃,공통,공통,#1,0,0,0,0,0,0,0,0.4723059,0,0.0928772,0,0,0,0,0,0,0,0,0,0,0,0,0,0,0,0,0,0,0,0,0,0,0,0,0,28.983776,0,0,0,28.640356,0,21.940334,6.5,0,0,21.074137,0,0
GS,2026-06-09 11:08,열원,A2,13℃,공통,공통,#3,0,0,0,0,0,0,0,-0.17037296,0,3.8078926,0,0,0,0,0,0,0,0,0,0,0,0,0,0,0,0,0,0,0,0,0,0,0,0,0,30.054195,3.3,0,0,29.681486,0,29.126678,3.75,0,0,29.151419,0,0
GS,2026-06-09 11:08,열원,A2,13℃,공통,공통,#2,0,0,0,0,0,0,0,0.5053053,0,4.7828317,0,0,0,0,0,0,0,0,0,0,0,0,0,0,0,0,0,0,0,0,0,0,0,0,0,28.305614,506.275,0,0,27.980938,0,22.103565,0.25,0,0,21.209059,0,0
GS,2026-06-09 11:08,열원,A1,5℃,공통,공통,#1,1,1,1004,0,0,49,39.75,6.5899997,28.949999,2.26,2.69,0,1,1,0,0,0,28,39.95,6.3799996,27.99,2.23,2.45,0,1,0,1,0,0,0,0,0,0,0,0,24.3,1581.875,1,180,28.4,0,4.9,665,1,119,13.15,0,0
GS,2026-06-09 11:08,열원,A1,5℃,공통,공통,#3,1,0,0,0,0,0,41.35,5.14,21.84,5.15,21.89,0,1,0,0,0,0,0,40.149998,5.1,21.619999,5.0699997,21.46,0,1,0,0,0,0,0,0,0,0,0,0,27.15,20,0,0,28.849998,0,21.4,9.25,0,0,21.25,0,0
GS,2026-06-09 11:08,열원,A1,5℃,공통,공통,#2,1,1,588,0,0,65,39.9,6.57,28.8,2.57,5.3,0,1,0,0,0,0,0,0,0,0,0,0,0,1,0,1,0,0,0,0,0,0,0,0,23.6,897.75,1,70,26.9,0,5.5,347.375,1,69,13.7,0,0
GS,2026-06-09 11:09,열원,A1,5℃,공통,공통,#2,1,1,590,0,0,65,39.9,6.57,28.8,2.57,5.3,0,1,0,0,0,0,0,0,0,0,0,0,0,1,0,1,0,0,0,0,0,0,0,0,23.6,907.875,1,70,26.9,0,5.4,348.625,1,69,13.6,0,0
GS,2026-06-09 11:09,열원,A1,5℃,공통,공통,#3,1,0,0,0,0,0,41.35,5.14,21.84,5.16,21.939999,0,1,0,0,0,0,0,40.149998,5.1,21.619999,5.08,21.52,0,1,0,0,0,0,0,0,0,0,0,0,27.15,20,0,0,28.849998,0,21.35,14.5,0,0,21.25,0,0
GS,2026-06-09 11:09,열원,A1,5℃,공통,공통,#1,1,1,1005,0,0,49,39.8,6.6,28.99,2.26,2.69,0,1,1,0,0,0,28,39.95,6.3799996,27.99,2.22,2.36,0,1,0,1,0,0,0,0,0,0,0,0,24.3,1595,1,180,28.449999,0,4.9,673.75,1,119,13.15,0,0
GS,2026-06-09 11:09,열원,A2,13℃,공통,공통,#2,0,0,0,0,0,0,0,0.5053053,0,4.7828317,0,0,0,0,0,0,0,0,0,0,0,0,0,0,0,0,0,0,0,0,0,0,0,0,0,28.305614,506.275,0,0,27.980938,0,22.103565,0.5,0,0,21.209059,0,0
GS,2026-06-09 11:09,열원,A2,13℃,공통,공통,#3,0,0,0,0,0,0,0,-0.17037296,0,3.8078926,0,0,0,0,0,0,0,0,0,0,0,0,0,0,0,0,0,0,0,0,0,0,0,0,0,30.054195,3.3,0,0,29.681486,0,29.126678,3.75,0,0,29.151419,0,0
GS,2026-06-09 11:09,열원,A2,13℃,공통,공통,#1,0,0,0,0,0,0,0,0.4723059,0,0.0928772,0,0,0,0,0,0,0,0,0,0,0,0,0,0,0,0,0,0,0,0,0,0,0,0,0,28.983776,0,0,0,28.640356,0,21.940334,6.75,0,0,21.074137,0,0
GS,2026-06-09 11:09,열원,A2,5℃,공통,공통,#2,0,0,0,0,0,1,0,-0.2645728,0,21.546864,0,0,0,0,0,0,0,0,0,0,0,0,0,0,0,0,0,0,0,0,0,0,0,0,0,25.562069,0,0,0,23.020535,0,19.599224,1.25,0,0,18.301907,0,0
GS,2026-06-09 11:09,열원,A2,5℃,공통,공통,#3,0,0,0,0,0,0,0,0.38352695,0,1.8575077,0,0,0,0,0,0,0,0,0,0,0,0,0,0,0,0,0,0,0,0,0,0,0,0,0,29.697948,3.575,0,0,28.797634,0,29.028097,2.25,0,0,28.96103,0,0
GS,2026-06-09 11:09,열원,A2,5℃,공통,공통,#1,0,0,0,0,0,0,0,4.87,0,4.91,0,0,0,0,0,0,0,0,0,0,0,0,0,0,0,0,0,0,0,0,0,0,0,0,0,24.5,0,0,0,26.2,0,18.7,9.25,0,0,18.1,0,0
GG,2026-06-09 11:09,열원,P1,13℃,저층부,공통,#2,0,0,0,0,0,-2,37.7,5.08,21.52,5.1099997,21.68,0,0,0,0,0,0,0,39.6,4.97,20.93,4.96,20.869999,0,0,0,0,0,0,0,0,0,0,0,0,24.949999,39.9,0,0,25,0,20.35,0,0,0,20.85,0,0
GG,2026-06-09 11:09,열원,P1,13℃,저층부,공통,#3,0,0,0,0,0,0,43.399998,6.15,26.9,6.15,26.9,0,0,0,0,0,0,1,43.6,6.08,26.599998,6.1,26.599998,0,0,0,0,0,0,0,0,0,0,0,0,27,0,0,0,27,0,27.4,0,0,0,27.099998,0,0
GG,2026-06-09 11:09,열원,P1,13℃,저층부,공통,#1,1,1,754,0,0,70,44.3,8.16,35.5,3.4199998,11.5,0,2,1,769,0,0,74,33.2,7.37,32.3,3.23,10.2,0,1,0,1,0,1,1,1,1,0,0,0,27.9,1799.7,0,191,33.5,3387.6318,12,1506.5,1,327,18.8,0,0
GG,2026-06-09 11:09,열원,P1,5℃,저층부,공통,#2,1,0,0,0,0,0,40.3,4.96,20.869999,4.93,20.71,0,1,0,0,0,0,1,39.1,4.94,20.77,4.98,20.98,0,0,0,1,0,0,1,1,1,0,0,0,24.699999,14,0,0,25.55,0,24.699999,0,0,0,21,0,0
GG,2026-06-09 11:09,열원,P1,5℃,저층부,공통,#3,1,1,668,0,0,12,37.899998,6.0499997,26.4,2.3899999,3.8,0,1,1,948,0,0,54,42.2,6.72,29.5,2.7,6.2999997,0,1,0,1,0,1,1,1,1,0,0,0,23.8,2.1,0,272,27.599998,2559.3105,6.2999997,899.925,1,184,14.9,0,0
GG,2026-06-09 11:09,열원,P1,5℃,저층부,공통,#1,1,1,758,0,0,36,44.7,7.4199996,32.5,2.56,5.2,0,0,1,994,0,0,36,45.6,8.0199995,35,2.8,7.1,0,1,0,1,0,1,1,1,1,0,0,0,29.9,2030.7,0,285,33.399998,2248.6472,7,894.725,1,186,14.599999,0,0
GG,2026-06-09 11:09,열원,P2,13℃,고층부,공통,#2,1,1,791,0,0,62,39.3,8.26,35.96,3.52,12.21,25,1,1,799,0,0,95,39.1,7.37,32.35,2.84,7.37,35,1,0,1,0,0,0,0,0,0,0,0,24.699999,1776.75,1,212,31.3,2589.5325,14.7,1684.0312,1,308,19.25,0,0
GG,2026-06-09 11:09,열원,P2,13℃,고층부,공통,#3,0,0,0,0,0,0,42.5,4.0899997,15.86,4.0299997,15.49,25,0,0,0,0,0,0,43.7,4.0499997,15.62,4.06,15.679999,25,0,0,0,0,0,0,0,0,0,0,0,23.05,22.4,0,0,23.949999,0.7582041,16.35,4.16875,0,0,16.4,0,0
GG,2026-06-09 11:09,열원,P2,13℃,고층부,공통,#1,0,0,0,0,0,0,46.8,3.9299998,14.8,3.85,14.3,25,0,0,0,0,0,0,44.9,3.85,14.3,3.9099998,14.7,50,0,0,0,0,0,0,0,0,0,0,0,23.300001,0,0,0,22.800001,0,15.900001,0,0,0,14.7,0,0
GG,2026-06-09 11:09,열원,P2,13℃,저층부,공통,#2,1,1,753,0,0,100,45.399998,8.0199995,35.02,2.74,6.6099997,25,1,1,722,0,0,100,41.05,7.24,31.8,2.57,5.27,30,1,0,1,0,0,0,0,0,0,0,0,24.3,945,1,208,29.65,2467.3372,13.2,1699.8438,1,300,17.6,0,0
GG,2026-06-09 11:09,열원,P2,13℃,저층부,공통,#3,0,0,0,0,0,1,46.25,3.84,14.299999,3.7099998,13.469999,50,0,0,0,0,0,1,45.85,3.9199998,14.809999,3.9099998,14.74,50,0,0,0,0,0,0,0,0,0,0,0,24.65,0,0,0,24.85,0,13.099999,0,0,0,14.299999,0,0
GG,2026-06-09 11:09,열원,P2,13℃,저층부,공통,#1,1,1,761,0,0,83,42.8,7.45,32.69,2.9199998,7.98,50,1,1,695,0,0,100,36.95,6.79,29.84,2.6399999,5.83,55,1,0,1,0,0,0,0,0,0,0,0,24.9,2010.4,1,216,29.199999,2856.2134,13.599999,1831.2312,1,319,18.3,0,0
GG,2026-06-09 11:09,열원,P2,5℃,고층부,공통,#2,0,0,0,0,0,0,48.5,4.36,17.48,4.3399997,17.359999,50,0,0,0,0,0,0,50.2,4.42,17.83,4.5099998,18.359999,40,0,0,0,0,0,0,0,0,0,0,0,23.15,1350.3,0,0,24.5,-1.3635707,25.75,0.73125,0,0,18.449999,0,0
GG,2026-06-09 11:09,열원,P2,5℃,고층부,공통,#3,0,0,0,0,0,0,40.8,2.69,6.22,2.6599998,5.99,50,0,0,0,0,0,0,41.1,2.83,7.2999997,2.83,7.2999997,65,0,0,0,0,0,0,0,0,0,0,0,20.85,0,0,0,23.75,0,6.2999997,0,0,0,6.5499997,0,0
GG,2026-06-09 11:09,열원,P2,5℃,고층부,공통,#1,0,0,0,0,0,1,41.35,2.76,6.7599998,2.82,7.22,25,0,0,0,0,0,0,40,2.85,7.45,2.96,8.2699995,100,0,0,0,0,0,0,0,0,0,0,0,21.3,5.95,0,0,23.85,0.5440848,6.2999997,2.19375,0,0,6.95,0,0
GG,2026-06-09 11:09,열원,P2,5℃,저층부,공통,#2,0,0,0,0,0,0,27.15,3.6499999,13.07,3.59,12.679999,85,0,0,0,0,0,1,44.75,4.0899997,15.86,4.04,15.549999,85,0,0,0,0,0,0,0,0,0,0,0,23.3,0,0,0,23.3,0,23.65,0,0,0,16.75,0,0
GG,2026-06-09 11:09,열원,P2,5℃,저층부,공통,#3,0,0,0,0,0,0,47.45,2.95,8.2,2.97,8.349999,100,0,0,0,0,0,0,47.8,3.1599998,9.73,3.4499998,11.74,25,0,0,0,0,0,0,0,0,0,0,0,22.4,0,0,0,24.55,0.028211799,6.7999997,0.40625,0,0,7,0,0
GG,2026-06-09 11:09,열원,P2,5℃,저층부,공통,#1,0,0,0,0,0,0,48.649998,4.42,17.83,4.62,18.99,25,0,0,0,0,0,0,49.5,4.5699997,18.699999,4.6,18.869999,25,0,0,0,0,0,0,0,0,0,0,0,26.15,2800,0,0,27.65,-7.6413684,26.5,2.84375,0,0,19.25,0,0
GG,2026-06-09 11:10,열원,P2,13℃,저층부,공통,#1,1,1,761,0,0,83,42.85,7.46,32.73,2.9199998,7.98,50,1,1,694,0,0,100,37.05,6.7799997,29.8,2.6399999,5.83,55,1,0,1,0,0,0,0,0,0,0,0,24.85,2046.275,1,217,29.15,2881.7522,13.65,1901.525,1,319,18.3,0,0
GG,2026-06-09 11:10,열원,P2,13℃,저층부,공통,#3,0,0,0,0,0,1,46.3,3.84,14.299999,3.72,13.53,50,0,0,0,0,0,1,45.85,3.9199998,14.809999,3.8999999,14.679999,50,0,0,0,0,0,0,0,0,0,0,0,24.65,0,0,0,24.85,0,13.099999,0,0,0,14.25,0,0
GG,2026-06-09 11:10,열원,P2,13℃,저층부,공통,#2,1,1,753,0,0,100,45.35,8,34.94,2.74,6.6099997,25,1,1,720,0,0,100,41.05,7.23,31.76,2.57,5.27,30,1,0,1,0,0,0,0,0,0,0,0,24.15,1618.575,1,208,29.599998,2436.6936,13.15,1678.8562,1,301,17.6,0,0
GG,2026-06-09 11:10,열원,P2,13℃,고층부,공통,#1,0,0,0,0,0,0,46.8,3.9299998,14.8,3.85,14.3,25,0,0,0,0,0,0,44.8,3.85,14.3,3.9099998,14.7,50,0,0,0,0,0,0,0,0,0,0,0,23.300001,0,0,0,22.800001,0,15.900001,0,0,0,14.7,0,0
GG,2026-06-09 11:10,열원,P2,13℃,고층부,공통,#3,0,0,0,0,0,0,42.5,4.0899997,15.86,4.0299997,15.49,25,0,0,0,0,0,0,43.75,4.0499997,15.62,4.06,15.679999,25,0,0,0,0,0,0,0,0,0,0,0,23.05,34.825,0,0,23.949999,0.7843491,16.35,4.3125,0,0,16.4,0,0
GG,2026-06-09 11:10,열원,P2,13℃,고층부,공통,#2,1,1,789,0,0,63,39.3,8.25,35.92,3.52,12.21,25,1,1,801,0,0,95,39.1,7.3599997,32.309998,2.84,7.37,35,1,0,1,0,0,0,0,0,0,0,0,24.65,1767.1875,1,212,31.25,2583.1223,14.7,1679.8625,1,308,19.25,0,0
GG,2026-06-09 11:10,열원,P1,5℃,저층부,공통,#1,1,1,763,0,0,36,44.8,7.45,32.7,2.57,5.2999997,0,0,1,998,0,0,34,45.399998,8.04,35.1,2.82,7.2,0,1,0,1,0,1,1,1,1,0,0,0,30,2068.5,0,284,33.5,2187.0867,7.1,893.75,1,186,14.5,0,0
GG,2026-06-09 11:10,열원,P1,5℃,저층부,공통,#3,1,1,662,0,0,11,38.1,6.0299997,26.3,2.3899999,3.8,0,1,1,949,0,0,53,42.2,6.72,29.5,2.69,6.2,0,1,0,1,0,1,1,1,1,0,0,0,23.9,0,0,272,27.599998,2520.4158,6.3999996,896.675,1,185,14.9,0,0
GG,2026-06-09 11:10,열원,P1,5℃,저층부,공통,#2,1,0,0,0,0,0,40.3,4.94,20.77,4.93,20.71,0,1,0,0,0,0,1,39.05,4.91,20.6,4.98,20.98,0,0,0,1,0,0,1,1,1,0,0,0,24.699999,21.7,0,0,25.5,-4.0302577,24.699999,3.25,0,0,20.949999,0,0
GG,2026-06-09 11:10,열원,P1,13℃,저층부,공통,#1,1,1,755,0,0,70,44.3,8.17,35.6,3.4199998,11.5,0,2,1,770,0,0,74,33.2,7.39,32.399998,3.23,10.2,0,1,0,1,0,1,1,1,1,0,0,0,28,1795.5,0,191,33.6,3359.4717,12.099999,1516.275,1,327,18.8,0,0
GG,2026-06-09 11:10,열원,P1,13℃,저층부,공통,#3,0,0,0,0,0,0,43.399998,6.15,26.9,6.15,26.9,0,0,0,0,0,0,1,43.6,6.08,26.599998,6.1,26.599998,0,0,0,0,0,0,0,0,0,0,0,0,27,0,0,0,27,0,27.4,0,0,0,27.099998,0,0
GG,2026-06-09 11:10,열원,P1,13℃,저층부,공통,#2,0,0,0,0,0,-2,37.75,5.08,21.52,5.1099997,21.68,0,0,0,0,0,0,0,39.649998,4.96,20.869999,5,21.09,0,0,0,0,0,0,0,0,0,0,0,0,24.949999,52.5,0,0,25,0.038029246,20.35,1.15,0,0,20.9,0,0
GS,2026-06-09 11:10,열원,A2,5℃,공통,공통,#1,0,0,0,0,0,0,0,4.87,0,4.91,0,0,0,0,0,0,0,0,0,0,0,0,0,0,0,0,0,0,0,0,0,0,0,0,0,24.5,0,0,0,26.1,0,18.7,9.25,0,0,18.1,0,0
GS,2026-06-09 11:10,열원,A2,5℃,공통,공통,#3,0,0,0,0,0,0,0,0.38352695,0,1.8575077,0,0,0,0,0,0,0,0,0,0,0,0,0,0,0,0,0,0,0,0,0,0,0,0,0,29.697948,3.575,0,0,28.797634,0,29.028097,2.25,0,0,28.96103,0,0
GS,2026-06-09 11:10,열원,A2,5℃,공통,공통,#2,0,0,0,0,0,1,0,-0.2645728,0,21.512117,0,0,0,0,0,0,0,0,0,0,0,0,0,0,0,0,0,0,0,0,0,0,0,0,0,25.562069,0,0,0,23.02087,0,19.599224,1.25,0,0,18.327757,0,0
GS,2026-06-09 11:10,열원,A2,13℃,공통,공통,#1,0,0,0,0,0,0,0,0.4723059,0,0.0928772,0,0,0,0,0,0,0,0,0,0,0,0,0,0,0,0,0,0,0,0,0,0,0,0,0,28.983776,0,0,0,28.640356,0,21.940334,6.75,0,0,21.074137,0,0
GS,2026-06-09 11:10,열원,A2,13℃,공통,공통,#3,0,0,0,0,0,0,0,-0.17037296,0,3.8078926,0,0,0,0,0,0,0,0,0,0,0,0,0,0,0,0,0,0,0,0,0,0,0,0,0,30.054195,3.3,0,0,29.681486,0,29.126678,3.75,0,0,29.151419,0,0
GS,2026-06-09 11:10,열원,A2,13℃,공통,공통,#2,0,0,0,0,0,0,0,0.5053053,0,4.7828317,0,0,0,0,0,0,0,0,0,0,0,0,0,0,0,0,0,0,0,0,0,0,0,0,0,28.305614,506.55,0,0,27.980938,0,22.103565,0.5,0,0,21.209059,0,0
GS,2026-06-09 11:10,열원,A1,5℃,공통,공통,#1,1,1,1006,0,0,49,39.85,6.62,29.09,2.27,2.77,0,1,1,0,0,0,28,40,6.3999996,28.08,2.25,2.62,0,1,0,1,0,0,0,0,0,0,0,0,24.35,1548.75,1,181,28.5,0,4.95,668.25,1,118,13.099999,0,0
GS,2026-06-09 11:10,열원,A1,5℃,공통,공통,#3,1,0,0,0,0,0,41.399998,5.15,21.89,5.15,21.89,0,1,0,0,0,0,0,40.1,5.1,21.619999,5.08,21.52,0,1,0,1,0,0,0,0,0,0,0,0,27.15,20.625,0,0,28.849998,0,21.4,13.75,0,0,21.25,0,0
GS,2026-06-09 11:10,열원,A1,5℃,공통,공통,#2,1,1,585,0,0,65,39.9,6.59,28.9,2.57,5.3,0,1,0,0,0,0,0,0,0,0,0,0,0,1,0,1,0,0,0,0,0,0,0,0,23.7,899.625,1,70,26.9,0,5.4,361.5,1,69,13.6,0,0
GG,2026-06-09 11:10,열원,P2,5℃,고층부,공통,#2,0,0,0,0,0,0,48.45,4.36,17.48,4.36,17.48,50,0,0,0,0,0,0,50.2,4.44,17.949999,4.5099998,18.359999,40,0,0,0,0,0,0,0,0,0,0,0,23.3,1346.8,0,0,24.449999,-2.3214283,25.699999,0.89375,0,0,18.5,0,0
GG,2026-06-09 11:10,열원,P2,5℃,고층부,공통,#3,0,0,0,0,0,0,40.8,2.6799998,6.14,2.6699998,6.06,50,0,0,0,0,0,0,41.1,2.82,7.22,2.83,7.2999997,65,0,0,0,0,0,0,0,0,0,0,0,20.85,0,0,0,23.75,0,6.2999997,0,0,0,6.5499997,0,0
GG,2026-06-09 11:10,열원,P2,5℃,고층부,공통,#1,0,0,0,0,0,1,41.35,2.75,6.69,2.82,7.22,25,0,0,0,0,0,0,40,2.86,7.5299997,2.96,8.2699995,100,0,0,0,0,0,0,0,0,0,0,0,21.25,5.95,0,0,23.85,0.6851439,6.2999997,2.7625,0,0,6.95,0,0
GG,2026-06-09 11:10,열원,P2,5℃,저층부,공통,#2,0,0,0,0,0,0,27.15,3.6499999,13.07,3.6,12.75,85,0,0,0,0,0,1,44.75,4.0699997,15.74,4.0499997,15.62,85,0,0,0,0,0,0,0,0,0,0,0,23.3,0,0,0,23.35,0,23.65,0,0,0,16.8,0,0
GG,2026-06-09 11:10,열원,P2,5℃,저층부,공통,#3,0,0,0,0,0,0,47.5,2.95,8.2,2.96,8.2699995,100,0,0,0,0,0,0,47.8,3.1599998,9.73,3.46,11.809999,25,0,0,0,0,0,0,0,0,0,0,0,22.4,0,0,0,24.6,0.075231455,6.7999997,0,0,0,7,0,0
GG,2026-06-09 11:10,열원,P2,5℃,저층부,공통,#1,0,0,0,0,0,0,48.649998,4.41,17.779999,4.61,18.93,25,0,0,0,0,0,0,49.5,4.5499997,18.59,4.61,18.93,25,0,0,0,0,0,0,0,0,0,0,0,26.15,2800,0,0,27.699999,-11.961807,26.5,3.00625,0,0,19.199999,0,0
GG,2026-06-09 11:11,열원,P2,5℃,저층부,공통,#1,0,0,0,0,0,0,48.649998,4.43,17.89,4.61,18.93,25,0,0,0,0,0,0,49.5,4.5499997,18.59,4.61,18.93,25,0,0,0,0,0,0,0,0,0,0,0,26.199999,2800,0,0,27.65,-4.4856772,26.5,1.70625,0,0,19.199999,0,0
GG,2026-06-09 11:11,열원,P2,5℃,고층부,공통,#3,0,0,0,0,0,0,40.8,2.69,6.22,2.6699998,6.06,50,0,0,0,0,0,0,41.149998,2.83,7.2999997,2.83,7.2999997,65,0,0,0,0,0,0,0,0,0,0,0,20.85,0,0,0,23.75,0,6.2999997,0,0,0,6.5499997,0,0
GG,2026-06-09 11:11,열원,P2,5℃,고층부,공통,#1,0,0,0,0,0,1,41.35,2.75,6.69,2.82,7.22,25,0,0,0,0,0,0,40,2.85,7.45,2.96,8.2699995,100,0,0,0,0,0,0,0,0,0,0,0,21.25,13.475,0,0,23.85,0.5843874,6.2999997,2.35625,0,0,6.95,0,0
GS,2026-06-09 11:11,열원,A1,5℃,공통,공통,#2,1,1,589,0,0,65,39.9,6.59,28.9,2.57,5.3,0,1,0,0,0,0,0,0,0,0,0,0,0,1,0,1,0,0,0,0,0,0,0,0,23.7,906,1,70,27,0,5.4,353.625,1,69,13.6,0,0
GS,2026-06-09 11:11,열원,A1,5℃,공통,공통,#3,1,0,0,0,0,0,41.45,5.14,21.84,5.16,21.939999,0,1,0,0,0,0,0,40.1,5.1,21.619999,5.08,21.52,0,1,0,1,0,0,0,0,0,0,0,0,27.099998,20,0,0,28.849998,0,21.4,11.75,0,0,21.3,0,0
GS,2026-06-09 11:11,열원,A1,5℃,공통,공통,#1,1,1,1005,0,0,49,39.85,6.6099997,29.039999,2.27,2.77,0,1,1,0,0,0,28,40.05,6.3999996,28.08,2.23,2.45,0,1,0,1,0,0,0,0,0,0,0,0,24.4,1611.25,1,180,28.5,0,4.9,655.75,1,120,13.15,0,0
GS,2026-06-09 11:11,열원,A2,13℃,공통,공통,#2,0,0,0,0,0,0,0,0.5053053,0,4.7828317,0,0,0,0,0,0,0,0,0,0,0,0,0,0,0,0,0,0,0,0,0,0,0,0,0,28.305614,505.175,0,0,27.980938,0,22.103565,0.5,0,0,21.209059,0,0
GS,2026-06-09 11:11,열원,A2,13℃,공통,공통,#3,0,0,0,0,0,0,0,-0.17037296,0,3.8078926,0,0,0,0,0,0,0,0,0,0,0,0,0,0,0,0,0,0,0,0,0,0,0,0,0,30.054195,3.3,0,0,29.681486,0,29.126678,3.75,0,0,29.151419,0,0
GS,2026-06-09 11:11,열원,A2,13℃,공통,공통,#1,0,0,0,0,0,0,0,0.4723059,0,0.0928772,0,0,0,0,0,0,0,0,0,0,0,0,0,0,0,0,0,0,0,0,0,0,0,0,0,28.983776,0,0,0,28.640356,0,21.940334,7,0,0,21.074137,0,0
GS,2026-06-09 11:11,열원,A2,5℃,공통,공통,#2,0,0,0,0,0,1,0,-0.2645728,0,21.48371,0,0,0,0,0,0,0,0,0,0,0,0,0,0,0,0,0,0,0,0,0,0,0,0,0,25.562069,0,0,0,23.020535,0,19.599224,1.25,0,0,18.475082,0,0
GS,2026-06-09 11:11,열원,A2,5℃,공통,공통,#3,0,0,0,0,0,0,0,0.38352695,0,1.8575077,0,0,0,0,0,0,0,0,0,0,0,0,0,0,0,0,0,0,0,0,0,0,0,0,0,29.697948,3.3,0,0,28.797634,0,29.028097,2.5,0,0,28.96103,0,0
GS,2026-06-09 11:11,열원,A2,5℃,공통,공통,#1,0,0,0,0,0,0,0,4.87,0,4.91,0,0,0,0,0,0,0,0,0,0,0,0,0,0,0,0,0,0,0,0,0,0,0,0,0,24.5,0,0,0,26.1,0,18.7,9,0,0,18.1,0,0
GG,2026-06-09 11:11,열원,P2,5℃,저층부,공통,#3,0,0,0,0,0,0,47.5,2.96,8.2699995,2.96,8.2699995,100,0,0,0,0,0,0,47.8,3.1599998,9.73,3.46,11.809999,25,0,0,0,0,0,0,0,0,0,0,0,22.4,0,0,0,24.55,0.056423597,6.7999997,0.4875,0,0,7,0,0
GG,2026-06-09 11:11,열원,P1,13℃,저층부,공통,#2,0,0,0,0,0,-2,37.7,5.08,21.52,5.1099997,21.68,0,0,0,0,0,0,0,39.6,4.99,21.039999,4.99,21.039999,0,0,0,0,0,0,0,0,0,0,0,0,24.949999,53.2,0,0,25,0.057044957,20.4,3.45,0,0,20.85,0,0
GG,2026-06-09 11:11,열원,P1,13℃,저층부,공통,#3,0,0,0,0,0,0,43.399998,6.15,26.9,6.15,26.9,0,0,0,0,0,0,1,43.6,6.08,26.599998,6.1,26.599998,0,0,0,0,0,0,0,0,0,0,0,0,27,0,0,0,27,0,27.4,0,0,0,27.099998,0,0
GG,2026-06-09 11:11,열원,P1,13℃,저층부,공통,#1,1,1,754,0,0,70,44.3,8.16,35.5,3.4199998,11.5,0,2,1,770,0,0,74,33.3,7.39,32.399998,3.23,10.2,0,1,0,1,0,1,1,1,1,0,0,0,28,1798.3,0,191,33.7,3351.8276,12.099999,1512.825,1,326,18.8,0,0
GG,2026-06-09 11:11,열원,P1,5℃,저층부,공통,#2,1,0,0,0,0,0,40.3,4.97,20.93,4.93,20.71,0,1,0,0,0,0,1,39,4.92,20.66,4.98,20.98,0,0,0,1,0,0,1,1,1,0,0,0,24.699999,11.2,0,0,25.55,0,24.699999,0,0,0,20.9,0,0
GG,2026-06-09 11:11,열원,P1,5℃,저층부,공통,#3,1,1,649,0,0,11,38.1,6.0299997,26.3,2.4099998,4,0,1,1,941,0,0,48,42.1,6.69,29.4,2.7,6.2999997,0,1,0,1,0,1,1,1,1,0,0,0,23.9,3.5,0,272,27.599998,2509.7222,6.3999996,903.5,1,184,14.799999,0,0
GG,2026-06-09 11:11,열원,P1,5℃,저층부,공통,#1,1,1,766,0,0,36,44.8,7.52,33,2.59,5.4,0,0,1,971,0,0,27,46.399998,8.04,35.1,2.85,7.3999996,0,1,0,1,0,1,1,1,1,0,0,0,30.199999,2058,0,284,33.6,2146.5476,7.2,889.2,1,186,14.5,0,0
GG,2026-06-09 11:11,열원,P2,13℃,고층부,공통,#2,1,1,788,0,0,62,39.25,8.2699995,36,3.53,12.28,25,1,1,795,0,0,95,39.05,7.3999996,32.48,2.84,7.37,35,1,0,1,0,0,0,0,0,0,0,0,24.699999,1718.4375,1,211,31.3,2564.0928,14.7,1685.6125,1,308,19.25,0,0
GG,2026-06-09 11:11,열원,P2,13℃,고층부,공통,#3,0,0,0,0,0,0,42.45,4.08,15.799999,4.02,15.429999,25,0,0,0,0,0,0,43.75,4.0499997,15.62,4.0499997,15.62,25,0,0,0,0,0,0,0,0,0,0,0,23.05,34.65,0,0,23.949999,0.57518935,16.35,3.1625,0,0,16.4,0,0
GG,2026-06-09 11:11,열원,P2,13℃,고층부,공통,#1,0,0,0,0,0,0,46.8,3.9299998,14.8,3.85,14.3,25,0,0,0,0,0,0,44.8,3.85,14.3,3.9099998,14.7,50,0,0,0,0,0,0,0,0,0,0,0,23.300001,0,0,0,22.800001,0,15.900001,0,0,0,14.7,0,0
GG,2026-06-09 11:11,열원,P2,5℃,저층부,공통,#2,0,0,0,0,0,0,27.15,3.6399999,13.009999,3.6,12.75,85,0,0,0,0,0,1,44.75,4.08,15.799999,4.04,15.549999,85,0,0,0,0,0,0,0,0,0,0,0,23.3,0,0,0,23.35,0,23.65,0,0,0,16.8,0,0
GG,2026-06-09 11:11,열원,P2,5℃,고층부,공통,#2,0,0,0,0,0,0,48.45,4.35,17.42,4.35,17.42,50,0,0,0,0,0,0,50.2,4.43,17.89,4.5,18.3,40,0,0,0,0,0,0,0,0,0,0,0,23.3,1346.975,0,0,24.449999,-1.5476191,25.65,0.65,0,0,18.5,0,0
GG,2026-06-09 11:11,열원,P2,13℃,저층부,공통,#1,1,1,772,0,0,87,42.85,7.46,32.73,2.8899999,7.75,50,1,1,694,0,0,100,37.2,6.77,29.76,2.6299999,5.75,55,1,0,1,0,0,0,0,0,0,0,0,24.85,2013.55,1,216,29.099998,2846.607,13.549999,1851.2125,1,319,18.25,0,0
GG,2026-06-09 11:11,열원,P2,13℃,저층부,공통,#3,0,0,0,0,0,1,46.3,3.84,14.299999,3.72,13.53,50,0,0,0,0,0,1,45.899998,3.9299998,14.87,3.9099998,14.74,50,0,0,0,0,0,0,0,0,0,0,0,24.65,0,0,0,24.85,0,13.099999,0,0,0,14.25,0,0
GG,2026-06-09 11:11,열원,P2,13℃,저층부,공통,#2,1,1,751,0,0,100,45.35,7.97,34.82,2.72,6.45,25,1,1,717,0,0,100,41.05,7.19,31.59,2.55,5.1099997,30,1,0,1,0,0,0,0,0,0,0,0,24,1374.625,1,207,29.449999,2525.116,13.15,1715.9437,1,300,17.6,0,0
GS,2026-06-09 11:13,열원,A1,5℃,공통,공통,#2,1,1,586,0,0,65,39.9,6.59,28.9,2.57,5.3,0,1,0,0,0,0,0,0,0,0,0,0,0,1,0,1,0,0,0,0,0,0,0,0,23.7,911.625,1,70,27,0,5.4,352.25,1,69,13.6,0,0
GS,2026-06-09 11:13,열원,A1,5℃,공통,공통,#3,1,0,0,0,0,0,41.45,5.15,21.89,5.17,22,0,1,0,0,0,0,0,40.05,5.1,21.619999,5.0699997,21.46,0,1,0,1,0,0,0,0,0,0,0,0,27.15,20.625,0,0,28.849998,0,21.35,19.5,0,0,21.25,0,0
GS,2026-06-09 11:13,열원,A1,5℃,공통,공통,#1,1,1,1003,0,0,49,39.85,6.5899997,28.949999,2.27,2.77,0,1,1,0,0,0,28,40,6.3799996,27.99,2.25,2.62,0,1,0,1,0,0,0,0,0,0,0,0,24.3,1606.875,1,180,28.5,0,4.85,666,1,119,13.15,0,0
GS,2026-06-09 11:13,열원,A2,13℃,공통,공통,#2,0,0,0,0,0,0,0,0.5053053,0,4.7828317,0,0,0,0,0,0,0,0,0,0,0,0,0,0,0,0,0,0,0,0,0,0,0,0,0,28.305614,507.925,0,0,27.980938,0,22.103565,0.75,0,0,21.209059,0,0
GS,2026-06-09 11:13,열원,A2,13℃,공통,공통,#3,0,0,0,0,0,0,0,-0.17037296,0,3.8078926,0,0,0,0,0,0,0,0,0,0,0,0,0,0,0,0,0,0,0,0,0,0,0,0,0,30.054195,3.575,0,0,29.681486,0,29.126678,4,0,0,29.151419,0,0
GS,2026-06-09 11:13,열원,A2,13℃,공통,공통,#1,0,0,0,0,0,0,0,0.4723059,0,0.0928772,0,0,0,0,0,0,0,0,0,0,0,0,0,0,0,0,0,0,0,0,0,0,0,0,0,28.983776,0,0,0,28.640356,0,21.940334,6.75,0,0,21.074137,0,0
GS,2026-06-09 11:13,열원,A2,5℃,공통,공통,#2,0,0,0,0,0,1,0,-0.2645728,0,21.511896,0,0,0,0,0,0,0,0,0,0,0,0,0,0,0,0,0,0,0,0,0,0,0,0,0,25.562069,0,0,0,23.021448,0,19.599224,1.5,0,0,18.426197,0,0
GS,2026-06-09 11:13,열원,A2,5℃,공통,공통,#3,0,0,0,0,0,0,0,0.38352695,0,1.8575077,0,0,0,0,0,0,0,0,0,0,0,0,0,0,0,0,0,0,0,0,0,0,0,0,0,29.697948,3.3,0,0,28.797634,0,29.028097,2.25,0,0,28.96103,0,0
GS,2026-06-09 11:13,열원,A2,5℃,공통,공통,#1,0,0,0,0,0,0,0,4.87,0,4.91,0,0,0,0,0,0,0,0,0,0,0,0,0,0,0,0,0,0,0,0,0,0,0,0,0,24.5,0,0,0,26.1,0,18.7,9.25,0,0,18.1,0,0
GG,2026-06-09 11:13,열원,P1,13℃,저층부,공통,#2,0,0,0,0,0,-2,37.649998,5.08,21.52,5.1099997,21.68,0,0,0,0,0,0,0,39.7,4.99,21.039999,4.97,20.93,0,0,0,0,0,0,0,0,0,0,0,0,24.9,49.7,0,0,25,0,20.35,0,0,0,20.85,0,0
GG,2026-06-09 11:13,열원,P1,13℃,저층부,공통,#3,0,0,0,0,0,0,43.399998,6.15,26.9,6.15,26.9,0,0,0,0,0,0,1,43.6,6.08,26.599998,6.1,26.599998,0,0,0,0,0,0,0,0,0,0,0,0,27,0,0,0,27,0,27.4,0,0,0,27.099998,0,0
GG,2026-06-09 11:13,열원,P1,13℃,저층부,공통,#1,1,1,754,0,0,70,44.399998,8.17,35.6,3.4199998,11.5,0,2,1,772,0,0,74,33.399998,7.3999996,32.5,3.23,10.2,0,1,0,1,0,1,1,1,1,0,0,0,28.099998,1796.9,0,191,33.7,3356.9236,12.099999,1515.125,1,326,18.8,0,0
GG,2026-06-09 11:13,열원,P1,5℃,저층부,공통,#2,1,0,0,0,0,0,40.25,4.95,20.82,4.94,20.77,0,1,0,0,0,0,1,39,4.92,20.66,4.97,20.93,0,0,0,1,0,0,1,1,1,0,0,0,24.699999,9.1,0,0,25.5,0,24.75,0,0,0,20.9,0,0
GG,2026-06-09 11:13,열원,P1,5℃,저층부,공통,#3,1,1,649,0,0,11,38.2,6.02,26.3,2.4299998,4.1,0,1,1,900,0,0,36,42,6.6499996,29.199999,2.74,6.6,0,1,0,1,0,1,1,1,1,0,0,0,23.9,2.8,0,272,27.5,2493.2249,6.5,908.375,1,185,14.799999,0,0
GG,2026-06-09 11:13,열원,P1,5℃,저층부,공통,#1,1,1,770,0,0,36,44.8,7.5499997,33.1,2.61,5.6,0,0,1,944,0,0,27,47.2,8.059999,35.1,2.8799999,7.7,0,1,0,1,0,1,1,1,1,0,0,0,30.4,2092.3,0,283,33.7,2093.6921,7.3999996,904.475,1,186,14.4,0,0
GG,2026-06-09 11:13,열원,P2,13℃,고층부,공통,#2,1,1,790,0,0,62,39.149998,8.3,36.12,3.53,12.28,25,1,1,801,0,0,95,39,7.43,32.61,2.87,7.6,35,1,0,1,0,0,0,0,0,0,0,0,24.9,1752,1,211,31.55,2572.5117,14.65,1672.9625,1,307,19.199999,0,0
GG,2026-06-09 11:13,열원,P2,13℃,고층부,공통,#3,0,0,0,0,0,0,42.399998,4.0899997,15.86,4.02,15.429999,25,0,0,0,0,0,0,43.8,4.04,15.549999,4.06,15.679999,25,0,0,0,0,0,0,0,0,0,0,0,23.05,19.425,0,0,24,0.6797692,16.35,3.7375,0,0,16.4,0,0
GG,2026-06-09 11:13,열원,P2,13℃,고층부,공통,#1,0,0,0,0,0,0,46.9,3.9299998,14.8,3.85,14.3,25,0,0,0,0,0,0,44.7,3.85,14.3,3.9099998,14.7,50,0,0,0,0,0,0,0,0,0,0,0,23.300001,0,0,0,22.800001,0,16,0,0,0,14.7,0,0
GG,2026-06-09 11:13,열원,P2,13℃,저층부,공통,#2,1,1,747,0,0,100,45.35,7.93,34.66,2.71,6.3799996,25,1,1,715,0,0,100,41.05,7.16,31.46,2.54,5.0299997,30,1,0,1,0,0,0,0,0,0,0,0,23.75,659.575,1,208,29.25,2417.3105,13.2,1705.3063,1,300,17.5,0,0
GG,2026-06-09 11:13,열원,P2,13℃,저층부,공통,#3,0,0,0,0,0,1,46.35,3.84,14.299999,3.72,13.53,50,0,0,0,0,0,1,45.95,3.9199998,14.809999,3.9099998,14.74,50,0,0,0,0,0,0,0,0,0,0,0,24.65,0,0,0,24.9,0,13.099999,0,0,0,14.299999,0,0
GG,2026-06-09 11:13,열원,P2,13℃,저층부,공통,#1,1,1,769,0,0,87,42.85,7.48,32.82,2.8899999,7.75,50,1,1,693,0,0,100,37.35,6.79,29.84,2.6399999,5.83,55,1,0,1,0,0,0,0,0,0,0,0,24.9,2006.025,1,216,29.199999,2830.9126,13.549999,1840.8625,1,319,18.25,0,0
GG,2026-06-09 11:13,열원,P2,5℃,고층부,공통,#2,0,0,0,0,0,0,48.45,4.36,17.48,4.36,17.48,50,0,0,0,0,0,0,50.2,4.43,17.89,4.5,18.3,40,0,0,0,0,0,0,0,0,0,0,0,23.25,1351,0,0,24.449999,-2.1575313,25.8,0.24375,0,0,18.5,0,0
GG,2026-06-09 11:13,열원,P2,5℃,고층부,공통,#3,0,0,0,0,0,0,40.75,2.6799998,6.14,2.6599998,5.99,50,0,0,0,0,0,0,41.149998,2.83,7.2999997,2.84,7.37,65,0,0,0,0,0,0,0,0,0,0,0,20.85,0,0,0,23.8,0,6.2999997,0,0,0,6.5499997,0,0
GG,2026-06-09 11:13,열원,P2,5℃,고층부,공통,#1,0,0,0,0,0,1,41.399998,2.75,6.69,2.82,7.22,25,0,0,0,0,0,0,39.95,2.86,7.5299997,2.96,8.2699995,100,0,0,0,0,0,0,0,0,0,0,0,21.3,5.075,0,0,23.85,0.5843874,6.2999997,2.35625,0,0,6.95,0,0
GG,2026-06-09 11:13,열원,P2,5℃,저층부,공통,#2,0,0,0,0,0,0,27.15,3.6499999,13.07,3.59,12.679999,85,0,0,0,0,0,1,44.75,4.0899997,15.86,4.04,15.549999,85,0,0,0,0,0,0,0,0,0,0,0,23.3,0,0,0,23.3,0,23.65,0,0,0,16.8,0,0
GG,2026-06-09 11:13,열원,P2,5℃,저층부,공통,#3,0,0,0,0,0,0,47.5,2.95,8.2,2.97,8.349999,100,0,0,0,0,0,0,47.8,3.1699998,9.8,3.47,11.88,25,0,0,0,0,0,0,0,0,0,0,0,22.4,0,0,0,24.6,0.085978754,6.75,0,0,0,7,0,0
GG,2026-06-09 11:13,열원,P2,5℃,저층부,공통,#1,0,0,0,0,0,0,48.649998,4.43,17.89,4.61,18.93,25,0,0,0,0,0,0,49.5,4.5499997,18.59,4.62,18.99,25,0,0,0,0,0,0,0,0,0,0,0,26.199999,2800,0,0,27.699999,-15.691138,26.5,3.98125,0,0,19.199999,0,0
GS,2026-06-09 11:14,열원,A1,5℃,공통,공통,#2,1,1,588,0,0,64,39.9,6.59,28.9,2.57,5.3,0,1,0,0,0,0,0,0,0,0,0,0,0,1,0,1,0,0,0,0,0,0,0,0,23.7,898.5,1,70,27,0,5.4,361.875,1,69,13.6,0,0
GS,2026-06-09 11:14,열원,A1,5℃,공통,공통,#3,1,0,0,0,0,0,41.45,5.15,21.89,5.16,21.939999,0,1,0,0,0,0,0,40.05,5.1,21.619999,5.08,21.52,0,1,0,1,0,0,0,0,0,0,0,0,27.15,20,0,0,28.849998,0,21.35,21.75,0,0,21.3,0,0
GS,2026-06-09 11:14,열원,A1,5℃,공통,공통,#1,1,1,1005,0,0,49,39.899998,6.5899997,28.949999,2.27,2.77,0,1,1,0,0,0,28,40,6.41,28.119999,2.23,2.45,0,1,0,1,0,0,0,0,0,0,0,0,24.3,1595.625,1,180,28.5,0,4.95,681,1,120,13.15,0,0
GS,2026-06-09 11:14,열원,A2,13℃,공통,공통,#2,0,0,0,0,0,0,0,0.5053053,0,4.7828317,0,0,0,0,0,0,0,0,0,0,0,0,0,0,0,0,0,0,0,0,0,0,0,0,0,28.305614,507.925,0,0,27.980938,0,22.103565,1,0,0,21.209059,0,0
GS,2026-06-09 11:14,열원,A2,13℃,공통,공통,#3,0,0,0,0,0,0,0,-0.17037296,0,3.8078926,0,0,0,0,0,0,0,0,0,0,0,0,0,0,0,0,0,0,0,0,0,0,0,0,0,30.054195,3.3,0,0,29.681486,0,29.126678,3.75,0,0,29.151419,0,0
GS,2026-06-09 11:14,열원,A2,13℃,공통,공통,#1,0,0,0,0,0,0,0,0.4723059,0,0.0928772,0,0,0,0,0,0,0,0,0,0,0,0,0,0,0,0,0,0,0,0,0,0,0,0,0,28.983776,0,0,0,28.640356,0,21.940334,6.75,0,0,21.074137,0,0
GS,2026-06-09 11:14,열원,A2,5℃,공통,공통,#2,0,0,0,0,0,1,0,-0.2645728,0,21.500006,0,0,0,0,0,0,0,0,0,0,0,0,0,0,0,0,0,0,0,0,0,0,0,0,0,25.565939,0,0,0,23.020535,0,19.599224,1.25,0,0,18.328941,0,0
GS,2026-06-09 11:14,열원,A2,5℃,공통,공통,#3,0,0,0,0,0,0,0,0.38352695,0,1.8575077,0,0,0,0,0,0,0,0,0,0,0,0,0,0,0,0,0,0,0,0,0,0,0,0,0,29.697948,3.575,0,0,28.797634,0,29.028097,2.25,0,0,28.96103,0,0
GS,2026-06-09 11:14,열원,A2,5℃,공통,공통,#1,0,0,0,0,0,0,0,4.87,0,4.91,0,0,0,0,0,0,0,0,0,0,0,0,0,0,0,0,0,0,0,0,0,0,0,0,0,24.5,0,0,0,26.1,0,18.7,9.25,0,0,18.1,0,0
GG,2026-06-09 11:14,열원,P1,13℃,저층부,공통,#2,0,0,0,0,0,-2,37.7,5.08,21.52,5.1,21.63,0,0,0,0,0,0,0,39.7,4.95,20.82,4.97,20.93,0,0,0,0,0,0,0,0,0,0,0,0,24.9,57.4,0,0,25,0,20.35,0,0,0,20.85,0,0
GG,2026-06-09 11:14,열원,P1,13℃,저층부,공통,#3,0,0,0,0,0,0,43.399998,6.15,26.9,6.15,26.9,0,0,0,0,0,0,1,43.6,6.08,26.599998,6.1,26.599998,0,0,0,0,0,0,0,0,0,0,0,0,27,0,0,0,27,0,27.4,0,0,0,27.099998,0,0
GG,2026-06-09 11:14,열원,P1,13℃,저층부,공통,#1,1,1,756,0,0,70,44.399998,8.17,35.6,3.4199998,11.5,0,2,1,774,0,0,74,33.3,7.3999996,32.5,3.23,10.2,0,1,0,1,0,1,1,1,1,0,0,0,28.099998,1800.4,0,191,33.8,3363.2935,12.099999,1518,1,327,18.8,0,0
GG,2026-06-09 11:14,열원,P1,5℃,저층부,공통,#2,1,0,0,0,0,0,40.149998,4.95,20.82,4.94,20.77,0,1,0,0,0,0,1,39,4.96,20.869999,4.98,20.98,0,0,0,1,0,0,1,1,1,0,0,0,24.699999,21.7,0,0,25.55,-5.642361,24.699999,4.55,0,0,20.949999,0,0
GG,2026-06-09 11:14,열원,P1,5℃,저층부,공통,#3,1,1,651,0,0,11,38.2,6.0299997,26.3,2.4299998,4.1,0,1,1,900,0,0,30,42,6.6499996,29.199999,2.74,6.6,0,1,0,1,0,1,1,1,1,0,0,0,23.9,7.7,0,272,27.4,2458.7795,6.6,906.75,1,186,14.799999,0,0
GG,2026-06-09 11:14,열원,P1,5℃,저층부,공통,#1,1,1,772,0,0,36,45,7.5499997,33.1,2.61,5.6,0,0,1,942,0,0,27,47.2,8.07,35.2,2.8799999,7.7,0,1,0,1,0,1,1,1,1,0,0,0,30.5,2074.8,0,284,33.8,2118.2607,7.3999996,902.2,1,187,14.5,0,0
GG,2026-06-09 11:14,열원,P2,13℃,고층부,공통,#2,1,1,794,0,0,62,39.05,8.3,36.12,3.53,12.28,25,1,1,804,0,0,95,39,7.4199996,32.559998,2.86,7.5299997,35,1,0,1,0,0,0,0,0,0,0,0,24.949999,1740.5625,1,211,31.5,2547.2554,14.7,1674.5437,1,308,19.199999,0,0
GG,2026-06-09 11:14,열원,P2,13℃,고층부,공통,#3,0,0,0,0,0,0,42.399998,4.08,15.799999,4.02,15.429999,25,0,0,0,0,0,0,43.8,4.0499997,15.62,4.0499997,15.62,25,0,0,0,0,0,0,0,0,0,0,0,23.05,31.15,0,0,24,0.862784,16.35,4.74375,0,0,16.4,0,0
GG,2026-06-09 11:14,열원,P2,13℃,고층부,공통,#1,0,0,0,0,0,0,46.9,3.9299998,14.8,3.85,14.3,25,0,0,0,0,0,0,44.7,3.85,14.3,3.9099998,14.7,50,0,0,0,0,0,0,0,0,0,0,0,23.300001,0,0,0,22.800001,0,16,0,0,0,14.7,0,0
GG,2026-06-09 11:14,열원,P2,13℃,저층부,공통,#2,1,1,751,0,0,100,45.35,7.91,34.579998,2.7,6.2999997,25,1,1,717,0,0,100,41.05,7.1499996,31.42,2.54,5.0299997,30,1,0,1,0,0,0,0,0,0,0,0,23.699999,1442.525,1,209,29.15,2498.835,13.15,1745.5563,1,301,17.55,0,0
GG,2026-06-09 11:14,열원,P2,13℃,저층부,공통,#3,0,0,0,0,0,1,46.399998,3.84,14.299999,3.73,13.599999,50,0,0,0,0,0,1,45.95,3.9199998,14.809999,3.9099998,14.74,50,0,0,0,0,0,0,0,0,0,0,0,24.65,0,0,0,24.85,0,13.099999,0,0,0,14.299999,0,0
GG,2026-06-09 11:14,열원,P2,13℃,저층부,공통,#1,1,1,770,0,0,87,42.85,7.46,32.73,2.8899999,7.75,50,1,1,695,0,0,100,37.45,6.7799997,29.8,2.6299999,5.75,55,1,0,1,0,0,0,0,0,0,0,0,24.9,2039.625,1,216,29.199999,2862.7922,13.599999,1881.1125,1,318,18.199999,0,0
GG,2026-06-09 11:14,열원,P2,5℃,고층부,공통,#2,0,0,0,0,0,0,48.45,4.35,17.42,4.35,17.42,50,0,0,0,0,0,0,50.25,4.43,17.89,4.5,18.3,40,0,0,0,0,0,0,0,0,0,0,0,23.25,1345.925,0,0,24.449999,-0.9874132,25.8,0.65,0,0,18.5,0,0
GG,2026-06-09 11:14,열원,P2,5℃,고층부,공통,#3,0,0,0,0,0,0,40.7,2.69,6.22,2.6699998,6.06,50,0,0,0,0,0,0,41.2,2.83,7.2999997,2.83,7.2999997,65,0,0,0,0,0,0,0,0,0,0,0,20.85,0,0,0,23.75,0,6.35,0,0,0,6.5499997,0,0
GG,2026-06-09 11:14,열원,P2,5℃,고층부,공통,#1,0,0,0,0,0,1,41.399998,2.76,6.7599998,2.82,7.22,25,0,0,0,0,0,0,39.95,2.86,7.5299997,2.96,8.2699995,100,0,0,0,0,0,0,0,0,0,0,0,21.3,27.475,0,0,23.8,0.62469,6.2999997,2.51875,0,0,6.95,0,0
GG,2026-06-09 11:14,열원,P2,5℃,저층부,공통,#2,0,0,0,0,0,0,27.15,3.6399999,13.009999,3.61,12.809999,85,0,0,0,0,0,1,44.75,4.08,15.799999,4.0499997,15.62,85,0,0,0,0,0,0,0,0,0,0,0,23.3,0,0,0,23.25,0,23.65,0,0,0,16.75,0,0
GG,2026-06-09 11:14,열원,P2,5℃,저층부,공통,#3,0,0,0,0,0,0,47.5,2.96,8.2699995,2.97,8.349999,100,0,0,0,0,0,0,47.75,3.1699998,9.8,3.46,11.809999,25,0,0,0,0,0,0,0,0,0,0,0,22.4,0,0,0,24.55,0.047019664,6.7999997,0,0,0,7,0,0
GG,2026-06-09 11:14,열원,P2,5℃,저층부,공통,#1,0,0,0,0,0,0,48.6,4.42,17.83,4.61,18.93,25,0,0,0,0,0,0,49.5,4.5499997,18.59,4.62,18.99,25,0,0,0,0,0,0,0,0,0,0,0,26.199999,2800,0,0,27.699999,-7.3082013,26.5,2.51875,0,0,19.199999,0,0
GS,2026-06-09 11:15,열원,A1,5℃,공통,공통,#2,1,1,589,0,0,64,39.9,6.59,28.9,2.57,5.3,0,1,0,0,0,0,0,0,0,0,0,0,0,1,0,1,0,0,0,0,0,0,0,0,23.7,895.5,1,70,27,0,5.4,364.625,1,69,13.6,0,0
GS,2026-06-09 11:15,열원,A1,5℃,공통,공통,#3,1,0,0,0,0,0,41.5,5.15,21.89,5.16,21.939999,0,1,0,0,0,0,0,40,5.1,21.619999,5.08,21.52,0,1,0,1,0,0,0,0,0,0,0,0,27.15,20,0,0,28.849998,0,21.4,10,0,0,21.3,0,0
GS,2026-06-09 11:15,열원,A1,5℃,공통,공통,#1,1,1,1008,0,0,49,39.85,6.5899997,28.949999,2.27,2.77,0,1,1,0,0,0,28,40,6.39,28.029999,2.22,2.36,0,1,0,1,0,0,0,0,0,0,0,0,24.35,1587.5,1,179,28.5,0,4.9,669.5,1,120,13.099999,0,0
GS,2026-06-09 11:15,열원,A2,13℃,공통,공통,#2,0,0,0,0,0,0,0,0.5053053,0,4.7828317,0,0,0,0,0,0,0,0,0,0,0,0,0,0,0,0,0,0,0,0,0,0,0,0,0,28.305614,508.2,0,0,27.980938,0,22.103565,0.5,0,0,21.209059,0,0
GS,2026-06-09 11:15,열원,A2,13℃,공통,공통,#3,0,0,0,0,0,0,0,-0.17037296,0,3.8078926,0,0,0,0,0,0,0,0,0,0,0,0,0,0,0,0,0,0,0,0,0,0,0,0,0,30.054195,3.3,0,0,29.681486,0,29.126678,3.75,0,0,29.151419,0,0
GS,2026-06-09 11:15,열원,A2,13℃,공통,공통,#1,0,0,0,0,0,0,0,0.4723059,0,0.0928772,0,0,0,0,0,0,0,0,0,0,0,0,0,0,0,0,0,0,0,0,0,0,0,0,0,28.983776,0,0,0,28.640356,0,21.940334,6.5,0,0,21.074137,0,0
GS,2026-06-09 11:15,열원,A2,5℃,공통,공통,#2,0,0,0,0,0,1,0,-0.2645728,0,21.486204,0,0,0,0,0,0,0,0,0,0,0,0,0,0,0,0,0,0,0,0,0,0,0,0,0,25.562077,0,0,0,23.020535,0,19.599272,1.25,0,0,18.383423,0,0
GS,2026-06-09 11:15,열원,A2,5℃,공통,공통,#3,0,0,0,0,0,0,0,0.38352695,0,1.8575077,0,0,0,0,0,0,0,0,0,0,0,0,0,0,0,0,0,0,0,0,0,0,0,0,0,29.697948,3.575,0,0,28.797634,0,29.028097,2.25,0,0,28.96103,0,0
GS,2026-06-09 11:15,열원,A2,5℃,공통,공통,#1,0,0,0,0,0,0,0,4.87,0,4.91,0,0,0,0,0,0,0,0,0,0,0,0,0,0,0,0,0,0,0,0,0,0,0,0,0,24.5,0,0,0,26.2,0,18.7,9.25,0,0,18.1,0,0
GG,2026-06-09 11:15,열원,P1,13℃,저층부,공통,#2,0,0,0,0,0,-2,37.649998,5.08,21.52,5.1099997,21.68,0,0,0,0,0,0,0,39.7,4.97,20.93,4.98,20.98,0,0,0,0,0,0,0,0,0,0,0,0,24.949999,51.1,0,0,24.949999,0.07605849,20.35,2.3,0,0,20.85,0,0
GG,2026-06-09 11:15,열원,P1,13℃,저층부,공통,#3,0,0,0,0,0,0,43.399998,6.15,26.9,6.15,26.9,0,0,0,0,0,0,1,43.6,6.08,26.599998,6.1,26.599998,0,0,0,0,0,0,0,0,0,0,0,0,27,0,0,0,27,0,27.4,0,0,0,27.099998,0,0
GG,2026-06-09 11:15,열원,P1,13℃,저층부,공통,#1,1,1,755,0,0,70,44.399998,8.19,35.7,3.4199998,11.5,0,2,1,773,0,0,74,33.3,7.3999996,32.5,3.23,10.2,0,1,0,1,0,1,1,1,1,0,0,0,28.099998,1797.6,0,192,33.8,3339.088,12.099999,1507.075,1,327,18.8,0,0
GG,2026-06-09 11:15,열원,P1,5℃,저층부,공통,#2,1,0,0,0,0,0,40.2,4.95,20.82,4.93,20.71,0,1,0,0,0,0,1,39,4.93,20.71,4.98,20.98,0,0,0,1,0,0,1,1,1,0,0,0,24.699999,10.5,0,0,25.55,0,24.699999,0,0,0,20.949999,0,0
GG,2026-06-09 11:15,열원,P1,5℃,저층부,공통,#3,1,1,650,0,0,11,38.2,6.0299997,26.3,2.4299998,4.1,0,1,1,888,0,0,24,41.899998,6.64,29.099998,2.75,6.7,0,1,0,1,0,1,1,1,1,0,0,0,23.9,0.7,0,271,27.4,2424.4097,6.6,894.075,1,185,14.799999,0,0
GG,2026-06-09 11:15,열원,P1,5℃,저층부,공통,#1,1,1,771,0,0,36,45,7.5699997,33.2,2.61,5.6,0,0,1,941,0,0,27,47.1,8.07,35.2,2.8799999,7.7,0,1,0,1,0,1,1,1,1,0,0,0,30.5,2072.7,0,284,33.8,2090.0273,7.3999996,890.175,1,185,14.5,0,0
GG,2026-06-09 11:15,열원,P2,13℃,고층부,공통,#2,1,1,790,0,0,62,39.05,8.29,36.079998,3.53,12.28,25,1,1,801,0,0,95,38.95,7.41,32.52,2.85,7.45,35,1,0,1,0,0,0,0,0,0,0,0,24.8,1764,1,211,31.4,2572.2905,14.65,1672.8187,1,306,19.199999,0,0
GG,2026-06-09 11:15,열원,P2,13℃,고층부,공통,#3,0,0,0,0,0,0,42.35,4.08,15.799999,4.0299997,15.49,25,0,0,0,0,0,0,43.899998,4.04,15.549999,4.0499997,15.62,25,0,0,0,0,0,0,0,0,0,0,0,23,17.325,0,0,24,0.7582041,16.35,4.16875,0,0,16.4,0,0
GG,2026-06-09 11:15,열원,P2,13℃,고층부,공통,#1,0,0,0,0,0,0,46.9,3.9399998,14.900001,3.85,14.3,25,0,0,0,0,0,0,44.7,3.85,14.3,3.9099998,14.7,50,0,0,0,0,0,0,0,0,0,0,0,23.300001,0,0,0,22.800001,0,16,0,0,0,14.7,0,0
GG,2026-06-09 11:15,열원,P2,13℃,저층부,공통,#2,1,1,747,0,0,100,45.3,7.91,34.579998,2.71,6.3799996,25,1,1,714,0,0,100,41.05,7.1299996,31.33,2.54,5.0299997,30,1,0,1,0,0,0,0,0,0,0,0,23.6,1233.925,1,209,29.05,2470.0254,13.2,1717.0938,1,300,17.55,0,0
GG,2026-06-09 11:15,열원,P2,13℃,저층부,공통,#3,0,0,0,0,0,1,46.399998,3.83,14.24,3.72,13.53,50,0,0,0,0,0,1,46,3.9199998,14.809999,3.9099998,14.74,50,0,0,0,0,0,0,0,0,0,0,0,24.6,0,0,0,24.85,0,13.099999,0,0,0,14.299999,0,0
GG,2026-06-09 11:15,열원,P2,13℃,저층부,공통,#1,1,1,767,0,0,87,42.899998,7.45,32.69,2.8799999,7.68,50,1,1,695,0,0,100,37.55,6.7599998,29.71,2.6299999,5.75,55,1,0,1,0,0,0,0,0,0,0,0,24.85,2021.425,1,216,29.15,2829.1443,13.599999,1839.8562,1,318,18.25,0,0
GG,2026-06-09 11:15,열원,P2,5℃,고층부,공통,#2,0,0,0,0,0,0,48.5,4.35,17.42,4.3399997,17.359999,50,0,0,0,0,0,0,50.2,4.42,17.83,4.5099998,18.359999,40,0,0,0,0,0,0,0,0,0,0,0,23.25,1346.8,0,0,24.449999,-2.942088,25.8,1.21875,0,0,18.5,0,0
GG,2026-06-09 11:15,열원,P2,5℃,고층부,공통,#3,0,0,0,0,0,0,40.7,2.6799998,6.14,2.6699998,6.06,50,0,0,0,0,0,0,41.2,2.83,7.2999997,2.84,7.37,65,0,0,0,0,0,0,0,0,0,0,0,20.85,0,0,0,23.75,0,6.35,0,0,0,6.5499997,0,0
GG,2026-06-09 11:15,열원,P2,5℃,고층부,공통,#1,0,0,0,0,0,1,41.45,2.74,6.6099997,2.81,7.1499996,25,0,0,0,0,0,0,39.95,2.86,7.5299997,2.95,8.2,100,0,0,0,0,0,0,0,0,0,0,0,21.25,23.275,0,0,23.8,0.5843874,6.2999997,2.35625,0,0,6.95,0,0
GG,2026-06-09 11:15,열원,P2,5℃,저층부,공통,#2,0,0,0,0,0,0,27.15,3.6499999,13.07,3.6,12.75,85,0,0,0,0,0,1,44.8,4.0899997,15.86,4.0499997,15.62,85,0,0,0,0,0,0,0,0,0,0,0,23.3,0,0,0,23.25,0,23.65,0,0,0,16.75,0,0
GG,2026-06-09 11:15,열원,P2,5℃,저층부,공통,#3,0,0,0,0,0,0,47.5,2.95,8.2,2.96,8.2699995,100,0,0,0,0,0,0,47.75,3.1599998,9.73,3.4499998,11.74,25,0,0,0,0,0,0,0,0,0,0,0,22.449999,0,0,0,24.55,0.085978754,6.75,0.65,0,0,7,0,0
GG,2026-06-09 11:15,열원,P2,5℃,저층부,공통,#1,0,0,0,0,0,0,48.649998,4.42,17.83,4.61,18.93,25,0,0,0,0,0,0,49.5,4.5499997,18.59,4.61,18.93,25,0,0,0,0,0,0,0,0,0,0,0,26.199999,2800,0,0,27.65,-14.275173,26.55,5.3625,0,0,19.199999,0,0
GS,2026-06-09 11:16,열원,A1,5℃,공통,공통,#2,1,1,588,0,0,65,39.9,6.59,28.9,2.57,5.3,0,1,0,0,0,0,0,0,0,0,0,0,0,1,0,1,0,0,0,0,0,0,0,0,23.7,915.75,1,70,27,0,5.4,355.375,1,69,13.6,0,0
GS,2026-06-09 11:16,열원,A1,5℃,공통,공통,#3,1,0,0,0,0,0,41.45,5.15,21.89,5.16,21.939999,0,1,0,0,0,0,0,40,5.1,21.619999,5.08,21.52,0,1,0,1,0,0,0,0,0,0,0,0,27.15,20,0,0,28.849998,0,21.4,14.5,0,0,21.3,0,0
GS,2026-06-09 11:16,열원,A1,5℃,공통,공통,#1,1,1,1004,0,0,49,39.899998,6.5899997,28.949999,2.26,2.69,0,1,1,0,0,0,28,40,6.37,27.939999,2.24,2.53,0,1,0,1,0,0,0,0,0,0,0,0,24.25,1559.375,1,182,28.5,0,4.9,665,1,121,13.15,0,0
GS,2026-06-09 11:16,열원,A2,13℃,공통,공통,#2,0,0,0,0,0,0,0,0.5053053,0,4.7828317,0,0,0,0,0,0,0,0,0,0,0,0,0,0,0,0,0,0,0,0,0,0,0,0,0,28.305614,511.5,0,0,27.980938,0,22.103565,0.5,0,0,21.209059,0,0
GS,2026-06-09 11:16,열원,A2,13℃,공통,공통,#3,0,0,0,0,0,0,0,-0.17037296,0,3.8078926,0,0,0,0,0,0,0,0,0,0,0,0,0,0,0,0,0,0,0,0,0,0,0,0,0,30.054195,3.3,0,0,29.681486,0,29.126678,3.75,0,0,29.151419,0,0
GS,2026-06-09 11:16,열원,A2,13℃,공통,공통,#1,0,0,0,0,0,0,0,0.4723059,0,0.0928772,0,0,0,0,0,0,0,0,0,0,0,0,0,0,0,0,0,0,0,0,0,0,0,0,0,28.983776,0,0,0,28.640356,0,21.940334,6.75,0,0,21.074137,0,0
GS,2026-06-09 11:16,열원,A2,5℃,공통,공통,#2,0,0,0,0,0,1,0,-0.2645728,0,21.537313,0,0,0,0,0,0,0,0,0,0,0,0,0,0,0,0,0,0,0,0,0,0,0,0,0,25.562077,0,0,0,23.020535,0,19.599224,1.25,0,0,18.234837,0,0
GS,2026-06-09 11:16,열원,A2,5℃,공통,공통,#3,0,0,0,0,0,0,0,0.38352695,0,1.8575077,0,0,0,0,0,0,0,0,0,0,0,0,0,0,0,0,0,0,0,0,0,0,0,0,0,29.697948,3.3,0,0,28.797634,0,29.028097,2.25,0,0,28.96103,0,0
GS,2026-06-09 11:16,열원,A2,5℃,공통,공통,#1,0,0,0,0,0,0,0,4.87,0,4.91,0,0,0,0,0,0,0,0,0,0,0,0,0,0,0,0,0,0,0,0,0,0,0,0,0,24.5,0,0,0,26.1,0,18.7,9.25,0,0,18.1,0,0
GG,2026-06-09 11:16,열원,P1,13℃,저층부,공통,#2,0,0,0,0,0,-2,37.649998,5.08,21.52,5.1099997,21.68,0,0,0,0,0,0,0,39.75,4.96,20.869999,4.98,20.98,0,0,0,0,0,0,0,0,0,0,0,0,24.949999,52.5,0,0,24.949999,0.057044957,20.4,3.45,0,0,20.85,0,0
GG,2026-06-09 11:16,열원,P1,13℃,저층부,공통,#3,0,0,0,0,0,0,43.399998,6.15,26.9,6.15,26.9,0,0,0,0,0,0,1,43.6,6.08,26.599998,6.1,26.599998,0,0,0,0,0,0,0,0,0,0,0,0,27,0,0,0,27,0,27.4,0,0,0,27.099998,0,0
GG,2026-06-09 11:16,열원,P1,13℃,저층부,공통,#1,1,1,757,0,0,70,44.399998,8.19,35.7,3.4199998,11.5,0,2,1,775,0,0,74,33.399998,7.3999996,32.5,3.23,10.2,0,1,0,1,0,1,1,1,1,0,0,0,28.199999,1794.8,0,192,33.8,3365.8416,12.099999,1519.15,1,327,18.8,0,0
GG,2026-06-09 11:16,열원,P1,5℃,저층부,공통,#2,1,0,0,0,0,0,40.1,4.95,20.82,4.93,20.71,0,1,0,0,0,0,2,39,4.91,20.6,5,21.09,0,0,0,1,0,0,1,1,1,0,0,0,24.75,0,0,0,25.55,0,24.699999,0,0,0,21.05,0,0
GG,2026-06-09 11:16,열원,P1,5℃,저층부,공통,#3,1,1,652,0,0,14,38.2,6.0299997,26.3,2.44,4.2,0,1,1,869,0,0,19,42,6.6,29,2.79,7,0,1,0,1,0,1,1,1,1,0,0,0,23.9,3.5,0,272,27.4,2415.7363,6.7,901.875,1,184,14.799999,0,0
GG,2026-06-09 11:16,열원,P1,5℃,저층부,공통,#1,1,1,773,0,0,36,45.2,7.5699997,33.2,2.61,5.6,0,0,1,941,0,0,27,47.2,8.07,35.2,2.8799999,7.7,0,1,0,1,0,1,1,1,1,0,0,0,30.5,2102.1,0,284,33.899998,2074.766,7.3999996,883.675,1,186,14.5,0,0
GG,2026-06-09 11:16,열원,P2,13℃,고층부,공통,#2,1,1,789,0,0,62,38.95,8.28,36.04,3.52,12.21,25,1,1,802,0,0,95,38.899998,7.41,32.52,2.85,7.45,35,1,0,1,0,0,0,0,0,0,0,0,24.8,1749.9375,1,211,31.349998,2563.4373,14.65,1685.1813,1,308,19.199999,0,0
GG,2026-06-09 11:16,열원,P2,13℃,고층부,공통,#3,0,0,0,0,0,0,42.3,4.0899997,15.86,4.0299997,15.49,25,0,0,0,0,0,0,43.899998,4.04,15.549999,4.0499997,15.62,25,0,0,0,0,0,0,0,0,0,0,0,23.05,18.025,0,0,23.949999,0.862784,16.35,4.74375,0,0,16.4,0,0
GG,2026-06-09 11:16,열원,P2,13℃,고층부,공통,#1,0,0,0,0,0,0,46.9,3.9399998,14.900001,3.85,14.3,25,0,0,0,0,0,0,44.7,3.85,14.3,3.9099998,14.7,50,0,0,0,0,0,0,0,0,0,0,0,23.300001,0,0,0,22.800001,0,16,0,0,0,14.7,0,0
GG,2026-06-09 11:16,열원,P2,13℃,저층부,공통,#2,1,1,748,0,0,100,45.3,7.8999996,34.54,2.7,6.2999997,25,1,1,715,0,0,100,41.05,7.1299996,31.33,2.54,5.0299997,30,1,0,1,0,0,0,0,0,0,0,0,23.5,1482.6,1,208,29.05,2448.7268,13.2,1704.3,1,301,17.55,0,0
GG,2026-06-09 11:16,열원,P2,13℃,저층부,공통,#3,0,0,0,0,0,1,46.45,3.84,14.299999,3.72,13.53,50,0,0,0,0,0,1,46,3.9199998,14.809999,3.9099998,14.74,50,0,0,0,0,0,0,0,0,0,0,0,24.6,0,0,0,24.85,0,13.099999,0,0,0,14.299999,0,0
GG,2026-06-09 11:16,열원,P2,13℃,저층부,공통,#1,1,1,768,0,0,87,42.85,7.47,32.77,2.8899999,7.75,50,1,1,695,0,0,100,37.6,6.7799997,29.8,2.6399999,5.83,55,1,0,1,0,0,0,0,0,0,0,0,24.85,2021.25,1,216,29.099998,2835.0222,13.599999,1846.6125,1,320,18.25,0,0
GG,2026-06-09 11:16,열원,P2,5℃,고층부,공통,#2,0,0,0,0,0,0,48.45,4.35,17.42,4.3399997,17.359999,50,0,0,0,0,0,0,50.2,4.43,17.89,4.5099998,18.359999,40,0,0,0,0,0,0,0,0,0,0,0,23.25,1337.525,0,0,24.5,-0.19882604,25.8,0.89375,0,0,18.5,0,0
GG,2026-06-09 11:16,열원,P2,5℃,고층부,공통,#3,0,0,0,0,0,0,40.649998,2.7,6.2999997,2.6799998,6.14,50,0,0,0,0,0,0,41.2,2.83,7.2999997,2.83,7.2999997,65,0,0,0,0,0,0,0,0,0,0,0,20.85,0,0,0,23.8,0,6.35,0,0,0,6.5,0,0
GG,2026-06-09 11:16,열원,P2,5℃,고층부,공통,#1,0,0,0,0,0,1,41.45,2.74,6.6099997,2.82,7.22,25,0,0,0,0,0,0,39.95,2.85,7.45,2.95,8.2,100,0,0,0,0,0,0,0,0,0,0,0,21.25,15.575,0,0,23.8,0.56423616,6.2999997,2.275,0,0,6.95,0,0
GG,2026-06-09 11:16,열원,P2,5℃,저층부,공통,#2,0,0,0,0,0,0,27.15,3.6499999,13.07,3.6,12.75,85,0,0,0,0,0,1,44.75,4.08,15.799999,4.04,15.549999,85,0,0,0,0,0,0,0,0,0,0,0,23.3,0,0,0,23.3,0,23.65,0,0,0,16.8,0,0
GG,2026-06-09 11:16,열원,P2,5℃,저층부,공통,#3,0,0,0,0,0,0,47.5,2.95,8.2,2.96,8.2699995,100,0,0,0,0,0,0,47.8,3.1699998,9.8,3.4499998,11.74,25,0,0,0,0,0,0,0,0,0,0,0,22.449999,0,0,0,24.6,0,6.75,0.325,0,0,7,0,0
GG,2026-06-09 11:16,열원,P2,5℃,저층부,공통,#1,0,0,0,0,0,0,48.649998,4.42,17.83,4.61,18.93,25,0,0,0,0,0,0,49.5,4.56,18.64,4.61,18.93,25,0,0,0,0,0,0,0,0,0,0,0,26.199999,2800,0,0,27.699999,-4.9128847,26.5,6.6625,0,0,19.25,0,0
GS,2026-06-09 11:17,열원,A1,5℃,공통,공통,#2,1,1,590,0,0,65,40,6.57,28.8,2.56,5.2,0,1,0,0,0,0,0,0,0,0,0,0,0,1,0,1,0,0,0,0,0,0,0,0,23.7,911.25,1,70,27,0,5.4,354.375,1,69,13.6,0,0
GS,2026-06-09 11:17,열원,A1,5℃,공통,공통,#3,1,0,0,0,0,0,41.5,5.15,21.89,5.16,21.939999,0,1,0,0,0,0,0,39.95,5.1099997,21.68,5.08,21.52,0,1,0,0,0,0,0,0,0,0,0,0,27.15,20,0,0,28.849998,0,21.35,12.25,0,0,21.25,0,0
GS,2026-06-09 11:17,열원,A1,5℃,공통,공통,#1,1,1,1004,0,0,49,39.899998,6.6,28.99,2.27,2.77,0,1,1,0,0,0,28,40,6.37,27.939999,2.23,2.45,0,1,0,1,0,0,0,0,0,0,0,0,24.35,1559.375,1,181,28.5,0,4.9,668.25,1,118,13.099999,0,0
GS,2026-06-09 11:17,열원,A2,13℃,공통,공통,#2,0,0,0,0,0,0,0,0.5053053,0,4.7828317,0,0,0,0,0,0,0,0,0,0,0,0,0,0,0,0,0,0,0,0,0,0,0,0,0,28.305614,510.4,0,0,27.980938,0,22.103565,0.25,0,0,21.209059,0,0
GS,2026-06-09 11:17,열원,A2,13℃,공통,공통,#3,0,0,0,0,0,0,0,-0.17037296,0,3.8078926,0,0,0,0,0,0,0,0,0,0,0,0,0,0,0,0,0,0,0,0,0,0,0,0,0,30.054195,3.3,0,0,29.681486,0,29.126678,3.75,0,0,29.151419,0,0
GS,2026-06-09 11:17,열원,A2,13℃,공통,공통,#1,0,0,0,0,0,0,0,0.4723059,0,0.0928772,0,0,0,0,0,0,0,0,0,0,0,0,0,0,0,0,0,0,0,0,0,0,0,0,0,28.983776,0,0,0,28.640356,0,21.940334,6.25,0,0,21.074137,0,0
GS,2026-06-09 11:17,열원,A2,5℃,공통,공통,#2,0,0,0,0,0,1,0,-0.2645728,0,21.536535,0,0,0,0,0,0,0,0,0,0,0,0,0,0,0,0,0,0,0,0,0,0,0,0,0,25.564972,0,0,0,23.020535,0,19.599224,1.25,0,0,18.18377,0,0
GS,2026-06-09 11:17,열원,A2,5℃,공통,공통,#3,0,0,0,0,0,0,0,0.38352695,0,1.8575077,0,0,0,0,0,0,0,0,0,0,0,0,0,0,0,0,0,0,0,0,0,0,0,0,0,29.697948,3.575,0,0,28.797634,0,29.028097,2.25,0,0,28.96103,0,0
GS,2026-06-09 11:17,열원,A2,5℃,공통,공통,#1,0,0,0,0,0,0,0,4.87,0,4.91,0,0,0,0,0,0,0,0,0,0,0,0,0,0,0,0,0,0,0,0,0,0,0,0,0,24.5,0,0,0,26.1,0,18.7,9.25,0,0,18.1,0,0
GG,2026-06-09 11:17,열원,P1,13℃,저층부,공통,#2,0,0,0,0,0,-2,37.6,5.0899997,21.58,5.1099997,21.68,0,0,0,0,0,0,0,39.75,4.97,20.93,4.97,20.93,0,0,0,0,0,0,0,0,0,0,0,0,24.949999,51.1,0,0,24.949999,0,20.4,0,0,0,20.9,0,0
GG,2026-06-09 11:17,열원,P1,13℃,저층부,공통,#3,0,0,0,0,0,0,43.399998,6.15,26.9,6.15,26.9,0,0,0,0,0,0,1,43.6,6.08,26.599998,6.1,26.599998,0,0,0,0,0,0,0,0,0,0,0,0,27,0,0,0,27,0,27.4,0,0,0,27.099998,0,0
GG,2026-06-09 11:17,열원,P1,13℃,저층부,공통,#1,1,1,756,0,0,70,44.399998,8.19,35.7,3.4199998,11.5,0,2,1,772,0,0,74,33.3,7.3999996,32.5,3.24,10.3,0,1,0,1,0,1,1,1,1,0,0,0,28.199999,1787.1,0,191,33.8,3342.9102,12.099999,1508.8,1,327,18.8,0,0
GG,2026-06-09 11:17,열원,P1,5℃,저층부,공통,#2,1,0,0,0,0,0,40.1,4.96,20.869999,4.93,20.71,0,1,0,0,0,0,1,38.95,4.94,20.77,4.97,20.93,0,0,0,1,0,0,1,1,1,0,0,0,24.75,23.8,0,0,25.5,-1.1768352,24.699999,0.975,0,0,21.05,0,0
GG,2026-06-09 11:17,열원,P1,5℃,저층부,공통,#3,1,1,653,0,0,14,38.2,6.02,26.3,2.44,4.2,0,1,1,854,0,0,16,42,6.56,28.8,2.79,7,0,1,0,1,0,1,1,1,1,0,0,0,23.8,2.1,0,272,27.3,2413.125,6.7,900.9,1,183,14.799999,0,0
GG,2026-06-09 11:17,열원,P1,5℃,저층부,공통,#1,1,1,771,0,0,35,45.2,7.5699997,33.2,2.61,5.6,0,0,1,941,0,0,22,47.1,8.09,35.3,2.8999999,7.7999997,0,1,0,1,0,1,1,1,1,0,0,0,30.599998,2062.2,0,284,33.899998,2024.4792,7.5,874.575,1,185,14.5,0,0
GG,2026-06-09 11:17,열원,P2,13℃,고층부,공통,#2,1,1,790,0,0,62,38.899998,8.309999,36.16,3.53,12.28,25,1,1,804,0,0,95,38.899998,7.43,32.61,2.8799999,7.68,35,1,0,1,0,0,0,0,0,0,0,0,24.9,1757.8125,1,212,31.5,2574.7227,14.599999,1674.4,1,307,19.199999,0,0
GG,2026-06-09 11:17,열원,P2,13℃,고층부,공통,#3,0,0,0,0,0,0,42.3,4.0899997,15.86,4.02,15.429999,25,0,0,0,0,0,0,43.899998,4.06,15.679999,4.0499997,15.62,25,0,0,0,0,0,0,0,0,0,0,0,23.05,15.75,0,0,23.949999,0.7320592,16.35,4.025,0,0,16.4,0,0
GG,2026-06-09 11:17,열원,P2,13℃,고층부,공통,#1,0,0,0,0,0,0,47,3.9399998,14.900001,3.85,14.3,25,0,0,0,0,0,0,44.600002,3.85,14.3,3.9099998,14.7,50,0,0,0,0,0,0,0,0,0,0,0,23.300001,0,0,0,22.800001,0,16,0,0,0,14.7,0,0
GG,2026-06-09 11:17,열원,P2,13℃,저층부,공통,#2,1,1,748,0,0,100,45.3,7.89,34.5,2.69,6.22,25,1,1,713,0,0,100,41.05,7.1299996,31.33,2.54,5.0299997,30,1,0,1,0,0,0,0,0,0,0,0,23.5,1288.35,1,208,29.05,2512.4233,13.099999,1707.3187,1,300,17.6,0,0
GG,2026-06-09 11:17,열원,P2,13℃,저층부,공통,#3,0,0,0,0,0,1,46.45,3.84,14.299999,3.72,13.53,50,0,0,0,0,0,1,46,3.9199998,14.809999,3.9099998,14.74,50,0,0,0,0,0,0,0,0,0,0,0,24.6,0,0,0,24.85,0,13.099999,0,0,0,14.25,0,0
GG,2026-06-09 11:17,열원,P2,13℃,저층부,공통,#1,1,1,769,0,0,87,42.899998,7.45,32.69,2.8899999,7.75,50,1,1,694,0,0,100,37.649998,6.7599998,29.71,2.6299999,5.75,55,1,0,1,0,0,0,0,0,0,0,0,24.85,2033.675,1,215,29.15,2806.369,13.599999,1865.1562,1,318,18.199999,0,0
GG,2026-06-09 11:17,열원,P2,5℃,고층부,공통,#2,0,0,0,0,0,0,48.45,4.35,17.42,4.36,17.48,50,0,0,0,0,0,0,50.2,4.43,17.89,4.5099998,18.359999,40,0,0,0,0,0,0,0,0,0,0,0,23.25,1349.775,0,0,24.449999,-1.3635707,25.699999,0.56875,0,0,18.449999,0,0
GG,2026-06-09 11:17,열원,P2,5℃,고층부,공통,#3,0,0,0,0,0,0,40.649998,2.69,6.22,2.6599998,5.99,50,0,0,0,0,0,0,41.25,2.83,7.2999997,2.83,7.2999997,65,0,0,0,0,0,0,0,0,0,0,0,20.9,0,0,0,23.75,0,6.2999997,0,0,0,6.5499997,0,0
GG,2026-06-09 11:17,열원,P2,5℃,고층부,공통,#1,0,0,0,0,0,1,41.45,2.75,6.69,2.82,7.22,25,0,0,0,0,0,0,39.899998,2.86,7.5299997,2.96,8.2699995,100,0,0,0,0,0,0,0,0,0,0,0,21.3,8.575,0,0,23.85,0.5843874,6.2999997,2.35625,0,0,6.95,0,0
GG,2026-06-09 11:17,열원,P2,5℃,저층부,공통,#2,0,0,0,0,0,0,27.15,3.6499999,13.07,3.6,12.75,85,0,0,0,0,0,1,44.75,4.08,15.799999,4.04,15.549999,85,0,0,0,0,0,0,0,0,0,0,0,23.3,0,0,0,23.25,0,23.65,0,0,0,16.8,0,0
GG,2026-06-09 11:17,열원,P2,5℃,저층부,공통,#3,0,0,0,0,0,0,47.5,2.95,8.2,2.96,8.2699995,100,0,0,0,0,0,0,47.75,3.1499999,9.65,3.46,11.809999,25,0,0,0,0,0,0,0,0,0,0,0,22.4,0,0,0,24.6,0.037615728,6.7999997,0.325,0,0,7,0,0
GG,2026-06-09 11:17,열원,P2,5℃,저층부,공통,#1,0,0,0,0,0,0,48.6,4.42,17.83,4.61,18.93,25,0,0,0,0,0,0,49.5,4.5499997,18.59,4.61,18.93,25,0,0,0,0,0,0,0,0,0,0,0,26.15,2800,0,0,27.699999,-4.245205,26.5,1.625,0,0,19.25,0,0
GS,2026-06-09 11:28,열원,A1,5℃,공통,공통,#2,1,1,577.6377,0,0,62,40,6.54,28.7,2.57,5.3,0,1,0,0,0,0,0,0,0,0,0,0,0,1,0,1,0,0,0,0,0,0,0,0,23.6,916.875,1,69.754654,26.8,0,5.4,357.875,1,69.29647,13.5,0,0
GS,2026-06-09 11:28,열원,A1,5℃,공통,공통,#3,1,0,0,0,0,0,41.45,5.15,21.89,5.17,22,0,1,0,0,0,0,0,39.7,5.1099997,21.68,5.08,21.52,0,1,0,0,0,0,0,0,0,0,0,0,27.15,20,0,0,28.849998,0,21.4,9.5,0,0,21.35,0,0
GS,2026-06-09 11:28,열원,A1,5℃,공통,공통,#1,1,1,1006.9002,0,0,48,40.05,6.64,29.179998,2.27,2.77,0,1,1,0,0,0,28,40.2,6.37,27.939999,2.24,2.53,0,1,0,1,0,0,0,0,0,0,0,0,24.5,1578.75,1,179.53255,28.65,0,4.95,680.5,1,118.99944,13.099999,0,0
GS,2026-06-09 11:28,열원,A2,13℃,공통,공통,#2,0,0,0,0,0,0,0,0.5053053,0,4.7828317,0,0,0,0,0,0,0,0,0,0,0,0,0,0,0,0,0,0,0,0,0,0,0,0,0,28.305614,516.175,0,0,27.980938,0,22.103565,1,0,0,21.209059,0,0
GS,2026-06-09 11:28,열원,A2,13℃,공통,공통,#3,0,0,0,0,0,0,0,-0.17037296,0,3.8078926,0,0,0,0,0,0,0,0,0,0,0,0,0,0,0,0,0,0,0,0,0,0,0,0,0,30.054195,3.3,0,0,29.681486,0,29.126678,3.75,0,0,29.151419,0,0
GS,2026-06-09 11:28,열원,A2,13℃,공통,공통,#1,0,0,0,0,0,0.1019368,0,0.4723059,0,0.0928772,0,0,0,0,0,0,0,0,0,0,0,0,0,0,0,0,0,0,0,0,0,0,0,0,0,28.983776,0,0,0,28.640356,0,21.940334,6.5,0,0,21.074137,0,0
GS,2026-06-09 11:28,열원,A2,5℃,공통,공통,#2,0,0,0,0,0,0.6198347,0,-0.2645728,0,21.54392,0,0,0,0,0,0,0,0,0,0,0,0,0,0,0,0,0,0,0,0,0,0,0,0,0,25.571152,0,0,0,23.025686,0,19.600443,1.25,0,0,18.32845,0,0
GS,2026-06-09 11:28,열원,A2,5℃,공통,공통,#3,0,0,0,0,0,-0.103950106,0,0.38352695,0,1.8575077,0,0,0,0,0,0,0,0,0,0,0,0,0,0,0,0,0,0,0,0,0,0,0,0,0,29.697948,3.3,0,0,28.797634,0,29.028097,2.5,0,0,28.96103,0,0
GS,2026-06-09 11:28,열원,A2,5℃,공통,공통,#1,0,0,0,0,0,0,0,4.87,0,4.91,0,0,0,0,0,0,0,0,0,0,0,0,0,0,0,0,0,0,0,0,0,0,0,0,0,24.5,0,0,0,26.2,0,18.7,9.25,0,0,18.1,0,0
GG,2026-06-09 11:28,열원,P1,13℃,저층부,공통,#2,0,0,0,0,0,-2,37.3,5.0899997,21.58,5.1099997,21.68,0,0,0,0,0,0,0,40.05,4.98,20.98,4.99,21.039999,0,0,0,0,0,0,0,0,0,0,0,0,24.949999,41.3,0,0,24.949999,0,20.4,0,0,0,20.9,0,0
GG,2026-06-09 11:28,열원,P1,13℃,저층부,공통,#3,0,0,0,0,0,0,43.399998,6.15,26.9,6.15,26.9,0,0,0,0,0,0,1,43.6,6.08,26.599998,6.1,26.599998,0,0,0,0,0,0,0,0,0,0,0,0,27,0,0,0,27,0,27.4,0,0,0,27.099998,0,0
GG,2026-06-09 11:28,열원,P1,13℃,저층부,공통,#1,1,1,756,0,0,70,44.399998,8.17,35.6,3.4199998,11.5,0,2,1,775,0,0,74,33.3,7.39,32.399998,3.23,10.2,0,1,0,1,0,1,1,1,1,0,0,0,28.099998,1796.9,0,192,33.7,3355.65,12.099999,1514.55,1,327,18.8,0,0
GG,2026-06-09 11:28,열원,P1,5℃,저층부,공통,#2,1,0,0,0,0,0,39.8,4.97,20.93,4.94,20.77,0,1,0,0,0,0,1,39,4.94,20.77,4.99,21.039999,0,0,0,1,0,0,1,1,1,0,0,0,24.699999,0,0,0,25.55,0,24.699999,0,0,0,21,0,0
GG,2026-06-09 11:28,열원,P1,5℃,저층부,공통,#3,1,1,831,0,0,53,37.399998,6.2799997,27.5,2.36,3.5,0,1,1,730,0,0,0,43.399998,6.47,28.4,3.05,8.9,0,1,0,1,0,1,1,1,1,0,0,0,23.8,4.2,0,272,27.4,2499.7915,6.7,899.925,1,184,15.099999,0,0
GG,2026-06-09 11:28,열원,P1,5℃,저층부,공통,#1,1,1,776,0,0,37,44.899998,7.5299997,33,2.62,5.7,0,0,1,907,0,0,8,47.6,7.98,34.8,2.98,8.4,0,1,0,1,0,1,1,1,1,0,0,0,30.4,2039.8,0,284,33.7,2090.027,7.7,890.175,1,185,14.799999,0,0
GG,2026-06-09 11:28,열원,P2,13℃,고층부,공통,#2,1,1,791,0,0,62,38.399998,8.309999,36.16,3.52,12.21,25,1,1,803,0,0,95,38.649998,7.44,32.649998,2.87,7.6,35,1,0,1,0,0,0,0,0,0,0,0,24.949999,1782.5625,1,211,31.55,2558.6267,14.549999,1682.0188,1,308,19.1,0,0
GG,2026-06-09 11:28,열원,P2,13℃,고층부,공통,#3,0,0,0,0,0,0,42,4.08,15.799999,4.02,15.429999,25,0,0,0,0,0,0,43.899998,4.0499997,15.62,4.0499997,15.62,25,0,0,0,0,0,0,0,0,0,0,0,23.05,28.175,0,0,24,0.6274793,16.3,3.45,0,0,16.4,0,0
GG,2026-06-09 11:28,열원,P2,13℃,고층부,공통,#1,0,0,0,0,0,0,47.100002,3.9399998,14.900001,3.85,14.3,25,0,0,0,0,0,0,44.5,3.85,14.3,3.9099998,14.7,50,0,0,0,0,0,0,0,0,0,0,0,23.300001,0,0,0,22.800001,0,16,0,0,0,14.7,0,0
GG,2026-06-09 11:28,열원,P2,13℃,저층부,공통,#2,1,1,745,0,0,100,45.2,7.87,34.41,2.69,6.22,25,1,1,712,0,0,100,40.95,7.0899997,31.16,2.53,4.95,30,1,0,1,0,0,0,0,0,0,0,0,23.35,1184.225,1,209,28.9,2510.1296,13.15,1725.1438,1,301,17.55,0,0
GG,2026-06-09 11:28,열원,P2,13℃,저층부,공통,#3,0,0,0,0,0,1,46.7,3.84,14.299999,3.73,13.599999,50,0,0,0,0,0,1,46.3,3.9299998,14.87,3.9199998,14.809999,50,0,0,0,0,0,0,0,0,0,0,0,24.6,0,0,0,24.85,0,13.15,0,0,0,14.299999,0,0
GG,2026-06-09 11:28,열원,P2,13℃,저층부,공통,#1,1,1,769,0,0,87,43,7.46,32.73,2.8899999,7.75,50,1,1,695,0,0,100,37.95,6.77,29.76,2.6299999,5.75,55,1,0,1,0,0,0,0,0,0,0,0,24.9,2026.85,1,216,29.15,2839.0908,13.5,1846.325,1,319,18.199999,0,0
GG,2026-06-09 11:28,열원,P2,5℃,고층부,공통,#2,0,0,0,0,0,0,48.45,4.36,17.48,4.35,17.42,50,0,0,0,0,0,0,50.2,4.43,17.89,4.5,18.3,40,0,0,0,0,0,0,0,0,0,0,0,23.3,1351.35,0,0,24.449999,-2.7271414,25.75,1.1375,0,0,18.5,0,0
GG,2026-06-09 11:28,열원,P2,5℃,고층부,공통,#3,0,0,0,0,0,0,40.399998,2.6799998,6.14,2.6599998,5.99,50,0,0,0,0,0,0,41.399998,2.83,7.2999997,2.82,7.22,65,0,0,0,0,0,0,0,0,0,0,0,20.85,0,0,0,23.75,0,6.35,0,0,0,6.5499997,0,0
GG,2026-06-09 11:28,열원,P2,5℃,고층부,공통,#1,0,0,0,0,0,1,41.75,2.74,6.6099997,2.82,7.22,25,0,0,0,0,0,0,39.85,2.85,7.45,2.95,8.2,100,0,0,0,0,0,0,0,0,0,0,0,21.199999,0,0,0,23.8,0.5843874,6.2999997,2.35625,0,0,6.95,0,0
GG,2026-06-09 11:28,열원,P2,5℃,저층부,공통,#2,0,0,0,0,0,0,27.15,3.6499999,13.07,3.6,12.75,85,0,0,0,0,0,1,44.8,4.08,15.799999,4.0499997,15.62,85,0,0,0,0,0,0,0,0,0,0,0,23.3,0,0,0,23.25,0,23.65,0,0,0,16.75,0,0
GG,2026-06-09 11:28,열원,P2,5℃,저층부,공통,#3,0,0,0,0,0,0,47.5,2.97,8.349999,2.97,8.349999,100,0,0,0,0,0,0,47.75,3.1699998,9.8,3.46,11.809999,25,0,0,0,0,0,0,0,0,0,0,0,22.4,0,0,0,24.55,0.075231455,6.7999997,0.65,0,0,7.0499997,0,0
GG,2026-06-09 11:28,열원,P2,5℃,저층부,공통,#1,0,0,0,0,0,0,48.649998,4.42,17.83,4.61,18.93,25,0,0,0,0,0,0,49.5,4.54,18.529999,4.61,18.93,25,0,0,0,0,0,0,0,0,0,0,0,26.15,2800,0,0,27.699999,-10.039373,26.5,3.81875,0,0,19.199999,0,0
GG,2026-06-09 11:29,열원,P2,5℃,저층부,공통,#1,0,0,0,0,0,0,48.6,4.42,17.83,4.61,18.93,25,0,0,0,0,0,0,49.5,4.56,18.64,4.61,18.93,25,0,0,0,0,0,0,0,0,0,0,0,26.199999,2800,0,0,27.699999,-22.428387,26.5,8.53125,0,0,19.199999,0,0
GG,2026-06-09 11:29,열원,P2,5℃,저층부,공통,#3,0,0,0,0,0,0,47.5,2.9299998,8.05,2.97,8.349999,100,0,0,0,0,0,0,47.8,3.1599998,9.73,3.4399998,11.67,25,0,0,0,0,0,0,0,0,0,0,0,22.4,0,0,0,24.6,0.09403933,6.7999997,0.8125,0,0,7.0499997,0,0
GG,2026-06-09 11:29,열원,P2,5℃,저층부,공통,#2,0,0,0,0,0,0,27.15,3.6599998,13.139999,3.6,12.75,85,0,0,0,0,0,1,44.8,4.0899997,15.86,4.0499997,15.62,85,0,0,0,0,0,0,0,0,0,0,0,23.3,0,0,0,23.3,0,23.65,0,0,0,16.75,0,0
GG,2026-06-09 11:29,열원,P2,5℃,고층부,공통,#1,0,0,0,0,0,1,41.75,2.75,6.69,2.81,7.1499996,25,0,0,0,0,0,0,39.85,2.85,7.45,2.96,8.2699995,100,0,0,0,0,0,0,0,0,0,0,0,21.25,2.45,0,0,23.85,0.5843874,6.2999997,2.35625,0,0,6.95,0,0
GG,2026-06-09 11:29,열원,P2,5℃,고층부,공통,#3,0,0,0,0,0,0,40.399998,2.69,6.22,2.6699998,6.06,50,0,0,0,0,0,0,41.45,2.83,7.2999997,2.84,7.37,65,0,0,0,0,0,0,0,0,0,0,0,20.85,0,0,0,23.8,0,6.2999997,0,0,0,6.5499997,0,0
GG,2026-06-09 11:29,열원,P2,5℃,고층부,공통,#2,0,0,0,0,0,0,48.45,4.36,17.48,4.35,17.42,50,0,0,0,0,0,0,50.2,4.44,17.949999,4.5,18.3,40,0,0,0,0,0,0,0,0,0,0,0,23.25,1354.675,0,0,24.5,-2.7271414,25.75,1.1375,0,0,18.55,0,0
GG,2026-06-09 11:29,열원,P2,13℃,저층부,공통,#1,1,1,768,0,0,87,43,7.44,32.649998,2.8799999,7.68,50,1,1,692,0,0,100,37.95,6.7599998,29.71,2.62,5.67,55,1,0,1,0,0,0,0,0,0,0,0,24.85,2030,1,217,29.15,2831.961,13.549999,1861.7063,1,319,18.199999,0,0
GG,2026-06-09 11:29,열원,P2,13℃,저층부,공통,#3,0,0,0,0,0,1,46.75,3.85,14.36,3.72,13.53,50,0,0,0,0,0,1,46.3,3.9299998,14.87,3.9199998,14.809999,50,0,0,0,0,0,0,0,0,0,0,0,24.65,0,0,0,24.85,0,13.15,0,0,0,14.299999,0,0
GG,2026-06-09 11:29,열원,P2,13℃,저층부,공통,#2,1,1,744,0,0,100,45.2,7.85,34.329998,2.6799998,6.14,25,1,1,712,0,0,100,40.95,7.0899997,31.16,2.53,4.95,30,1,0,1,0,0,0,0,0,0,0,0,23.3,1227.975,1,208,28.849998,2539.6216,13.15,1745.4125,1,299,17.55,0,0
GG,2026-06-09 11:29,열원,P2,13℃,고층부,공통,#1,0,0,0,0,0,0,47.100002,3.9399998,14.900001,3.85,14.3,25,0,0,0,0,0,0,44.5,3.85,14.3,3.9099998,14.7,50,0,0,0,0,0,0,0,0,0,0,0,23.300001,0,0,0,22.800001,0,16,0,0,0,14.7,0,0
GG,2026-06-09 11:29,열원,P2,13℃,고층부,공통,#3,0,0,0,0,0,0,41.95,4.08,15.799999,4.02,15.429999,25,0,0,0,0,0,0,43.8,4.0499997,15.62,4.06,15.679999,25,0,0,0,0,0,0,0,0,0,0,0,23.05,12.6,0,0,24,0.7582041,16.35,4.16875,0,0,16.4,0,0
GG,2026-06-09 11:29,열원,P2,13℃,고층부,공통,#2,1,1,790,0,0,62,38.35,8.32,36.2,3.52,12.21,25,1,1,801,0,0,95,38.6,7.44,32.649998,2.87,7.6,35,1,0,1,0,0,0,0,0,0,0,0,24.949999,1763.4375,1,211,31.5,2547.0374,14.549999,1674.4,1,308,19.1,0,0
GG,2026-06-09 11:29,열원,P1,5℃,저층부,공통,#1,1,1,779,0,0,38,44.899998,7.5499997,33.1,2.6399999,5.7999997,0,0,1,912,0,0,9,47.8,8.01,34.899998,2.98,8.4,0,1,0,1,0,1,1,1,1,0,0,0,30.4,2079.7,0,284,33.7,2041.9543,7.7999997,869.7,1,185,14.9,0,0
GG,2026-06-09 11:29,열원,P1,5℃,저층부,공통,#3,1,1,837,0,0,53,37.399998,6.2799997,27.5,2.35,3.5,0,1,1,730,0,0,0,43.399998,6.47,28.4,3.05,8.9,0,1,0,1,0,1,1,1,1,0,0,0,23.8,1.4,0,271,27.4,2475.4165,6.7,891.15,1,184,15.099999,0,0
GG,2026-06-09 11:29,열원,P1,5℃,저층부,공통,#2,1,0,0,0,0,0,39.8,4.94,20.77,4.95,20.82,0,1,0,0,0,0,1,39,4.95,20.82,4.97,20.93,0,0,0,1,0,0,1,1,1,0,0,0,24.75,0,0,0,25.55,0,24.75,0,0,0,21,0,0
GG,2026-06-09 11:29,열원,P1,13℃,저층부,공통,#1,1,1,756,0,0,70,44.399998,8.19,35.7,3.4399998,11.7,0,2,1,774,0,0,74,33.399998,7.4199996,32.5,3.24,10.3,0,1,0,1,0,1,1,1,1,0,0,0,28.099998,1782.9,0,192,33.8,3356.9236,12.099999,1515.125,1,327,18.8,0,0
GG,2026-06-09 11:29,열원,P1,13℃,저층부,공통,#3,0,0,0,0,0,0,43.399998,6.15,26.9,6.15,26.9,0,0,0,0,0,0,1,43.6,6.08,26.599998,6.12,26.699999,0,0,0,0,0,0,0,0,0,0,0,0,27,0,0,0,27,0,27.4,0,0,0,27.099998,0,0
GG,2026-06-09 11:29,열원,P1,13℃,저층부,공통,#2,0,0,0,0,0,-2,37.25,5.08,21.52,5.1099997,21.68,0,0,0,0,0,0,0,40.1,4.97,20.93,4.99,21.039999,0,0,0,0,0,0,0,0,0,0,0,0,24.949999,53.9,0,0,25,0.09507311,20.4,2.875,0,0,20.9,0,0
GS,2026-06-09 11:29,열원,A2,5℃,공통,공통,#1,0,0,0,0,0,0,0,4.87,0,4.91,0,0,0,0,0,0,0,0,0,0,0,0,0,0,0,0,0,0,0,0,0,0,0,0,0,24.5,0,0,0,26.2,0,18.7,9,0,0,18.1,0,0
GS,2026-06-09 11:29,열원,A2,5℃,공통,공통,#3,0,0,0,0,0,-0.103950106,0,0.38352695,0,1.8575077,0,0,0,0,0,0,0,0,0,0,0,0,0,0,0,0,0,0,0,0,0,0,0,0,0,29.697948,3.575,0,0,28.797634,0,29.028097,2.25,0,0,28.96103,0,0
GS,2026-06-09 11:29,열원,A2,5℃,공통,공통,#2,0,0,0,0,0,0.6198347,0,-0.2645728,0,21.465033,0,0,0,0,0,0,0,0,0,0,0,0,0,0,0,0,0,0,0,0,0,0,0,0,0,25.5654,0,0,0,23.020535,0,19.599224,1,0,0,18.328375,0,0
GS,2026-06-09 11:29,열원,A2,13℃,공통,공통,#1,0,0,0,0,0,0.1019368,0,0.4723059,0,0.0928772,0,0,0,0,0,0,0,0,0,0,0,0,0,0,0,0,0,0,0,0,0,0,0,0,0,28.983776,0,0,0,28.640356,0,21.940334,6.5,0,0,21.074137,0,0
GS,2026-06-09 11:29,열원,A2,13℃,공통,공통,#3,0,0,0,0,0,0,0,-0.17037296,0,3.8078926,0,0,0,0,0,0,0,0,0,0,0,0,0,0,0,0,0,0,0,0,0,0,0,0,0,30.054195,3.3,0,0,29.681486,0,29.126678,3.75,0,0,29.151419,0,0
GS,2026-06-09 11:29,열원,A2,13℃,공통,공통,#2,0,0,0,0,0,0,0,0.5053053,0,4.7828317,0,0,0,0,0,0,0,0,0,0,0,0,0,0,0,0,0,0,0,0,0,0,0,0,0,28.305614,515.075,0,0,27.980938,0,22.103565,0.5,0,0,21.209059,0,0
GS,2026-06-09 11:29,열원,A1,5℃,공통,공통,#1,1,1,1005.32837,0,0,48,40.05,6.64,29.179998,2.27,2.77,0,1,1,0,0,0,28,40.2,6.39,28.029999,2.28,2.87,0,1,0,1,0,0,0,0,0,0,0,0,24.55,1571.25,1,180.03494,28.65,0,5,663.25,1,119.85435,13.15,0,0
GS,2026-06-09 11:29,열원,A1,5℃,공통,공통,#3,1,0,0,0,0,0,41.399998,5.15,21.89,5.17,22,0,1,0,0,0,0,0,39.7,5.1,21.619999,5.08,21.52,0,1,0,0,0,0,0,0,0,0,0,0,27.199999,20,0,0,28.849998,0,21.4,14.5,0,0,21.35,0,0
GS,2026-06-09 11:29,열원,A1,5℃,공통,공통,#2,1,1,577.6377,0,0,63,39.9,6.54,28.7,2.57,5.3,0,1,0,0,0,0,0,0,0,0,0,0,0,1,0,1,0,0,0,0,0,0,0,0,23.5,916.875,1,69.754654,26.8,0,5.5,358.25,1,68.79357,13.5,0,0
GS,2026-06-09 11:30,열원,A2,5℃,공통,공통,#1,0,0,0,0,0,0,0,4.87,0,4.91,0,0,0,0,0,0,0,0,0,0,0,0,0,0,0,0,0,0,0,0,0,0,0,0,0,24.5,0,0,0,26.2,0,18.7,9,0,0,18.1,0,0
GS,2026-06-09 11:30,열원,A2,5℃,공통,공통,#3,0,0,0,0,0,-0.103950106,0,0.38352695,0,1.8575077,0,0,0,0,0,0,0,0,0,0,0,0,0,0,0,0,0,0,0,0,0,0,0,0,0,29.697948,3.575,0,0,28.797634,0,29.028097,2.25,0,0,28.96103,0,0
GS,2026-06-09 11:30,열원,A2,5℃,공통,공통,#2,0,0,0,0,0,0.6198347,0,-0.2645728,0,21.46434,0,0,0,0,0,0,0,0,0,0,0,0,0,0,0,0,0,0,0,0,0,0,0,0,0,25.570633,0,0,0,23.032753,0,19.599224,1.25,0,0,18.423958,0,0
GS,2026-06-09 11:30,열원,A2,13℃,공통,공통,#1,0,0,0,0,0,0.1019368,0,0.4723059,0,0.0928772,0,0,0,0,0,0,0,0,0,0,0,0,0,0,0,0,0,0,0,0,0,0,0,0,0,28.983776,0,0,0,28.640356,0,21.940334,6.75,0,0,21.074137,0,0
GS,2026-06-09 11:30,열원,A2,13℃,공통,공통,#3,0,0,0,0,0,0,0,-0.17037296,0,3.8078926,0,0,0,0,0,0,0,0,0,0,0,0,0,0,0,0,0,0,0,0,0,0,0,0,0,30.054195,3.025,0,0,29.681486,0,29.126678,4,0,0,29.151419,0,0
GS,2026-06-09 11:30,열원,A2,13℃,공통,공통,#2,0,0,0,0,0,0,0,0.5053053,0,4.7828317,0,0,0,0,0,0,0,0,0,0,0,0,0,0,0,0,0,0,0,0,0,0,0,0,0,28.305614,514.525,0,0,27.980938,0,22.103565,0.75,0,0,21.209059,0,0
GS,2026-06-09 11:30,열원,A1,5℃,공통,공통,#1,1,1,1008.31067,0,0,48,40.05,6.6299996,29.13,2.27,2.77,0,1,1,0,0,0,27,40.149998,6.41,28.119999,2.25,2.62,0,1,0,1,0,0,0,0,0,0,0,0,24.55,1605.625,1,181.5061,28.699999,0,4.95,684,1,119.85435,13.15,0,0
GS,2026-06-09 11:30,열원,A1,5℃,공통,공통,#3,1,0,0,0,0,0,41.399998,5.15,21.89,5.16,21.939999,0,1,0,0,0,0,0,39.7,5.1,21.619999,5.08,21.52,0,1,0,0,0,0,0,0,0,0,0,0,27.15,20,0,0,28.849998,0,21.35,8.5,0,0,21.35,0,0
GS,2026-06-09 11:30,열원,A1,5℃,공통,공통,#2,1,1,579.0943,0,0,62,39.9,6.56,28.8,2.57,5.3,0,1,0,0,0,0,0,0,0,0,0,0,0,1,0,1,0,0,0,0,0,0,0,0,23.6,886.875,1,69.754654,26.8,0,5.5,363.125,1,69.586624,13.5,0,0
GG,2026-06-09 11:30,열원,P2,5℃,저층부,공통,#1,0,0,0,0,0,0,48.649998,4.43,17.89,4.61,18.93,25,0,0,0,0,0,0,49.5,4.5499997,18.59,4.61,18.93,25,0,0,0,0,0,0,0,0,0,0,0,26.199999,2800,0,0,27.699999,-6.194507,26.5,2.35625,0,0,19.199999,0,0
GG,2026-06-09 11:30,열원,P2,5℃,저층부,공통,#3,0,0,0,0,0,0,47.5,2.95,8.2,2.96,8.2699995,100,0,0,0,0,0,0,47.8,3.1599998,9.73,3.4499998,11.74,25,0,0,0,0,0,0,0,0,0,0,0,22.4,0,0,0,24.6,0.06582753,6.7999997,0.56875,0,0,7.0499997,0,0
GG,2026-06-09 11:30,열원,P2,5℃,저층부,공통,#2,0,0,0,0,0,0,27.099998,3.6599998,13.139999,3.6,12.75,85,0,0,0,0,0,1,44.8,4.08,15.799999,4.0499997,15.62,85,0,0,0,0,0,0,0,0,0,0,0,23.3,0,0,0,23.3,0,23.65,0,0,0,16.75,0,0
GG,2026-06-09 11:30,열원,P2,5℃,고층부,공통,#1,0,0,0,0,0,0,41.8,2.74,6.6099997,2.82,7.22,25,0,0,0,0,0,0,39.85,2.85,7.45,2.96,8.2699995,100,0,0,0,0,0,0,0,0,0,0,0,21.25,3.675,0,0,23.85,0.5843874,6.2999997,2.35625,0,0,6.95,0,0
GG,2026-06-09 11:30,열원,P2,5℃,고층부,공통,#3,0,0,0,0,0,0,40.35,2.7,6.2999997,2.6699998,6.06,50,0,0,0,0,0,0,41.45,2.83,7.2999997,2.83,7.2999997,65,0,0,0,0,0,0,0,0,0,0,0,20.85,0,0,0,23.8,0,6.35,0,0,0,6.5499997,0,0
GG,2026-06-09 11:30,열원,P2,5℃,고층부,공통,#2,0,0,0,0,0,0,48.5,4.35,17.42,4.35,17.42,50,0,0,0,0,0,0,50.2,4.43,17.89,4.5,18.3,40,0,0,0,0,0,0,0,0,0,0,0,23.25,1345.4,0,0,24.449999,-2.7459488,25.8,1.1375,0,0,18.55,0,0
GG,2026-06-09 11:30,열원,P2,13℃,저층부,공통,#1,1,1,767,0,0,87,43,7.4199996,32.559998,2.8799999,7.68,50,1,1,691,0,0,100,37.95,6.74,29.619999,2.61,5.5899997,55,1,0,1,0,0,0,0,0,0,0,0,24.75,2008.65,1,214,29.05,2817.7468,13.549999,1852.3625,1,319,18.199999,0,0
GG,2026-06-09 11:30,열원,P2,13℃,저층부,공통,#3,0,0,0,0,0,1,46.8,3.84,14.299999,3.73,13.599999,50,0,0,0,0,0,1,46.3,3.9399998,14.929999,3.9199998,14.809999,50,0,0,0,0,0,0,0,0,0,0,0,24.6,0,0,0,24.85,0,13.15,0,0,0,14.299999,0,0
GG,2026-06-09 11:30,열원,P2,13℃,저층부,공통,#2,1,1,745,0,0,100,45.2,7.83,34.25,2.6799998,6.14,25,1,1,711,0,0,100,40.899998,7.06,31.029999,2.52,4.87,30,1,0,1,0,0,0,0,0,0,0,0,23.199999,983.85,1,208,28.8,2492.358,13.099999,1732.6188,1,300,17.5,0,0
GG,2026-06-09 11:30,열원,P2,13℃,고층부,공통,#1,0,0,0,0,0,0,47.2,3.9399998,14.900001,3.85,14.3,25,0,0,0,0,0,0,44.5,3.85,14.3,3.9099998,14.7,50,0,0,0,0,0,0,0,0,0,0,0,23.300001,0,0,0,22.800001,0,16,0,0,0,14.7,0,0
GG,2026-06-09 11:30,열원,P2,13℃,고층부,공통,#3,0,0,0,0,0,0,41.95,4.08,15.799999,4.02,15.429999,25,0,0,0,0,0,0,43.8,4.0499997,15.62,4.06,15.679999,25,0,0,0,0,0,0,0,0,0,0,0,23.05,21.875,0,0,24,0.83663905,16.35,4.6,0,0,16.35,0,0
GG,2026-06-09 11:30,열원,P2,13℃,고층부,공통,#2,1,1,789,0,0,63,38.35,8.29,36.079998,3.52,12.21,25,1,1,798,0,0,95,38.5,7.41,32.52,2.85,7.45,35,1,0,1,0,0,0,0,0,0,0,0,24.85,1770.5625,1,211,31.449999,2555.128,14.5,1679.7188,1,308,19.05,0,0
GG,2026-06-09 11:30,열원,P1,5℃,저층부,공통,#1,1,1,776,0,0,39,45,7.5699997,33.2,2.6399999,5.7999997,0,0,1,906,0,0,9,47.8,8.0199995,35,2.98,8.4,0,1,0,1,0,1,1,1,1,0,0,0,30.4,2061.5,0,283,33.7,2102.9993,7.7999997,894.4,1,186,14.9,0,0
GG,2026-06-09 11:30,열원,P1,5℃,저층부,공통,#3,1,1,860,0,0,56,37.399998,6.31,27.599998,2.33,3.3,0,1,1,731,0,0,0,43.399998,6.49,28.5,3.05,8.9,0,1,0,1,0,1,1,1,1,0,0,0,23.8,5.6,0,272,27.4,2529.551,6.7,898.625,1,183,15.2,0,0
GG,2026-06-09 11:30,열원,P1,5℃,저층부,공통,#2,1,0,0,0,0,0,39.8,4.95,20.82,4.92,20.66,0,1,0,0,0,0,1,39,4.95,20.82,4.97,20.93,0,0,0,1,0,0,1,1,1,0,0,0,24.699999,0,0,0,25.5,0,24.75,0,0,0,21,0,0
GG,2026-06-09 11:30,열원,P1,13℃,저층부,공통,#1,1,1,756,0,0,70,44.399998,8.17,35.6,3.4199998,11.5,0,2,1,772,0,0,74,33.3,7.39,32.399998,3.24,10.3,0,1,0,1,0,1,1,1,1,0,0,0,28.199999,1794.1,0,191,33.8,3337.814,12.099999,1507.075,1,327,18.8,0,0
GG,2026-06-09 11:30,열원,P1,13℃,저층부,공통,#3,0,0,0,0,0,0,43.399998,6.15,26.9,6.1299996,26.8,0,0,0,0,0,0,1,43.6,6.08,26.599998,6.1,26.599998,0,0,0,0,0,0,0,0,0,0,0,0,27,0,0,0,27,0,27.4,0,0,0,27.099998,0,0
GG,2026-06-09 11:30,열원,P1,13℃,저층부,공통,#2,0,0,0,0,0,-2,37.25,5.0899997,21.58,5.1099997,21.68,0,0,0,0,0,0,0,40.1,4.98,20.98,4.99,21.039999,0,0,0,0,0,0,0,0,0,0,0,0,24.9,47.6,0,0,25,0,20.4,0,0,0,20.9,0,0
GS,2026-06-09 11:31,열원,A2,13℃,공통,공통,#3,0,0,0,0,0,0,0,-0.17037296,0,3.8078926,0,0,0,0,0,0,0,0,0,0,0,0,0,0,0,0,0,0,0,0,0,0,0,0,0,30.054195,3.3,0,0,29.681486,0,29.126678,3.75,0,0,29.151419,0,0
GS,2026-06-09 11:31,열원,A2,13℃,공통,공통,#1,0,0,0,0,0,0.1019368,0,0.4723059,0,0.0928772,0,0,0,0,0,0,0,0,0,0,0,0,0,0,0,0,0,0,0,0,0,0,0,0,0,28.983776,0,0,0,28.640356,0,21.940334,6.75,0,0,21.074137,0,0
GS,2026-06-09 11:31,열원,A2,5℃,공통,공통,#2,0,0,0,0,0,0.6198347,0,-0.2645728,0,21.45431,0,0,0,0,0,0,0,0,0,0,0,0,0,0,0,0,0,0,0,0,0,0,0,0,0,25.573729,0,0,0,23.020535,0,19.599224,1.25,0,0,18.316422,0,0
GS,2026-06-09 11:31,열원,A2,5℃,공통,공통,#3,0,0,0,0,0,-0.103950106,0,0.38352695,0,1.8575077,0,0,0,0,0,0,0,0,0,0,0,0,0,0,0,0,0,0,0,0,0,0,0,0,0,29.697948,3.575,0,0,28.797634,0,29.028097,2.25,0,0,28.96103,0,0
GS,2026-06-09 11:31,열원,A2,5℃,공통,공통,#1,0,0,0,0,0,0,0,4.87,0,4.91,0,0,0,0,0,0,0,0,0,0,0,0,0,0,0,0,0,0,0,0,0,0,0,0,0,24.5,0,0,0,26.1,0,18.7,9.25,0,0,18.1,0,0
GS,2026-06-09 11:31,열원,A2,13℃,공통,공통,#2,0,0,0,0,0,0,0,0.5053053,0,4.7828317,0,0,0,0,0,0,0,0,0,0,0,0,0,0,0,0,0,0,0,0,0,0,0,0,0,28.305614,515.9,0,0,27.980938,0,22.103565,0.5,0,0,21.209059,0,0
GS,2026-06-09 11:31,열원,A1,5℃,공통,공통,#1,1,1,1005.6333,0,0,48,40.05,6.6299996,29.13,2.27,2.77,0,1,1,0,0,0,27,40.2,6.3799996,27.99,2.24,2.53,0,1,0,1,0,0,0,0,0,0,0,0,24.5,1583.125,1,180.39417,28.65,0,4.95,667,1,119.85435,13.099999,0,0
GS,2026-06-09 11:31,열원,A1,5℃,공통,공통,#3,1,0,0,0,0,0,41.399998,5.16,21.939999,5.17,22,0,1,0,0,0,0,0,39.649998,5.1099997,21.68,5.08,21.52,0,1,0,0,0,0,0,0,0,0,0,0,27.15,20,0,0,28.9,0,21.35,11.75,0,0,21.35,0,0
GS,2026-06-09 11:31,열원,A1,5℃,공통,공통,#2,1,1,580.1765,0,0,63,39.9,6.54,28.7,2.57,5.3,0,1,0,0,0,0,0,0,0,0,0,0,0,1,0,1,0,0,0,0,0,0,0,0,23.6,913.5,1,69.754654,26.8,0,5.5,358.375,1,68.74454,13.5,0,0
GG,2026-06-09 11:31,열원,P1,13℃,저층부,공통,#2,0,0,0,0,0,-2,37.25,5.0899997,21.58,5.1099997,21.68,0,0,0,0,0,0,0,40.1,4.96,20.869999,5,21.09,0,0,0,0,0,0,0,0,0,0,0,0,24.9,46.2,0,0,24.949999,0,20.4,0,0,0,20.9,0,0
GG,2026-06-09 11:31,열원,P1,13℃,저층부,공통,#3,0,0,0,0,0,0,43.399998,6.15,26.9,6.15,26.9,0,0,0,0,0,0,1,43.6,6.08,26.599998,6.1,26.599998,0,0,0,0,0,0,0,0,0,0,0,0,27,0,0,0,27,0,27.4,0,0,0,27.099998,0,0
GG,2026-06-09 11:31,열원,P1,13℃,저층부,공통,#1,1,1,754,0,0,70,44.399998,8.19,35.7,3.4399998,11.7,0,2,1,771,0,0,74,33.399998,7.3999996,32.5,3.24,10.3,0,1,0,1,0,1,1,1,1,0,0,0,28.099998,1787.1,0,191,33.7,3360.7456,12.099999,1520.3,1,326,18.8,0,0
GG,2026-06-09 11:31,열원,P1,5℃,저층부,공통,#2,1,0,0,0,0,0,39.75,4.95,20.82,4.93,20.71,0,1,0,0,0,0,1,39,4.93,20.71,4.98,20.98,0,0,0,1,0,0,1,1,1,0,0,0,24.699999,0,0,0,25.55,-10.199238,24.699999,1.95,0,0,21.05,0,0
GG,2026-06-09 11:31,열원,P1,5℃,저층부,공통,#3,1,1,857,0,0,57,37.399998,6.31,27.599998,2.33,3.3,0,1,1,731,0,0,0,43.399998,6.49,28.5,3.05,8.9,0,1,0,1,0,1,1,1,1,0,0,0,23.8,2.8,0,271,27.4,2513.1077,6.7,896.35,1,184,15.2,0,0
GG,2026-06-09 11:31,열원,P1,5℃,저층부,공통,#1,1,1,782,0,0,41,45.1,7.5699997,33.2,2.62,5.7,0,0,1,912,0,0,8,47.8,8.01,34.899998,2.98,8.4,0,1,0,1,0,1,1,1,1,0,0,0,30.4,2051.7,0,284,33.8,2081.6335,7.7999997,889.2,1,185,14.9,0,0
GG,2026-06-09 11:31,열원,P2,13℃,고층부,공통,#2,1,1,789,0,0,62,38.3,8.26,35.96,3.52,12.21,25,1,1,800,0,0,95,38.5,7.39,32.44,2.85,7.45,35,1,0,1,0,0,0,0,0,0,0,0,24.8,1739.25,1,211,31.4,2553.5974,14.549999,1678.7125,1,307,19.1,0,0
GG,2026-06-09 11:31,열원,P2,13℃,고층부,공통,#3,0,0,0,0,0,0,41.95,4.08,15.799999,4.02,15.429999,25,0,0,0,0,0,0,43.8,4.0499997,15.62,4.06,15.679999,25,0,0,0,0,0,0,0,0,0,0,0,23.05,18.9,0,0,24,0.83663905,16.35,4.6,0,0,16.4,0,0
GG,2026-06-09 11:31,열원,P2,13℃,고층부,공통,#1,0,0,0,0,0,0,47.2,3.9399998,14.900001,3.85,14.3,25,0,0,0,0,0,0,44.5,3.85,14.3,3.9299998,14.8,50,0,0,0,0,0,0,0,0,0,0,0,23.300001,0,0,0,22.800001,0,16,0,0,0,14.7,0,0
GG,2026-06-09 11:31,열원,P2,13℃,저층부,공통,#2,1,1,744,0,0,100,45.149998,7.81,34.17,2.6799998,6.14,25,1,1,710,0,0,100,40.899998,7.0499997,30.99,2.52,4.87,30,1,0,1,0,0,0,0,0,0,0,0,23.199999,1046.5,1,208,28.699999,2404.2283,13.049999,1655.7125,1,301,17.449999,0,0
GG,2026-06-09 11:31,열원,P2,13℃,저층부,공통,#3,0,0,0,0,0,1,46.8,3.85,14.36,3.73,13.599999,50,0,0,0,0,0,1,46.3,3.9299998,14.87,3.9199998,14.809999,50,0,0,0,0,0,0,0,0,0,0,0,24.6,0,0,0,24.85,0,13.2,0,0,0,14.299999,0,0
GG,2026-06-09 11:31,열원,P2,13℃,저층부,공통,#1,1,1,766,0,0,87,43.05,7.3799996,32.399998,2.87,7.6,50,1,1,691,0,0,100,38,6.71,29.49,2.6,5.5099998,55,1,0,1,0,0,0,0,0,0,0,0,24.65,2051,1,216,28.949999,2807.2507,13.549999,1833.5312,1,319,18.199999,0,0
GG,2026-06-09 11:31,열원,P2,5℃,고층부,공통,#2,0,0,0,0,0,0,48.45,4.36,17.48,4.33,17.3,50,0,0,0,0,0,0,50.2,4.43,17.89,4.5,18.3,40,0,0,0,0,0,0,0,0,0,0,0,23.25,1355.55,0,0,24.449999,-1.3729748,25.75,1.21875,0,0,18.5,0,0
GG,2026-06-09 11:31,열원,P2,5℃,고층부,공통,#3,0,0,0,0,0,0,40.35,2.69,6.22,2.6599998,5.99,50,0,0,0,0,0,0,41.55,2.83,7.2999997,2.84,7.37,65,0,0,0,0,0,0,0,0,0,0,0,20.85,0,0,0,23.8,0,6.35,0,0,0,6.5499997,0,0
GG,2026-06-09 11:31,열원,P2,5℃,고층부,공통,#1,0,0,0,0,0,1,41.8,2.75,6.69,2.82,7.22,25,0,0,0,0,0,0,39.85,2.85,7.45,2.96,8.2699995,100,0,0,0,0,0,0,0,0,0,0,0,21.25,7.7,0,0,23.8,0.4030258,6.2999997,1.625,0,0,6.95,0,0
GG,2026-06-09 11:31,열원,P2,5℃,저층부,공통,#2,0,0,0,0,0,0,27.15,3.6499999,13.07,3.6,12.75,85,0,0,0,0,0,1,44.8,4.08,15.799999,4.06,15.679999,85,0,0,0,0,0,0,0,0,0,0,0,23.3,0,0,0,23.3,0,23.65,0,0,0,16.75,0,0
GG,2026-06-09 11:31,열원,P2,5℃,저층부,공통,#3,0,0,0,0,0,0,47.5,2.95,8.2,2.97,8.349999,100,0,0,0,0,0,0,47.8,3.1599998,9.73,3.46,11.809999,25,0,0,0,0,0,0,0,0,0,0,0,22.4,0,0,0,24.55,0.018807864,6.7999997,0.73125,0,0,7.0499997,0,0
GG,2026-06-09 11:31,열원,P2,5℃,저층부,공통,#1,0,0,0,0,0,0,48.649998,4.42,17.83,4.62,18.99,25,0,0,0,0,0,0,49.5,4.56,18.64,4.61,18.93,25,0,0,0,0,0,0,0,0,0,0,0,26.199999,2800,0,0,27.699999,-5.518766,26.5,2.03125,0,0,19.199999,0,0
GS,2026-06-09 11:32,열원,A2,13℃,공통,공통,#2,0,0,0,0,0,0,0,0.5053053,0,4.7828317,0,0,0,0,0,0,0,0,0,0,0,0,0,0,0,0,0,0,0,0,0,0,0,0,0,28.305614,516.725,0,0,27.980938,0,22.103565,0.75,0,0,21.209059,0,0
GG,2026-06-09 11:32,열원,P1,13℃,저층부,공통,#2,0,0,0,0,0,-2,37.2,5.0899997,21.58,5.1099997,21.68,0,0,0,0,0,0,0,40.149998,4.97,20.93,4.98,20.98,0,0,0,0,0,0,0,0,0,0,0,0,24.9,60.2,0,0,24.949999,0,20.4,0,0,0,20.85,0,0
GG,2026-06-09 11:32,열원,P1,13℃,저층부,공통,#3,0,0,0,0,0,0,43.399998,6.15,26.9,6.15,26.9,0,0,0,0,0,0,1,43.6,6.08,26.599998,6.1,26.599998,0,0,0,0,0,0,0,0,0,0,0,0,27,0,0,0,27,0,27.4,0,0,0,27.099998,0,0
GG,2026-06-09 11:32,열원,P1,13℃,저층부,공통,#1,1,1,756,0,0,70,44.399998,8.19,35.7,3.4199998,11.5,0,2,1,775,0,0,74,33.5,7.3999996,32.5,3.24,10.3,0,1,0,1,0,1,1,1,1,0,0,0,28.199999,1793.4,0,191,33.8,3388.773,12.099999,1529.5,1,326,18.8,0,0
GG,2026-06-09 11:32,열원,P1,5℃,저층부,공통,#2,1,0,0,0,0,0,39.75,4.96,20.869999,4.93,20.71,0,1,0,0,0,0,1,39,4.91,20.6,4.98,20.98,0,0,0,1,0,0,1,1,1,0,0,0,24.75,0,0,0,25.5,0,24.699999,0,0,0,21,0,0
GG,2026-06-09 11:32,열원,P1,5℃,저층부,공통,#3,1,1,867,0,0,59,37.399998,6.3799996,28,2.31,3.1,0,1,1,731,0,0,0,43.5,6.52,28.599998,3.05,8.9,0,1,0,1,0,1,1,1,1,0,0,0,23.9,4.9,0,271,27.5,2522.243,6.7,897.325,1,184,15.2,0,0
GG,2026-06-09 11:32,열원,P1,5℃,저층부,공통,#1,1,1,783,0,0,42,45.1,7.58,33.2,2.62,5.7,0,0,1,906,0,0,8,47.899998,8.04,35.1,2.98,8.4,0,1,0,1,0,1,1,1,1,0,0,0,30.5,2051,0,284,33.8,2062.557,7.7999997,878.475,1,185,14.9,0,0
GG,2026-06-09 11:32,열원,P2,13℃,고층부,공통,#2,1,1,788,0,0,63,38.3,8.28,36.04,3.52,12.21,25,1,1,797,0,0,95,38.5,7.3999996,32.48,2.85,7.45,35,1,0,1,0,0,0,0,0,0,0,0,24.8,1752,1,211,31.349998,2554.9092,14.549999,1679.575,1,307,19.1,0,0
GG,2026-06-09 11:32,열원,P2,13℃,고층부,공통,#3,0,0,0,0,0,0,41.899998,4.08,15.799999,4.02,15.429999,25,0,0,0,0,0,0,43.8,4.0499997,15.62,4.0499997,15.62,25,0,0,0,0,0,0,0,0,0,0,0,23.05,13.825,0,0,24,0.915074,16.35,5.03125,0,0,16.4,0,0
GG,2026-06-09 11:32,열원,P2,13℃,고층부,공통,#1,0,0,0,0,0,0,47.2,3.9399998,14.900001,3.85,14.3,25,0,0,0,0,0,0,44.5,3.85,14.3,3.9299998,14.8,50,0,0,0,0,0,0,0,0,0,0,0,23.300001,0,0,0,22.800001,0,16,0,0,0,14.8,0,0
GG,2026-06-09 11:32,열원,P2,13℃,저층부,공통,#2,1,1,743,0,0,100,45.149998,7.7999997,34.13,2.6699998,6.06,25,1,1,709,0,0,100,40.899998,7.04,30.939999,2.51,4.79,30,0,0,1,0,0,0,0,0,0,0,0,23.1,698.075,1,208,28.65,2465.1602,13.049999,1690.2125,1,300,17.449999,0,0
GG,2026-06-09 11:32,열원,P2,13℃,저층부,공통,#3,0,0,0,0,0,1,46.8,3.85,14.36,3.73,13.599999,50,0,0,0,0,0,1,46.35,3.9299998,14.87,3.9199998,14.809999,50,0,0,0,0,0,0,0,0,0,0,0,24.6,0,0,0,24.85,0,13.2,0,0,0,14.299999,0,0
GG,2026-06-09 11:32,열원,P2,13℃,저층부,공통,#1,1,1,763,0,0,87,43,7.3799996,32.399998,2.86,7.5299997,50,1,1,690,0,0,100,38,6.7,29.439999,2.6,5.5099998,55,1,0,1,0,0,0,0,0,0,0,0,24.5,1977.5,1,216,28.849998,2898.5518,13.549999,1855.6687,1,320,18.199999,0,0
GG,2026-06-09 11:32,열원,P2,5℃,고층부,공통,#2,0,0,0,0,0,0,48.45,4.35,17.42,4.35,17.42,50,0,0,0,0,0,0,50.2,4.43,17.89,4.5,18.3,40,0,0,0,0,0,0,0,0,0,0,0,23.25,1352.575,0,0,24.5,-1.1768352,25.8,0.1625,0,0,18.5,0,0
GG,2026-06-09 11:32,열원,P2,5℃,고층부,공통,#3,0,0,0,0,0,0,40.35,2.69,6.22,2.6599998,5.99,50,0,0,0,0,0,0,41.55,2.82,7.22,2.82,7.22,65,0,0,0,0,0,0,0,0,0,0,0,20.85,0,0,0,23.8,0,6.35,0,0,0,6.5499997,0,0
GG,2026-06-09 11:32,열원,P2,5℃,고층부,공통,#1,0,0,0,0,0,1,41.8,2.75,6.69,2.83,7.2999997,25,0,0,0,0,0,0,39.85,2.85,7.45,2.96,8.2699995,100,0,0,0,0,0,0,0,0,0,0,0,21.25,4.725,0,0,23.8,0.70529515,6.2999997,2.84375,0,0,6.95,0,0
GG,2026-06-09 11:32,열원,P2,5℃,저층부,공통,#2,0,0,0,0,0,0,27.15,3.6499999,13.07,3.6,12.75,85,0,0,0,0,0,1,44.8,4.0899997,15.86,4.04,15.549999,85,0,0,0,0,0,0,0,0,0,0,0,23.3,0,0,0,23.3,0,23.65,0,0,0,16.75,0,0
GG,2026-06-09 11:32,열원,P2,5℃,저층부,공통,#3,0,0,0,0,0,0,47.5,2.96,8.2699995,2.97,8.349999,100,0,0,0,0,0,0,47.8,3.1699998,9.8,3.46,11.809999,25,0,0,0,0,0,0,0,0,0,0,0,22.4,0,0,0,24.55,0.10344326,6.7999997,0,0,0,7,0,0
GG,2026-06-09 11:32,열원,P2,5℃,저층부,공통,#1,0,0,0,0,0,0,48.649998,4.42,17.83,4.61,18.93,25,0,0,0,0,0,0,49.5,4.5499997,18.59,4.61,18.93,25,0,0,0,0,0,0,0,0,0,0,0,26.15,2800,0,0,27.699999,-46.565594,26.55,16.65625,0,0,19.199999,0,0
GS,2026-06-09 11:32,열원,A2,13℃,공통,공통,#1,0,0,0,0,0,0.1019368,0,0.4723059,0,0.0928772,0,0,0,0,0,0,0,0,0,0,0,0,0,0,0,0,0,0,0,0,0,0,0,0,0,28.983776,0,0,0,28.640356,0,21.940334,6.75,0,0,21.074137,0,0
GS,2026-06-09 11:32,열원,A2,5℃,공통,공통,#2,0,0,0,0,0,0.6198347,0,-0.2645728,0,21.454239,0,0,0,0,0,0,0,0,0,0,0,0,0,0,0,0,0,0,0,0,0,0,0,0,0,25.56431,0,0,0,23.032753,0,19.599224,1.25,0,0,18.292599,0,0
GS,2026-06-09 11:32,열원,A2,5℃,공통,공통,#3,0,0,0,0,0,-0.103950106,0,0.38352695,0,1.8575077,0,0,0,0,0,0,0,0,0,0,0,0,0,0,0,0,0,0,0,0,0,0,0,0,0,29.697948,3.575,0,0,28.797634,0,29.028097,2.5,0,0,28.96103,0,0
GS,2026-06-09 11:32,열원,A2,5℃,공통,공통,#1,0,0,0,0,0,0,0,4.87,0,4.91,0,0,0,0,0,0,0,0,0,0,0,0,0,0,0,0,0,0,0,0,0,0,0,0,0,24.5,0,0,0,26.1,0,18.7,9.25,0,0,18,0,0
GS,2026-06-09 11:32,열원,A2,13℃,공통,공통,#3,0,0,0,0,0,0,0,-0.17037296,0,3.8078926,0,0,0,0,0,0,0,0,0,0,0,0,0,0,0,0,0,0,0,0,0,0,0,0,0,30.054195,3.3,0,0,29.681486,0,29.126678,3.75,0,0,29.151419,0,0
GS,2026-06-09 11:32,열원,A1,5℃,공통,공통,#2,1,1,579.64294,0,0,62,39.9,6.54,28.7,2.57,5.3,0,1,0,0,0,0,0,0,0,0,0,0,0,1,0,1,0,0,0,0,0,0,0,0,23.5,906,1,69.754654,26.8,0,5.4,357.875,1,68.74454,13.5,0,0
GS,2026-06-09 11:32,열원,A1,5℃,공통,공통,#3,1,0,0,0,0,0,41.35,5.15,21.89,5.17,22,0,1,0,0,0,0,0,39.7,5.1099997,21.68,5.08,21.52,0,1,0,0,0,0,0,0,0,0,0,0,27.15,20,0,0,28.9,0,21.35,10.5,0,0,21.35,0,0
GS,2026-06-09 11:32,열원,A1,5℃,공통,공통,#1,1,1,1007.03674,0,0,48,40.05,6.64,29.179998,2.27,2.77,0,1,1,0,0,0,27,40.2,6.3999996,28.08,2.24,2.53,0,1,0,1,0,0,0,0,0,0,0,0,24.55,1610.625,1,180.6891,28.699999,0,4.9,673,1,118.817894,13.099999,0,0
GS,2026-06-09 11:33,열원,A1,5℃,공통,공통,#2,1,1,578.04175,0,0,63,39.9,6.54,28.7,2.57,5.3,0,1,0,0,0,0,0,0,0,0,0,0,0,1,0,1,0,0,0,0,0,0,0,0,23.6,912.375,1,69.754654,26.8,0,5.5,357.375,1,69.41117,13.5,0,0
GS,2026-06-09 11:33,열원,A1,5℃,공통,공통,#3,1,0,0,0,0,0,41.35,5.15,21.89,5.18,22.05,0,1,0,0,0,0,0,39.7,5.1099997,21.68,5.08,21.52,0,1,0,0,0,0,0,0,0,0,0,0,27.15,20,0,0,28.849998,0,21.4,15.25,0,0,21.35,0,0
GS,2026-06-09 11:33,열원,A1,5℃,공통,공통,#1,1,1,1007.47534,0,0,48,40.05,6.64,29.179998,2.26,2.69,0,1,1,0,0,0,27,40.2,6.42,28.17,2.25,2.62,0,1,0,1,0,0,0,0,0,0,0,0,24.55,1596.25,1,179.89044,28.699999,0,4.95,683.75,1,119.488556,13.15,0,0
GS,2026-06-09 11:33,열원,A2,13℃,공통,공통,#2,0,0,0,0,0,0,0,0.5053053,0,4.7828317,0,0,0,0,0,0,0,0,0,0,0,0,0,0,0,0,0,0,0,0,0,0,0,0,0,28.305614,517,0,0,27.980938,0,22.103565,0.75,0,0,21.209059,0,0
GS,2026-06-09 11:33,열원,A2,13℃,공통,공통,#3,0,0,0,0,0,0,0,-0.17037296,0,3.8078926,0,0,0,0,0,0,0,0,0,0,0,0,0,0,0,0,0,0,0,0,0,0,0,0,0,30.054195,3.3,0,0,29.681486,0,29.126678,3.75,0,0,29.151419,0,0
GS,2026-06-09 11:33,열원,A2,13℃,공통,공통,#1,0,0,0,0,0,0.1019368,0,0.4723059,0,0.0928772,0,0,0,0,0,0,0,0,0,0,0,0,0,0,0,0,0,0,0,0,0,0,0,0,0,28.983776,0,0,0,28.640356,0,21.940334,7,0,0,21.074137,0,0
GS,2026-06-09 11:33,열원,A2,5℃,공통,공통,#2,0,0,0,0,0,0.6198347,0,-0.2645728,0,21.494871,0,0,0,0,0,0,0,0,0,0,0,0,0,0,0,0,0,0,0,0,0,0,0,0,0,25.59192,0,0,0,23.03606,0,19.600851,1,0,0,18.37732,0,0
GS,2026-06-09 11:33,열원,A2,5℃,공통,공통,#3,0,0,0,0,0,-0.103950106,0,0.38352695,0,1.8575077,0,0,0,0,0,0,0,0,0,0,0,0,0,0,0,0,0,0,0,0,0,0,0,0,0,29.697948,3.575,0,0,28.797634,0,29.028097,2.5,0,0,28.96103,0,0
GS,2026-06-09 11:33,열원,A2,5℃,공통,공통,#1,0,0,0,0,0,0,0,4.87,0,4.91,0,0,0,0,0,0,0,0,0,0,0,0,0,0,0,0,0,0,0,0,0,0,0,0,0,24.5,0,0,0,26.2,0,18.7,9,0,0,18.1,0,0
GG,2026-06-09 11:33,열원,P1,13℃,저층부,공통,#2,0,0,0,0,0,-2,37.2,5.0899997,21.58,5.1099997,21.68,0,0,0,0,0,0,0,40.149998,4.99,21.039999,4.98,20.98,0,0,0,0,0,0,0,0,0,0,0,0,24.9,52.5,0,0,24.949999,0,20.4,0,0,0,20.9,0,0
GG,2026-06-09 11:33,열원,P1,13℃,저층부,공통,#3,0,0,0,0,0,0,43.399998,6.15,26.9,6.15,26.9,0,0,0,0,0,0,1,43.6,6.08,26.599998,6.1,26.599998,0,0,0,0,0,0,0,0,0,0,0,0,27,0,0,0,27,0,27.4,0,0,0,27.099998,0,0
GG,2026-06-09 11:33,열원,P1,13℃,저층부,공통,#1,1,1,755,0,0,70,44.5,8.19,35.7,3.4199998,11.5,0,2,1,775,0,0,74,33.3,7.3999996,32.5,3.23,10.2,0,1,0,1,0,1,1,1,1,0,0,0,28.199999,1794.8,0,191,33.8,3359.4717,12.099999,1516.275,1,327,18.8,0,0
GG,2026-06-09 11:33,열원,P1,5℃,저층부,공통,#2,1,0,0,0,0,0,39.75,4.95,20.82,4.94,20.77,0,1,0,0,0,0,1,39,4.93,20.71,4.97,20.93,0,0,0,1,0,0,1,1,1,0,0,0,24.699999,0,0,0,25.5,-6.760084,24.699999,5.525,0,0,21,0,0
GG,2026-06-09 11:33,열원,P1,5℃,저층부,공통,#3,1,1,877,0,0,58,37.5,6.3799996,28,2.31,3.1,0,1,1,735,0,0,0,43.6,6.54,28.699999,3.05,8.9,0,1,0,1,0,1,1,1,1,0,0,0,24,2.8,0,272,27.599998,2553.765,6.6,897.975,1,184,15.2,0,0
GG,2026-06-09 11:33,열원,P1,5℃,저층부,공통,#1,1,1,792,0,0,43,45.1,7.6,33.3,2.61,5.6,0,0,1,911,0,0,9,48,8.04,35.1,2.98,8.4,0,1,0,1,0,1,1,1,1,0,0,0,30.5,2018.1,0,284,33.8,2159.7024,7.7,907.075,1,186,14.9,0,0
GG,2026-06-09 11:33,열원,P2,13℃,고층부,공통,#2,1,1,789,0,0,63,38.3,8.26,35.96,3.52,12.21,25,1,1,799,0,0,95,38.5,7.39,32.44,2.85,7.45,35,1,0,1,0,0,0,0,0,0,0,0,24.75,1735.875,1,211,31.349998,2575.164,14.5,1674.6875,1,308,19.05,0,0
GG,2026-06-09 11:33,열원,P2,13℃,고층부,공통,#3,0,0,0,0,0,0,41.85,4.08,15.799999,4.02,15.429999,25,0,0,0,0,0,0,43.8,4.0499997,15.62,4.06,15.679999,25,0,0,0,0,0,0,0,0,0,0,0,23.1,4.2,0,0,24,0.7582041,16.35,4.16875,0,0,16.4,0,0
GG,2026-06-09 11:33,열원,P2,13℃,고층부,공통,#1,0,0,0,0,0,0,47.100002,3.9399998,14.900001,3.86,14.400001,25,0,0,0,0,0,0,44.5,3.86,14.400001,3.9299998,14.8,50,0,0,0,0,0,0,0,0,0,0,0,23.300001,0,0,0,22.800001,0,16,0,0,0,14.7,0,0
GG,2026-06-09 11:33,열원,P2,13℃,저층부,공통,#2,1,1,741,0,0,100,45.149998,7.96,34.78,2.71,6.3799996,25,1,1,710,0,0,100,40.899998,7.17,31.5,2.55,5.1099997,30,0,0,1,0,0,0,0,0,0,0,0,23.25,995.925,1,209,28.849998,2489.8772,13.049999,1730.8938,1,302,17.449999,0,0
GG,2026-06-09 11:33,열원,P2,13℃,저층부,공통,#3,0,0,0,0,0,1,46.8,3.85,14.36,3.73,13.599999,50,0,0,0,0,0,1,46.35,3.9299998,14.87,3.9199998,14.809999,50,0,0,0,0,0,0,0,0,0,0,0,24.6,0,0,0,24.85,0,13.2,0,0,0,14.299999,0,0
GG,2026-06-09 11:33,열원,P2,13℃,저층부,공통,#1,1,1,765,0,0,87,43.05,7.37,32.35,2.86,7.5299997,50,1,1,689,0,0,100,38,6.69,29.4,2.6,5.5099998,55,1,0,1,0,0,0,0,0,0,0,0,24.449999,2012.85,1,216,28.8,2847.7114,13.5,1851.9313,1,319,18.199999,0,0
GG,2026-06-09 11:33,열원,P2,5℃,고층부,공통,#2,0,0,0,0,0,0,48.5,4.35,17.42,4.3399997,17.359999,50,0,0,0,0,0,0,50.2,4.44,17.949999,4.5,18.3,40,0,0,0,0,0,0,0,0,0,0,0,23.199999,1353.45,0,0,24.449999,-2.3536704,25.8,0.975,0,0,18.5,0,0
GG,2026-06-09 11:33,열원,P2,5℃,고층부,공통,#3,0,0,0,0,0,0,40.3,2.69,6.22,2.6599998,5.99,50,0,0,0,0,0,0,41.55,2.82,7.22,2.82,7.22,65,0,0,0,0,0,0,0,0,0,0,0,20.85,0,0,0,23.75,0,6.35,0,0,0,6.5499997,0,0
GG,2026-06-09 11:33,열원,P2,5℃,고층부,공통,#1,0,0,0,0,0,1,41.85,2.75,6.69,2.82,7.22,25,0,0,0,0,0,0,39.899998,2.85,7.45,2.96,8.2699995,100,0,0,0,0,0,0,0,0,0,0,0,21.25,9.1,0,0,23.85,0.60185164,6.35,2.6,0,0,6.95,0,0
GG,2026-06-09 11:33,열원,P2,5℃,저층부,공통,#2,0,0,0,0,0,0,27.15,3.6499999,13.07,3.59,12.679999,85,0,0,0,0,0,1,44.8,4.08,15.799999,4.04,15.549999,85,0,0,0,0,0,0,0,0,0,0,0,23.3,0,0,0,23.3,0,23.65,0,0,0,16.75,0,0
GG,2026-06-09 11:33,열원,P2,5℃,저층부,공통,#3,0,0,0,0,0,0,47.5,2.95,8.2,2.97,8.349999,100,0,0,0,0,0,0,47.8,3.1799998,9.87,3.46,11.809999,25,0,0,0,0,0,0,0,0,0,0,0,22.4,0,0,0,24.55,0.037615728,6.7999997,0.325,0,0,7,0,0
GG,2026-06-09 11:33,열원,P2,5℃,저층부,공통,#1,0,0,0,0,0,0,48.649998,4.42,17.83,4.61,18.93,25,0,0,0,0,0,0,49.5,4.5699997,18.699999,4.6,18.869999,25,0,0,0,0,0,0,0,0,0,0,0,26.199999,2800,0,0,27.699999,-10.039373,26.5,3.81875,0,0,19.199999,0,0
GS,2026-06-09 11:34,열원,A2,13℃,공통,공통,#2,0,0,0,0,0,0,0,0.5053053,0,4.7828317,0,0,0,0,0,0,0,0,0,0,0,0,0,0,0,0,0,0,0,0,0,0,0,0,0,28.305614,516.175,0,0,27.980938,0,22.103565,0.75,0,0,21.209059,0,0
GS,2026-06-09 11:34,열원,A1,5℃,공통,공통,#2,1,1,578.2814,0,0,62,39.9,6.54,28.7,2.57,5.3,0,1,0,0,0,0,0,0,0,0,0,0,0,1,0,1,0,0,0,0,0,0,0,0,23.5,906.375,1,69.754654,26.8,0,5.5,356.875,1,69.41117,13.6,0,0
GS,2026-06-09 11:34,열원,A1,5℃,공통,공통,#3,1,0,0,0,0,0,41.399998,5.15,21.89,5.18,22.05,0,1,0,0,0,0,0,39.7,5.1099997,21.68,5.08,21.52,0,1,0,0,0,0,0,0,0,0,0,0,27.15,20,0,0,28.849998,0,21.4,11.5,0,0,21.35,0,0
GS,2026-06-09 11:34,열원,A1,5℃,공통,공통,#1,1,1,1004.8413,0,0,46,40.1,6.6299996,29.13,2.27,2.77,0,1,1,0,0,0,27,40.2,6.42,28.17,2.24,2.53,0,1,0,1,0,0,0,0,0,0,0,0,24.55,1576.25,1,181.18478,28.699999,0,4.95,664.75,1,121.175934,13.099999,0,0
GS,2026-06-09 11:34,열원,A2,13℃,공통,공통,#3,0,0,0,0,0,0,0,-0.17037296,0,3.8078926,0,0,0,0,0,0,0,0,0,0,0,0,0,0,0,0,0,0,0,0,0,0,0,0,0,30.054195,3.025,0,0,29.681486,0,29.126678,4,0,0,29.151419,0,0
GG,2026-06-09 11:34,열원,P2,5℃,저층부,공통,#1,0,0,0,0,0,0,48.649998,4.41,17.779999,4.6,18.869999,25,0,0,0,0,0,0,49.5,4.5499997,18.59,4.61,18.93,25,0,0,0,0,0,0,0,0,0,0,0,26.15,2800,0,0,27.75,-17.40534,26.5,6.6625,0,0,19.25,0,0
GG,2026-06-09 11:34,열원,P2,5℃,저층부,공통,#3,0,0,0,0,0,0,47.5,2.95,8.2,2.96,8.2699995,100,0,0,0,0,0,0,47.75,3.1599998,9.73,3.4499998,11.74,25,0,0,0,0,0,0,0,0,0,0,0,22.4,0,0,0,24.55,0.028211799,6.7999997,0.24375,0,0,7.0499997,0,0
GG,2026-06-09 11:34,열원,P2,5℃,저층부,공통,#2,0,0,0,0,0,0,27.15,3.6399999,13.009999,3.6,12.75,85,0,0,0,0,0,1,44.85,4.0899997,15.86,4.04,15.549999,85,0,0,0,0,0,0,0,0,0,0,0,23.3,0,0,0,23.3,0,23.65,0,0,0,16.75,0,0
GG,2026-06-09 11:34,열원,P2,5℃,고층부,공통,#1,0,0,0,0,0,1,41.85,2.75,6.69,2.81,7.1499996,25,0,0,0,0,0,0,39.899998,2.86,7.5299997,2.96,8.2699995,100,0,0,0,0,0,0,0,0,0,0,0,21.25,18.025,0,0,23.8,0.52662027,6.35,2.275,0,0,6.95,0,0
GG,2026-06-09 11:34,열원,P2,5℃,고층부,공통,#3,0,0,0,0,0,0,40.25,2.69,6.22,2.6699998,6.06,50,0,0,0,0,0,0,41.55,2.83,7.2999997,2.83,7.2999997,65,0,0,0,0,0,0,0,0,0,0,0,20.85,0,0,0,23.8,0,6.35,0,0,0,6.5499997,0,0
GG,2026-06-09 11:34,열원,P2,5℃,고층부,공통,#2,0,0,0,0,0,0,48.45,4.35,17.42,4.36,17.48,50,0,0,0,0,0,0,50.2,4.43,17.89,4.5,18.3,40,0,0,0,0,0,0,0,0,0,0,0,23.35,1348.025,0,0,24.5,-1.9882605,25.65,0.8125,0,0,18.449999,0,0
GG,2026-06-09 11:34,열원,P2,13℃,저층부,공통,#1,1,1,772,0,0,91,43,7.3599997,32.309998,2.83,7.2999997,50,1,1,686,0,0,100,38,6.68,29.349998,2.6,5.5099998,55,1,0,1,0,0,0,0,0,0,0,0,24.4,2032.1,1,216,28.75,2821.902,13.5,1855.0938,1,319,18.15,0,0
GG,2026-06-09 11:34,열원,P2,13℃,저층부,공통,#3,0,0,0,0,0,1,46.85,3.85,14.36,3.73,13.599999,50,0,0,0,0,0,1,46.399998,3.9399998,14.929999,3.9199998,14.809999,50,0,0,0,0,0,0,0,0,0,0,0,24.6,0,0,0,24.85,0,13.2,0,0,0,14.299999,0,0
GG,2026-06-09 11:34,열원,P2,13℃,저층부,공통,#2,1,1,755,0,0,100,45.1,7.99,34.899998,2.73,6.5299997,25,1,1,721,0,0,100,40.85,7.2,31.63,2.56,5.19,30,0,0,1,0,0,0,0,0,0,0,0,23.5,1309.7,1,209,29.25,2533.788,13,1721.8375,1,300,17.449999,0,0
GG,2026-06-09 11:34,열원,P2,13℃,고층부,공통,#1,0,0,0,0,0,0,47.100002,3.9399998,14.900001,3.86,14.400001,25,0,0,0,0,0,0,44.600002,3.86,14.400001,3.9299998,14.8,50,0,0,0,0,0,0,0,0,0,0,0,23.300001,0,0,0,22.800001,0,16,0,0,0,14.8,0,0
GG,2026-06-09 11:34,열원,P2,13℃,고층부,공통,#3,0,0,0,0,0,0,41.85,4.08,15.799999,4.02,15.429999,25,0,0,0,0,0,0,43.75,4.0499997,15.62,4.06,15.679999,25,0,0,0,0,0,0,0,0,0,0,0,23.05,6.65,0,0,24,0.88892895,16.35,4.8875,0,0,16.4,0,0
GG,2026-06-09 11:34,열원,P2,13℃,고층부,공통,#2,1,1,786,0,0,62,38.3,8.24,35.88,3.51,12.15,25,1,1,797,0,0,95,38.5,7.3799996,32.399998,2.85,7.45,35,1,0,1,0,0,0,0,0,0,0,0,24.75,1790.8125,1,212,31.3,2572.5117,14.5,1672.9625,1,308,19.1,0,0
GG,2026-06-09 11:34,열원,P1,5℃,저층부,공통,#1,1,1,794,0,0,43,45,7.58,33.2,2.59,5.4,0,0,1,907,0,0,8,48,8.0199995,35,2.98,8.4,0,1,0,1,0,1,1,1,1,0,0,0,30.5,2039.1,0,284,33.8,2174.7917,7.6,900.9,1,185,14.9,0,0
GG,2026-06-09 11:34,열원,P1,5℃,저층부,공통,#3,1,1,876,0,0,58,37.5,6.3799996,28,2.31,3.1,0,1,1,734,0,0,0,43.6,6.54,28.699999,3.05,8.9,0,1,0,1,0,1,1,1,1,0,0,0,24,2.8,0,271,27.699999,2580.5688,6.6,907.4,1,184,15.2,0,0
GG,2026-06-09 11:34,열원,P1,5℃,저층부,공통,#2,1,0,0,0,0,0,39.7,4.96,20.869999,4.93,20.71,0,1,0,0,0,0,1,39.05,4.94,20.77,4.97,20.93,0,0,0,1,0,0,1,1,1,0,0,0,24.75,0,0,0,25.55,0,24.75,0,0,0,20.949999,0,0
GG,2026-06-09 11:34,열원,P1,13℃,저층부,공통,#1,1,1,755,0,0,70,44.5,8.19,35.7,3.4199998,11.5,0,2,1,772,0,0,74,33.5,7.4199996,32.5,3.24,10.3,0,1,0,1,0,1,1,1,1,0,0,0,28.199999,1797.6,0,192,33.8,3369.6633,12.099999,1520.875,1,326,18.8,0,0
GG,2026-06-09 11:34,열원,P1,13℃,저층부,공통,#3,0,0,0,0,0,0,43.399998,6.15,26.9,6.15,26.9,0,0,0,0,0,0,1,43.6,6.08,26.599998,6.1,26.599998,0,0,0,0,0,0,0,0,0,0,0,0,27,0,0,0,27,0,27.4,0,0,0,27.099998,0,0
GG,2026-06-09 11:34,열원,P1,13℃,저층부,공통,#2,0,0,0,0,0,-2,37.2,5.08,21.52,5.1099997,21.68,0,0,0,0,0,0,0,40.149998,4.98,20.98,4.98,20.98,0,0,0,0,0,0,0,0,0,0,0,0,24.9,73.5,0,0,25,0,20.4,2.3,0,0,20.85,0,0
GS,2026-06-09 11:34,열원,A2,5℃,공통,공통,#1,0,0,0,0,0,0,0,4.87,0,4.91,0,0,0,0,0,0,0,0,0,0,0,0,0,0,0,0,0,0,0,0,0,0,0,0,0,24.5,0,0,0,26.2,0,18.7,9.25,0,0,18.1,0,0
GS,2026-06-09 11:34,열원,A2,5℃,공통,공통,#3,0,0,0,0,0,-0.103950106,0,0.38352695,0,1.8575077,0,0,0,0,0,0,0,0,0,0,0,0,0,0,0,0,0,0,0,0,0,0,0,0,0,29.697948,3.3,0,0,28.797634,0,29.028097,2.25,0,0,28.96103,0,0
GS,2026-06-09 11:34,열원,A2,5℃,공통,공통,#2,0,0,0,0,0,0.6198347,0,-0.2645728,0,21.510399,0,0,0,0,0,0,0,0,0,0,0,0,0,0,0,0,0,0,0,0,0,0,0,0,0,25.58602,0,0,0,23.020535,0,19.599224,1.25,0,0,18.3288,0,0
GS,2026-06-09 11:34,열원,A2,13℃,공통,공통,#1,0,0,0,0,0,0.1019368,0,0.4723059,0,0.0928772,0,0,0,0,0,0,0,0,0,0,0,0,0,0,0,0,0,0,0,0,0,0,0,0,0,28.983776,0,0,0,28.640356,0,21.940334,6.75,0,0,21.074137,0,0
GG,2026-06-09 11:35,열원,P2,5℃,저층부,공통,#1,0,0,0,0,0,0,48.649998,4.42,17.83,4.61,18.93,25,0,0,0,0,0,0,49.5,4.56,18.64,4.61,18.93,25,0,0,0,0,0,0,0,0,0,0,0,26.15,2800,0,0,27.699999,-5.943287,26.5,0.89375,0,0,19.25,0,0
GG,2026-06-09 11:35,열원,P2,5℃,저층부,공통,#3,0,0,0,0,0,0,47.5,2.96,8.2699995,2.96,8.2699995,100,0,0,0,0,0,0,47.75,3.1699998,9.8,3.4499998,11.74,25,0,0,0,0,0,0,0,0,0,0,0,22.4,0,0,0,24.55,0.0752315,6.7999997,0,0,0,7,0,0
GG,2026-06-09 11:35,열원,P2,5℃,저층부,공통,#2,0,0,0,0,0,0,27.15,3.6499999,13.07,3.6,12.75,85,0,0,0,0,0,1,44.85,4.0899997,15.86,4.0499997,15.62,85,0,0,0,0,0,0,0,0,0,0,0,23.3,0,0,0,23.3,0,23.65,0,0,0,16.75,0,0
GG,2026-06-09 11:35,열원,P2,5℃,고층부,공통,#1,0,0,0,0,0,1,41.85,2.74,6.6099997,2.82,7.22,25,0,0,0,0,0,0,39.899998,2.85,7.45,2.95,8.2,100,0,0,0,0,0,0,0,0,0,0,0,21.25,2.275,0,0,23.85,0.5843874,6.2999997,2.35625,0,0,6.95,0,0
GG,2026-06-09 11:35,열원,P2,5℃,고층부,공통,#3,0,0,0,0,0,0,40.25,2.69,6.22,2.6499999,5.91,50,0,0,0,0,0,0,41.6,2.82,7.22,2.84,7.37,65,0,0,0,0,0,0,0,0,0,0,0,20.85,0,0,0,23.75,0,6.35,0,0,0,6.5499997,0,0
GG,2026-06-09 11:35,열원,P2,5℃,고층부,공통,#2,0,0,0,0,0,0,48.45,4.3399997,17.359999,4.35,17.42,50,0,0,0,0,0,0,50.2,4.43,17.89,4.5,18.3,40,0,0,0,0,0,0,0,0,0,0,0,23.35,1335.95,0,0,24.5,-2.5672736,25.699999,0.40625,0,0,18.449999,0,0
GG,2026-06-09 11:35,열원,P2,13℃,저층부,공통,#1,1,1,770,0,0,91,43,7.3599997,32.309998,2.83,7.2999997,50,1,1,688,0,0,100,38,6.68,29.349998,2.6,5.5099998,55,1,0,1,0,0,0,0,0,0,0,0,24.4,2022.3,1,216,28.75,2869.374,13.5,1876.5125,1,320,18.15,0,0
GG,2026-06-09 11:35,열원,P2,13℃,저층부,공통,#3,0,0,0,0,0,1,46.85,3.85,14.36,3.73,13.599999,50,0,0,0,0,0,1,46.399998,3.9399998,14.929999,3.9199998,14.809999,50,0,0,0,0,0,0,0,0,0,0,0,24.6,0,0,0,24.85,0,13.25,0,0,0,14.299999,0,0
GG,2026-06-09 11:35,열원,P2,13℃,저층부,공통,#2,1,1,752,0,0,100,45.1,8,34.94,2.72,6.45,25,1,1,720,0,0,100,40.8,7.22,31.72,2.56,5.19,30,0,0,1,0,0,0,0,0,0,0,0,23.65,1209.95,1,208,29.349998,2457.619,13.049999,1702,1,301,17.4,0,0
GG,2026-06-09 11:35,열원,P2,13℃,고층부,공통,#1,0,0,0,0,0,0,47.100002,3.9399998,14.900001,3.86,14.400001,25,0,0,0,0,0,0,44.600002,3.86,14.400001,3.9299998,14.8,50,0,0,0,0,0,0,0,0,0,0,0,23.300001,0,0,0,22.800001,0,16,0,0,0,14.7,0,0
GG,2026-06-09 11:35,열원,P2,13℃,고층부,공통,#3,0,0,0,0,0,0,41.8,4.08,15.799999,4.02,15.429999,25,0,0,0,0,0,0,43.75,4.0499997,15.62,4.06,15.679999,25,0,0,0,0,0,0,0,0,0,0,0,23.05,22.75,0,0,24,0.65362424,16.35,3.59375,0,0,16.4,0,0
GG,2026-06-09 11:35,열원,P2,13℃,고층부,공통,#2,1,1,786,0,0,62,38.25,8.26,35.96,3.52,12.21,25,1,1,797,0,0,95,38.45,7.37,32.35,2.85,7.45,35,1,0,1,0,0,0,0,0,0,0,0,24.75,1762.3125,1,212,31.3,2588.4268,14.5,1683.3125,1,307,19.05,0,0
GG,2026-06-09 11:35,열원,P1,5℃,저층부,공통,#1,1,1,796,0,0,43,45.1,7.58,33.2,2.59,5.4,0,0,1,911,0,0,8,47.899998,8.04,35.1,2.98,8.4,0,1,0,1,0,1,1,1,1,0,0,0,30.5,2030,0,284,33.8,2156.607,7.6,905.775,1,185,14.799999,0,0
GG,2026-06-09 11:35,열원,P1,5℃,저층부,공통,#3,1,1,877,0,0,58,37.5,6.41,28.099998,2.33,3.3,0,1,1,735,0,0,0,43.7,6.56,28.8,3.05,8.9,0,1,0,1,0,1,1,1,1,0,0,0,24.1,4.9,0,271,27.699999,2555.6133,6.6,898.625,1,184,15.2,0,0
GG,2026-06-09 11:35,열원,P1,5℃,저층부,공통,#2,1,0,0,0,0,0,39.75,4.96,20.869999,4.94,20.77,0,1,0,0,0,0,1,39.05,4.94,20.77,5,21.09,0,0,0,1,0,0,1,1,1,0,0,0,24.699999,0,0,0,25.55,0,24.699999,0,0,0,21,0,0
GG,2026-06-09 11:35,열원,P1,13℃,저층부,공통,#1,1,1,755,0,0,70,44.5,8.19,35.7,3.4199998,11.5,0,2,1,774,0,0,74,33.3,7.3999996,32.5,3.23,10.2,0,1,0,1,0,1,1,1,1,0,0,0,28.199999,1786.4,0,191,33.8,3368.3896,12.099999,1520.3,1,327,18.8,0,0
GG,2026-06-09 11:35,열원,P1,13℃,저층부,공통,#3,0,0,0,0,0,0,43.399998,6.15,26.9,6.15,26.9,0,0,0,0,0,0,1,43.6,6.1,26.599998,6.1,26.599998,0,0,0,0,0,0,0,0,0,0,0,0,27,0,0,0,27,0,27.4,0,0,0,27.099998,0,0
GG,2026-06-09 11:35,열원,P1,13℃,저층부,공통,#2,0,0,0,0,0,-2,37.149998,5.0899997,21.58,5.1099997,21.68,0,0,0,0,0,0,0,40.2,4.98,20.98,4.98,20.98,0,0,0,0,0,0,0,0,0,0,0,0,24.9,64.4,0,0,24.949999,0.028522478,20.4,1.725,0,0,20.9,0,0
GS,2026-06-09 11:35,열원,A2,5℃,공통,공통,#1,0,0,0,0,0,0,0,4.87,0,4.91,0,0,0,0,0,0,0,0,0,0,0,0,0,0,0,0,0,0,0,0,0,0,0,0,0,24.5,0,0,0,26.2,0,18.7,9.25,0,0,18.1,0,0
GS,2026-06-09 11:35,열원,A2,5℃,공통,공통,#3,0,0,0,0,0,-0.103950106,0,0.38352695,0,1.8575077,0,0,0,0,0,0,0,0,0,0,0,0,0,0,0,0,0,0,0,0,0,0,0,0,0,29.697948,3.3,0,0,28.797634,0,29.028097,2.25,0,0,28.96103,0,0
GS,2026-06-09 11:35,열원,A2,5℃,공통,공통,#2,0,0,0,0,0,0.6198347,0,-0.2645728,0,21.511276,0,0,0,0,0,0,0,0,0,0,0,0,0,0,0,0,0,0,0,0,0,0,0,0,0,25.586636,0,0,0,23.021317,0,19.599224,1.25,0,0,18.29687,0,0
GS,2026-06-09 11:35,열원,A2,13℃,공통,공통,#1,0,0,0,0,0,0.1019368,0,0.4723059,0,0.0928772,0,0,0,0,0,0,0,0,0,0,0,0,0,0,0,0,0,0,0,0,0,0,0,0,0,28.983776,0,0,0,28.640356,0,21.940334,6.5,0,0,21.074137,0,0
GS,2026-06-09 11:35,열원,A2,13℃,공통,공통,#3,0,0,0,0,0,0,0,-0.17037296,0,3.8078926,0,0,0,0,0,0,0,0,0,0,0,0,0,0,0,0,0,0,0,0,0,0,0,0,0,30.054195,3.025,0,0,29.681486,0,29.126678,3.75,0,0,29.151419,0,0
GS,2026-06-09 11:35,열원,A2,13℃,공통,공통,#2,0,0,0,0,0,0,0,0.5053053,0,4.7828317,0,0,0,0,0,0,0,0,0,0,0,0,0,0,0,0,0,0,0,0,0,0,0,0,0,28.305614,518.1,0,0,27.980938,0,22.103565,1.25,0,0,21.209059,0,0
GS,2026-06-09 11:35,열원,A1,5℃,공통,공통,#1,1,1,1004.24365,0,0,46,40.1,6.6099997,29.039999,2.27,2.77,0,1,1,0,0,0,27,40.149998,6.3799996,27.99,2.22,2.36,0,1,0,1,0,0,0,0,0,0,0,0,24.55,1569.375,1,179.76343,28.699999,0,4.95,654,1,120.19534,13.15,0,0
GS,2026-06-09 11:35,열원,A1,5℃,공통,공통,#3,1,0,0,0,0,0,41.35,5.15,21.89,5.16,21.939999,0,1,0,0,0,0,0,39.649998,5.1099997,21.68,5.08,21.52,0,1,0,0,0,0,0,0,0,0,0,0,27.15,20,0,0,28.849998,0,21.4,9.5,0,0,21.35,0,0
GS,2026-06-09 11:35,열원,A1,5℃,공통,공통,#2,1,1,577.60236,0,0,62,40,6.54,28.7,2.57,5.3,0,1,0,0,0,0,0,0,0,0,0,0,0,1,0,1,0,0,0,0,0,0,0,0,23.5,915.75,1,69.754654,26.8,0,5.5,359.5,1,69.41117,13.6,0,0
GS,2026-06-09 11:36,열원,A2,13℃,공통,공통,#3,0,0,0,0,0,0,0,-0.17037296,0,3.8078926,0,0,0,0,0,0,0,0,0,0,0,0,0,0,0,0,0,0,0,0,0,0,0,0,0,30.054195,3.3,0,0,29.681486,0,29.126678,3.75,0,0,29.151419,0,0
GS,2026-06-09 11:36,열원,A1,5℃,공통,공통,#2,1,1,579.86664,0,0,62,40,6.54,28.7,2.57,5.3,0,1,0,0,0,0,0,0,0,0,0,0,0,1,0,1,0,0,0,0,0,0,0,0,23.5,919.125,1,69.754654,26.8,0,5.5,361.25,1,69.41117,13.6,0,0
GS,2026-06-09 11:36,열원,A1,5℃,공통,공통,#3,1,0,0,0,0,0,41.35,5.16,21.939999,5.17,22,0,1,0,0,0,0,0,39.649998,5.1099997,21.68,5.08,21.52,0,1,0,0,0,0,0,0,0,0,0,0,27.15,20,0,0,28.849998,0,21.449999,11.25,0,0,21.3,0,0
GS,2026-06-09 11:36,열원,A1,5℃,공통,공통,#1,1,1,1006.7053,0,0,46,40.1,6.64,29.179998,2.27,2.77,0,1,1,0,0,0,27,40.2,6.39,28.029999,2.24,2.53,0,1,0,1,0,0,0,0,0,0,0,0,24.5,1601.875,1,182.02731,28.65,0,4.95,671.25,1,119.64701,13.15,0,0
GS,2026-06-09 11:36,열원,A2,13℃,공통,공통,#2,0,0,0,0,0,0,0,0.5053053,0,4.7828317,0,0,0,0,0,0,0,0,0,0,0,0,0,0,0,0,0,0,0,0,0,0,0,0,0,28.305614,517.275,0,0,27.980938,0,22.103565,0.5,0,0,21.209059,0,0
GG,2026-06-09 11:36,열원,P2,5℃,저층부,공통,#1,0,0,0,0,0,0,48.649998,4.42,17.83,4.61,18.93,25,0,0,0,0,0,0,49.5,4.56,18.64,4.61,18.93,25,0,0,0,0,0,0,0,0,0,0,0,26.199999,2800,0,0,27.699999,-12.098833,26.5,4.63125,0,0,19.25,0,0
GG,2026-06-09 11:36,열원,P2,5℃,저층부,공통,#3,0,0,0,0,0,0,47.5,2.95,8.2,2.97,8.349999,100,0,0,0,0,0,0,47.75,3.1599998,9.73,3.4499998,11.74,25,0,0,0,0,0,0,0,0,0,0,0,22.35,0,0,0,24.6,0,6.7999997,0,0,0,7.0499997,0,0
GG,2026-06-09 11:36,열원,P2,5℃,저층부,공통,#2,0,0,0,0,0,0,27.099998,3.6399999,13.009999,3.59,12.679999,85,0,0,0,0,0,1,44.85,4.1,15.92,4.0499997,15.62,85,0,0,0,0,0,0,0,0,0,0,0,23.3,0,0,0,23.3,0,23.65,0,0,0,16.75,0,0
GG,2026-06-09 11:36,열원,P2,5℃,고층부,공통,#1,0,0,0,0,0,1,41.899998,2.75,6.69,2.81,7.1499996,25,0,0,0,0,0,0,39.899998,2.85,7.45,2.95,8.2,100,0,0,0,0,0,0,0,0,0,0,0,21.25,18.2,0,0,23.85,0.5037822,6.2999997,2.03125,0,0,6.95,0,0
GG,2026-06-09 11:36,열원,P2,5℃,고층부,공통,#3,0,0,0,0,0,0,40.25,2.69,6.22,2.6699998,6.06,50,0,0,0,0,0,0,41.6,2.82,7.22,2.83,7.2999997,65,0,0,0,0,0,0,0,0,0,0,0,20.85,0,0,0,23.8,0,6.2999997,0,0,0,6.5499997,0,0
GG,2026-06-09 11:36,열원,P2,5℃,고층부,공통,#2,0,0,0,0,0,0,48.45,4.35,17.42,4.35,17.42,50,0,0,0,0,0,0,50.2,4.42,17.83,4.5,18.3,40,0,0,0,0,0,0,0,0,0,0,0,23.35,1338.75,0,0,24.5,0,25.75,0,0,0,18.449999,0,0
GG,2026-06-09 11:36,열원,P2,13℃,저층부,공통,#1,1,1,768,0,0,91,43,7.3399997,32.23,2.84,7.37,50,1,1,684,0,0,100,38,6.64,29.17,2.59,5.43,55,1,0,1,0,0,0,0,0,0,0,0,24.3,1999.375,1,216,28.65,2818.5337,13.45,1832.9563,1,319,18.15,0,0
GG,2026-06-09 11:36,열원,P2,13℃,저층부,공통,#3,0,0,0,0,0,1,46.85,3.85,14.36,3.73,13.599999,50,0,0,0,0,0,1,46.399998,3.9399998,14.929999,3.9199998,14.809999,50,0,0,0,0,0,0,0,0,0,0,0,24.6,0,0,0,24.9,0,13.2,0,0,0,14.349999,0,0
GG,2026-06-09 11:36,열원,P2,13℃,저층부,공통,#2,1,1,755,0,0,100,45.149998,8.04,35.1,2.74,6.6099997,25,1,1,723,0,0,100,40.8,7.2599998,31.89,2.57,5.27,30,0,0,1,0,0,0,0,0,0,0,0,23.75,933.8,1,208,29.5,2502.6921,13,1700.7063,1,300,17.4,0,0
GG,2026-06-09 11:36,열원,P2,13℃,고층부,공통,#1,0,0,0,0,0,0,47.100002,3.9399998,14.900001,3.86,14.400001,25,0,0,0,0,0,0,44.600002,3.86,14.400001,3.9299998,14.8,50,0,0,0,0,0,0,0,0,0,0,0,23.300001,0,0,0,22.800001,0,16,0,0,0,14.8,0,0
GG,2026-06-09 11:36,열원,P2,13℃,고층부,공통,#3,0,0,0,0,0,0,41.75,4.08,15.799999,4.02,15.429999,25,0,0,0,0,0,0,43.7,4.0499997,15.62,4.06,15.679999,25,0,0,0,0,0,0,0,0,0,0,0,23.05,18.9,0,0,24,0.5942047,16.35,3.59375,0,0,16.35,0,0
GG,2026-06-09 11:36,열원,P2,13℃,고층부,공통,#2,1,1,788,0,0,62,38.25,8.23,35.85,3.51,12.15,25,1,1,798,0,0,95,38.45,7.3599997,32.309998,2.84,7.37,35,1,0,1,0,0,0,0,0,0,0,0,24.65,1753.6875,1,211,31.199999,2548.1306,14.5,1675.1188,1,308,19.05,0,0
GG,2026-06-09 11:36,열원,P1,5℃,저층부,공통,#1,1,1,794,0,0,43,45.2,7.58,33.2,2.59,5.4,0,0,1,914,0,0,8,48,8.04,35.1,2.98,8.4,0,1,0,1,0,1,1,1,1,0,0,0,30.5,2062.9,0,284,33.8,2142.6248,7.6,893.75,1,186,14.9,0,0
GG,2026-06-09 11:36,열원,P1,5℃,저층부,공통,#3,1,1,880,0,0,58,37.6,6.41,28.099998,2.33,3.3,0,1,1,737,0,0,0,43.7,6.5699997,28.8,3.06,9,0,1,0,1,0,1,1,1,1,0,0,0,24.199999,2.8,0,272,27.8,2575.0232,6.6,909.025,1,184,15.2,0,0
GG,2026-06-09 11:36,열원,P1,5℃,저층부,공통,#2,1,0,0,0,0,0,39.75,4.94,20.77,4.93,20.71,0,1,0,0,0,0,1,39.1,4.9,20.55,4.97,20.93,0,0,0,1,0,0,1,1,1,0,0,0,24.699999,2.1,0,0,25.55,-3.2242062,24.75,0,0,0,21,0,0
GG,2026-06-09 11:36,열원,P1,13℃,저층부,공통,#1,1,1,755,0,0,70,44.5,8.17,35.6,3.4199998,11.5,0,2,1,773,0,0,74,33.3,7.39,32.399998,3.23,10.2,0,1,0,1,0,1,1,1,1,0,0,0,28.099998,1803.2,0,191,33.7,3330.1704,12.099999,1505.925,1,327,18.8,0,0
GG,2026-06-09 11:36,열원,P1,13℃,저층부,공통,#3,0,0,0,0,0,0,43.399998,6.15,26.9,6.15,26.9,0,0,0,0,0,0,1,43.6,6.08,26.599998,6.1,26.599998,0,0,0,0,0,0,0,0,0,0,0,0,27,0,0,0,27,0,27.4,0,0,0,27.099998,0,0
GG,2026-06-09 11:36,열원,P1,13℃,저층부,공통,#2,0,0,0,0,0,-2,37.149998,5.0899997,21.58,5.1099997,21.68,0,0,0,0,0,0,0,40.25,5,21.09,4.99,21.039999,0,0,0,0,0,0,0,0,0,0,0,0,24.9,49.7,0,0,24.949999,0.07605849,20.4,4.025,0,0,20.85,0,0
GS,2026-06-09 11:36,열원,A2,5℃,공통,공통,#1,0,0,0,0,0,0,0,4.87,0,4.91,0,0,0,0,0,0,0,0,0,0,0,0,0,0,0,0,0,0,0,0,0,0,0,0,0,24.5,0,0,0,26.1,0,18.7,9.25,0,0,18.1,0,0
GS,2026-06-09 11:36,열원,A2,5℃,공통,공통,#3,0,0,0,0,0,-0.103950106,0,0.38352695,0,1.8575077,0,0,0,0,0,0,0,0,0,0,0,0,0,0,0,0,0,0,0,0,0,0,0,0,0,29.697948,3.575,0,0,28.797634,0,29.028097,2.25,0,0,28.96103,0,0
GS,2026-06-09 11:36,열원,A2,5℃,공통,공통,#2,0,0,0,0,0,0.6198347,0,-0.2645728,0,21.462175,0,0,0,0,0,0,0,0,0,0,0,0,0,0,0,0,0,0,0,0,0,0,0,0,0,25.593445,0,0,0,23.024736,0,19.599224,1.25,0,0,18.37732,0,0
GS,2026-06-09 11:36,열원,A2,13℃,공통,공통,#1,0,0,0,0,0,0.1019368,0,0.4723059,0,0.0928772,0,0,0,0,0,0,0,0,0,0,0,0,0,0,0,0,0,0,0,0,0,0,0,0,0,28.983776,0,0,0,28.640356,0,21.940334,6.5,0,0,21.074137,0,0
GG,2026-06-09 11:37,열원,P2,5℃,저층부,공통,#1,0,0,0,0,0,0,48.649998,4.42,17.83,4.61,18.93,25,0,0,0,0,0,0,49.5,4.5499997,18.59,4.62,18.99,25,0,0,0,0,0,0,0,0,0,0,0,26.199999,2800,0,0,27.699999,-6.2334657,26.55,1.4625,0,0,19.25,0,0
GG,2026-06-09 11:37,열원,P2,5℃,저층부,공통,#3,0,0,0,0,0,0,47.5,2.95,8.2,2.97,8.349999,100,0,0,0,0,0,0,47.75,3.1699998,9.8,3.4399998,11.67,25,0,0,0,0,0,0,0,0,0,0,0,22.35,0,0,0,24.6,0,6.7999997,0,0,0,7.0499997,0,0
GG,2026-06-09 11:37,열원,P2,5℃,저층부,공통,#2,0,0,0,0,0,0,27.15,3.6399999,13.009999,3.6,12.75,85,0,0,0,0,0,1,44.85,4.0899997,15.86,4.0499997,15.62,85,0,0,0,0,0,0,0,0,0,0,0,23.3,0,0,0,23.3,0,23.65,0,0,0,16.8,0,0
GG,2026-06-09 11:37,열원,P2,5℃,고층부,공통,#1,0,0,0,0,0,1,41.899998,2.75,6.69,2.82,7.22,25,0,0,0,0,0,0,39.899998,2.86,7.5299997,2.96,8.2699995,100,0,0,0,0,0,0,0,0,0,0,0,21.199999,16.625,0,0,23.85,0.54542845,6.2999997,2.35625,0,0,6.8999996,0,0
GG,2026-06-09 11:37,열원,P2,5℃,고층부,공통,#3,0,0,0,0,0,0,40.2,2.69,6.22,2.6799998,6.14,50,0,0,0,0,0,0,41.649998,2.83,7.2999997,2.83,7.2999997,65,0,0,0,0,0,0,0,0,0,0,0,20.85,0,0,0,23.75,0,6.2999997,0,0,0,6.5,0,0
GG,2026-06-09 11:37,열원,P2,5℃,고층부,공통,#2,0,0,0,0,0,0,48.5,4.35,17.42,4.35,17.42,50,0,0,0,0,0,0,50.2,4.43,17.89,4.5,18.3,40,0,0,0,0,0,0,0,0,0,0,0,23.15,1345.575,0,0,24.449999,-2.4974163,25.699999,0.24375,0,0,18.449999,0,0
GG,2026-06-09 11:37,열원,P2,13℃,저층부,공통,#1,1,1,768,0,0,91,43,7.3199997,32.14,2.83,7.2999997,50,1,1,685,0,0,100,38,6.64,29.17,2.6,5.5099998,55,1,0,1,0,0,0,0,0,0,0,0,24.25,2026.325,1,216,28.599998,2872.6895,13.45,1832.6687,1,320,18.15,0,0
GG,2026-06-09 11:37,열원,P2,13℃,저층부,공통,#3,0,0,0,0,0,1,46.899998,3.85,14.36,3.73,13.599999,50,0,0,0,0,0,1,46.45,3.9299998,14.87,3.9199998,14.809999,50,0,0,0,0,0,0,0,0,0,0,0,24.6,0,0,0,24.85,0,13.2,0,0,0,14.349999,0,0
GG,2026-06-09 11:37,열원,P2,13℃,저층부,공통,#2,1,1,756,0,0,100,45.1,8.059999,35.18,2.75,6.69,25,1,1,724,0,0,100,40.8,7.2799997,31.97,2.58,5.35,30,0,0,1,0,0,0,0,0,0,0,0,23.85,1506.925,1,209,29.599998,2507.346,13,1701.7125,1,301,17.449999,0,0
GG,2026-06-09 11:37,열원,P2,13℃,고층부,공통,#1,0,0,0,0,0,0,47.100002,3.9399998,14.900001,3.86,14.400001,25,0,0,0,0,0,0,44.600002,3.86,14.400001,3.9299998,14.8,50,0,0,0,0,0,0,0,0,0,0,0,23.300001,0,0,0,22.800001,0,16,0,0,0,14.8,0,0
GG,2026-06-09 11:37,열원,P2,13℃,고층부,공통,#3,0,0,0,0,0,0,41.75,4.08,15.799999,4.02,15.429999,25,0,0,0,0,0,0,43.7,4.0499997,15.62,4.06,15.679999,25,0,0,0,0,0,0,0,0,0,0,0,23.05,22.575,0,0,24,0.57043654,16.35,3.45,0,0,16.35,0,0
GG,2026-06-09 11:37,열원,P2,13℃,고층부,공통,#2,1,1,787,0,0,62,38.2,8.21,35.77,3.51,12.15,25,1,1,797,0,0,95,38.45,7.35,32.27,2.83,7.2999997,35,1,0,1,0,0,0,0,0,0,0,0,24.6,1756.5,1,211,31.15,2575.1646,14.45,1674.6875,1,309,19.05,0,0
GG,2026-06-09 11:37,열원,P1,5℃,저층부,공통,#1,1,1,795,0,0,43,45.1,7.5699997,33.2,2.59,5.4,0,0,1,908,0,0,9,47.899998,8.0199995,35,3,8.599999,0,1,0,1,0,1,1,1,1,0,0,0,30.4,2082.5,0,284,33.8,2090.0596,7.7,877.825,1,186,14.9,0,0
GG,2026-06-09 11:37,열원,P1,5℃,저층부,공통,#3,1,1,880,0,0,58,37.6,6.43,28.199999,2.33,3.3,0,1,1,737,0,0,0,43.8,6.5899997,28.9,3.06,9,0,1,0,1,0,1,1,1,1,0,0,0,24.199999,2.1,0,272,27.8,2582.4172,6.6,908.05,1,185,15.2,0,0
GG,2026-06-09 11:37,열원,P1,5℃,저층부,공통,#2,1,0,0,0,0,0,39.7,4.95,20.82,4.93,20.71,0,1,0,0,0,0,1,39.1,4.94,20.77,4.98,20.98,0,0,0,1,0,0,1,1,1,0,0,0,24.699999,0,0,0,25.55,-0.40302578,24.75,0.325,0,0,21,0,0
GG,2026-06-09 11:37,열원,P1,13℃,저층부,공통,#1,1,1,756,0,0,70,44.5,8.17,35.6,3.4199998,11.5,0,2,1,773,0,0,74,33.3,7.39,32.399998,3.23,10.2,0,1,0,1,0,1,1,1,1,0,0,0,28.099998,1797.6,0,191,33.7,3350.5537,12.099999,1512.25,1,327,18.8,0,0
GG,2026-06-09 11:37,열원,P1,13℃,저층부,공통,#3,0,0,0,0,0,0,43.399998,6.15,26.9,6.15,26.9,0,0,0,0,0,0,1,43.6,6.08,26.599998,6.1,26.599998,0,0,0,0,0,0,0,0,0,0,0,0,27,0,0,0,26.9,0,27.4,0,0,0,27.099998,0,0
GG,2026-06-09 11:37,열원,P1,13℃,저층부,공통,#2,0,0,0,0,0,-2,37.1,5.0899997,21.58,5.1099997,21.68,0,0,0,0,0,0,0,40.25,4.96,20.869999,5,21.09,0,0,0,0,0,0,0,0,0,0,0,0,24.9,49.7,0,0,24.949999,0,20.4,0,0,0,20.85,0,0
GS,2026-06-09 11:37,열원,A2,5℃,공통,공통,#1,0,0,0,0,0,0,0,4.87,0,4.91,0,0,0,0,0,0,0,0,0,0,0,0,0,0,0,0,0,0,0,0,0,0,0,0,0,24.5,0,0,0,26.1,0,18.7,9.25,0,0,18.1,0,0
GS,2026-06-09 11:37,열원,A2,5℃,공통,공통,#3,0,0,0,0,0,-0.103950106,0,0.38352695,0,1.8575077,0,0,0,0,0,0,0,0,0,0,0,0,0,0,0,0,0,0,0,0,0,0,0,0,0,29.697948,3.575,0,0,28.797634,0,29.028097,2.25,0,0,28.96103,0,0
GS,2026-06-09 11:37,열원,A2,5℃,공통,공통,#2,0,0,0,0,0,0.6198347,0,-0.2645728,0,21.45845,0,0,0,0,0,0,0,0,0,0,0,0,0,0,0,0,0,0,0,0,0,0,0,0,0,25.571014,0,0,0,23.021305,0,19.599224,1.25,0,0,18.43359,0,0
GS,2026-06-09 11:37,열원,A2,13℃,공통,공통,#1,0,0,0,0,0,0.1019368,0,0.4723059,0,0.0928772,0,0,0,0,0,0,0,0,0,0,0,0,0,0,0,0,0,0,0,0,0,0,0,0,0,28.983776,0,0,0,28.640356,0,21.940334,6.75,0,0,21.074137,0,0
GS,2026-06-09 11:37,열원,A2,13℃,공통,공통,#3,0,0,0,0,0,0,0,-0.17037296,0,3.8078926,0,0,0,0,0,0,0,0,0,0,0,0,0,0,0,0,0,0,0,0,0,0,0,0,0,30.054195,3.025,0,0,29.681486,0,29.126678,3.75,0,0,29.151419,0,0
GS,2026-06-09 11:37,열원,A2,13℃,공통,공통,#2,0,0,0,0,0,0,0,0.5053053,0,4.7828317,0,0,0,0,0,0,0,0,0,0,0,0,0,0,0,0,0,0,0,0,0,0,0,0,0,28.305614,517.825,0,0,27.980938,0,22.103565,1,0,0,21.209059,0,0
GS,2026-06-09 11:37,열원,A1,5℃,공통,공통,#2,1,1,576.36743,0,0,61,40,6.54,28.7,2.57,5.3,0,1,0,0,0,0,0,0,0,0,0,0,0,1,0,1,0,0,0,0,0,0,0,0,23.5,917.25,1,69.754654,26.8,0,5.5,359.5,1,69.41117,13.6,0,0
GS,2026-06-09 11:37,열원,A1,5℃,공통,공통,#3,1,0,0,0,0,0,41.3,5.15,21.89,5.17,22,0,1,0,0,0,0,0,39.649998,5.1099997,21.68,5.08,21.52,0,1,0,0,0,0,0,0,0,0,0,0,27.199999,20,0,0,28.849998,0,21.4,12,0,0,21.3,0,0
GS,2026-06-09 11:37,열원,A1,5℃,공통,공통,#1,1,1,1003.0195,0,0,46,40.1,6.64,29.179998,2.28,2.86,0,1,1,0,0,0,27,40.149998,6.41,28.119999,2.25,2.62,0,1,0,1,0,0,0,0,0,0,0,0,24.55,1550,1,180.49713,28.699999,0,4.95,668.5,1,119.64701,13.15,0,0
GS,2026-06-09 11:38,열원,A2,13℃,공통,공통,#3,0,0,0,0,0,0,0,-0.17037296,0,3.8078926,0,0,0,0,0,0,0,0,0,0,0,0,0,0,0,0,0,0,0,0,0,0,0,0,0,30.054195,3.3,0,0,29.681486,0,29.126678,3.75,0,0,29.151419,0,0
GS,2026-06-09 11:38,열원,A2,13℃,공통,공통,#1,0,0,0,0,0,0.1019368,0,0.4723059,0,0.0928772,0,0,0,0,0,0,0,0,0,0,0,0,0,0,0,0,0,0,0,0,0,0,0,0,0,28.983776,0,0,0,28.640356,0,21.940334,6.75,0,0,21.074137,0,0
GS,2026-06-09 11:38,열원,A2,5℃,공통,공통,#2,0,0,0,0,0,0.6198347,0,-0.2645728,0,21.454248,0,0,0,0,0,0,0,0,0,0,0,0,0,0,0,0,0,0,0,0,0,0,0,0,0,25.603703,0,0,0,23.020826,0,19.599224,1.25,0,0,18.572594,0,0
GS,2026-06-09 11:38,열원,A2,5℃,공통,공통,#3,0,0,0,0,0,-0.103950106,0,0.38352695,0,1.8575077,0,0,0,0,0,0,0,0,0,0,0,0,0,0,0,0,0,0,0,0,0,0,0,0,0,29.697948,3.575,0,0,28.797634,0,29.028097,2.25,0,0,28.96103,0,0
GS,2026-06-09 11:38,열원,A2,5℃,공통,공통,#1,0,0,0,0,0,0,0,4.87,0,4.91,0,0,0,0,0,0,0,0,0,0,0,0,0,0,0,0,0,0,0,0,0,0,0,0,0,24.5,0,0,0,26.2,0,18.7,9.25,0,0,18.1,0,0
GG,2026-06-09 11:38,열원,P1,13℃,저층부,공통,#2,0,0,0,0,0,-2,37.1,5.0899997,21.58,5.1099997,21.68,0,0,0,0,0,0,0,40.25,4.98,20.98,4.99,21.039999,0,0,0,0,0,0,0,0,0,0,0,0,24.9,53.9,0,0,24.949999,0,20.4,2.875,0,0,20.9,0,0
GG,2026-06-09 11:38,열원,P1,13℃,저층부,공통,#3,0,0,0,0,0,0,43.399998,6.15,26.9,6.15,26.9,0,0,0,0,0,0,1,43.6,6.1,26.599998,6.1,26.599998,0,0,0,0,0,0,0,0,0,0,0,0,27,0,0,0,27,0,27.4,0,0,0,27.099998,0,0
GG,2026-06-09 11:38,열원,P1,13℃,저층부,공통,#1,1,1,756,0,0,70,44.5,8.17,35.6,3.4199998,11.5,0,2,1,774,0,0,74,33.3,7.39,32.399998,3.23,10.2,0,1,0,1,0,1,1,1,1,0,0,0,28.099998,1793.4,0,191,33.7,3387.4993,12.099999,1528.925,1,327,18.8,0,0
GG,2026-06-09 11:38,열원,P1,5℃,저층부,공통,#2,1,0,0,0,0,0,39.7,4.96,20.869999,4.94,20.77,0,1,0,0,0,0,1,39.1,4.94,20.77,4.99,21.039999,0,0,0,1,0,0,1,1,1,0,0,0,24.699999,0,0,0,25.55,-3.627232,24.699999,2.925,0,0,20.949999,0,0
GG,2026-06-09 11:38,열원,P1,5℃,저층부,공통,#3,1,1,892,0,0,60,37.7,6.44,28.199999,2.33,3.3,0,1,1,739,0,0,0,43.899998,6.6,29,3.06,9,0,1,0,1,0,1,1,1,1,0,0,0,24.3,4.9,0,272,28,2529.551,6.7,899.925,1,185,15.2,0,0
GG,2026-06-09 11:38,열원,P1,5℃,저층부,공통,#1,1,1,796,0,0,43,45.3,7.6,33.3,2.59,5.4,0,0,1,912,0,0,9,48,8.04,35.1,2.98,8.4,0,1,0,1,0,1,1,1,1,0,0,0,30.5,2036.3,0,284,33.899998,2188.9136,7.6,906.75,1,186,14.9,0,0
GG,2026-06-09 11:38,열원,P2,13℃,고층부,공통,#2,1,1,787,0,0,62,38.2,8.21,35.77,3.51,12.15,25,1,1,797,0,0,95,38.45,7.35,32.27,2.84,7.37,35,1,0,1,0,0,0,0,0,0,0,0,24.5,1784.8125,1,211,31.15,2546.8186,14.5,1674.2562,1,308,19.05,0,0
GG,2026-06-09 11:38,열원,P2,13℃,고층부,공통,#3,0,0,0,0,0,0,41.75,4.08,15.799999,4.02,15.429999,25,0,0,0,0,0,0,43.7,4.04,15.549999,4.0499997,15.62,25,0,0,0,0,0,0,0,0,0,0,0,23.05,19.775,0,0,24,1.0196574,16.3,5.60625,0,0,16.4,0,0
GG,2026-06-09 11:38,열원,P2,13℃,고층부,공통,#1,0,0,0,0,0,0,47.100002,3.9399998,14.900001,3.86,14.400001,25,0,0,0,0,0,0,44.600002,3.86,14.400001,3.9299998,14.8,50,0,0,0,0,0,0,0,0,0,0,0,23.300001,0,0,0,22.800001,0,16,0,0,0,14.8,0,0
GG,2026-06-09 11:38,열원,P2,13℃,저층부,공통,#2,1,1,757,0,0,100,45.149998,8.07,35.21,2.76,6.7599998,25,1,1,725,0,0,100,40.8,7.29,32.02,2.59,5.43,30,0,0,1,0,0,0,0,0,0,0,0,24,1324.4,1,209,29.75,2513.6567,13.099999,1747.425,1,301,17.5,0,0
GG,2026-06-09 11:38,열원,P2,13℃,저층부,공통,#3,0,0,0,0,0,1,46.95,3.85,14.36,3.73,13.599999,50,0,0,0,0,0,1,46.45,3.9399998,14.929999,3.9199998,14.809999,50,0,0,0,0,0,0,0,0,0,0,0,24.6,0,0,0,24.85,0,13.2,0,0,0,14.299999,0,0
GG,2026-06-09 11:38,열원,P2,13℃,저층부,공통,#1,1,1,769,0,0,91,43.05,7.2999997,32.059998,2.82,7.22,50,1,1,686,0,0,100,38,6.62,29.08,2.58,5.35,55,1,0,1,0,0,0,0,0,0,0,0,24.15,2057.3,1,217,28.55,2886.8364,13.45,1877.375,1,320,18.15,0,0
GG,2026-06-09 11:38,열원,P2,5℃,고층부,공통,#2,0,0,0,0,0,0,48.5,4.36,17.48,4.3399997,17.359999,50,0,0,0,0,0,0,50.2,4.45,18.01,4.5,18.3,40,0,0,0,0,0,0,0,0,0,0,0,23.199999,1344.35,0,0,24.449999,-2.942088,25.8,1.21875,0,0,18.5,0,0
GG,2026-06-09 11:38,열원,P2,5℃,고층부,공통,#3,0,0,0,0,0,0,40.2,2.6799998,6.14,2.6699998,6.06,50,0,0,0,0,0,0,41.649998,2.83,7.2999997,2.83,7.2999997,65,0,0,0,0,0,0,0,0,0,0,0,20.85,0,0,0,23.75,0,6.35,0,0,0,6.5499997,0,0
GG,2026-06-09 11:38,열원,P2,5℃,고층부,공통,#1,0,0,0,0,0,1,41.899998,2.75,6.69,2.81,7.1499996,25,0,0,0,0,0,0,39.899998,2.85,7.45,2.95,8.2,100,0,0,0,0,0,0,0,0,0,0,0,21.25,16.8,0,0,23.8,0.6851439,6.2999997,2.7625,0,0,6.95,0,0
GG,2026-06-09 11:38,열원,P2,5℃,저층부,공통,#2,0,0,0,0,0,0,27.15,3.6499999,13.07,3.59,12.679999,85,0,0,0,0,0,1,44.85,4.08,15.799999,4.06,15.679999,85,0,0,0,0,0,0,0,0,0,0,0,23.3,0,0,0,23.3,0,23.65,0,0,0,16.8,0,0
GG,2026-06-09 11:38,열원,P2,5℃,저층부,공통,#3,0,0,0,0,0,0,47.5,2.9399998,8.13,2.96,8.2699995,100,0,0,0,0,0,0,47.8,3.1599998,9.73,3.4399998,11.67,25,0,0,0,0,0,0,0,0,0,0,0,22.4,0,0,0,24.55,0.09672621,6.7999997,0.73125,0,0,7,0,0
GG,2026-06-09 11:38,열원,P2,5℃,저층부,공통,#1,0,0,0,0,0,0,48.649998,4.42,17.83,4.61,18.93,25,0,0,0,0,0,0,49.5,4.54,18.529999,4.61,18.93,25,0,0,0,0,0,0,0,0,0,0,0,26.15,2800,0,0,27.699999,-17.410715,26.55,6.58125,0,0,19.25,0,0
GS,2026-06-09 11:38,열원,A1,5℃,공통,공통,#2,1,1,580.3501,0,0,62,39.9,6.54,28.7,2.57,5.3,0,1,0,0,0,0,0,0,0,0,0,0,0,1,0,1,0,0,0,0,0,0,0,0,23.6,922.5,1,69.754654,26.8,0,5.5,362.375,1,69.41117,13.6,0,0
GS,2026-06-09 11:38,열원,A1,5℃,공통,공통,#3,1,0,0,0,0,0,41.3,5.15,21.89,5.17,22,0,1,0,0,0,0,0,39.7,5.1099997,21.68,5.08,21.52,0,1,0,0,0,0,0,0,0,0,0,0,27.15,20,0,0,28.849998,0,21.449999,10,0,0,21.3,0,0
GS,2026-06-09 11:38,열원,A1,5℃,공통,공통,#1,1,1,1007.33734,0,0,46,40.1,6.6499996,29.22,2.28,2.86,0,1,1,0,0,0,27,40.2,6.43,28.22,2.23,2.45,0,1,0,1,0,0,0,0,0,0,0,0,24.55,1595.625,1,179.27719,28.699999,0,5,676,1,119.64701,13.099999,0,0
GS,2026-06-09 11:38,열원,A2,13℃,공통,공통,#2,0,0,0,0,0,0,0,0.5053053,0,4.7828317,0,0,0,0,0,0,0,0,0,0,0,0,0,0,0,0,0,0,0,0,0,0,0,0,0,28.305614,520.575,0,0,27.980938,0,22.103565,0.75,0,0,21.209059,0,0
GS,2026-06-09 11:40,열원,A1,5℃,공통,공통,#2,1,1,580.11584,0,0,63,40,6.56,28.8,2.57,5.3,0,1,0,0,0,0,0,0,0,0,0,0,0,1,0,1,0,0,0,0,0,0,0,0,23.5,903,1,69.754654,26.8,0,5.5,356.625,1,69.41117,13.6,0,0
GS,2026-06-09 11:40,열원,A1,5℃,공통,공통,#3,1,0,0,0,0,0,41.25,5.15,21.89,5.17,22,0,1,0,0,0,0,0,39.7,5.1099997,21.68,5.0899997,21.57,0,1,0,0,0,0,0,0,0,0,0,0,27.15,20,0,0,28.9,0,21.4,13.75,0,0,21.35,0,0
GS,2026-06-09 11:40,열원,A1,5℃,공통,공통,#1,1,1,1005.7529,0,0,46,40.1,6.64,29.179998,2.28,2.86,0,1,1,0,0,0,28,40.2,6.42,28.17,2.25,2.62,0,1,0,1,0,0,0,0,0,0,0,0,24.6,1556.25,1,179.27985,28.699999,0,5,666.75,1,120.02221,13.15,0,0
GS,2026-06-09 11:40,열원,A2,13℃,공통,공통,#2,0,0,0,0,0,0,0,0.5053053,0,4.7828317,0,0,0,0,0,0,0,0,0,0,0,0,0,0,0,0,0,0,0,0,0,0,0,0,0,28.305614,519.475,0,0,27.980938,0,22.103565,0.75,0,0,21.209059,0,0
GS,2026-06-09 11:40,열원,A2,13℃,공통,공통,#3,0,0,0,0,0,0,0,-0.17037296,0,3.8078926,0,0,0,0,0,0,0,0,0,0,0,0,0,0,0,0,0,0,0,0,0,0,0,0,0,30.054195,3.3,0,0,29.681486,0,29.126678,4,0,0,29.151419,0,0
GS,2026-06-09 11:40,열원,A2,13℃,공통,공통,#1,0,0,0,0,0,0.1019368,0,0.4723059,0,0.0928772,0,0,0,0,0,0,0,0,0,0,0,0,0,0,0,0,0,0,0,0,0,0,0,0,0,28.983776,0,0,0,28.640356,0,21.940334,6.75,0,0,21.074137,0,0
GS,2026-06-09 11:40,열원,A2,5℃,공통,공통,#2,0,0,0,0,0,0.6198347,0,-0.2645728,0,21.454798,0,0,0,0,0,0,0,0,0,0,0,0,0,0,0,0,0,0,0,0,0,0,0,0,0,25.597557,0,0,0,23.030037,0,19.599224,1.25,0,0,18.433931,0,0
GS,2026-06-09 11:40,열원,A2,5℃,공통,공통,#3,0,0,0,0,0,-0.103950106,0,0.38352695,0,1.8575077,0,0,0,0,0,0,0,0,0,0,0,0,0,0,0,0,0,0,0,0,0,0,0,0,0,29.697948,3.3,0,0,28.797634,0,29.028097,2.25,0,0,28.96103,0,0
GS,2026-06-09 11:40,열원,A2,5℃,공통,공통,#1,0,0,0,0,0,0,0,4.87,0,4.91,0,0,0,0,0,0,0,0,0,0,0,0,0,0,0,0,0,0,0,0,0,0,0,0,0,24.5,0,0,0,26.2,0,18.7,9.25,0,0,18.1,0,0
GG,2026-06-09 11:40,열원,P1,13℃,저층부,공통,#2,0,0,0,0,0,-2,37.1,5.0899997,21.58,5.12,21.74,0,0,0,0,0,0,0,40.3,4.98,20.98,4.98,20.98,0,0,0,0,0,0,0,0,0,0,0,0,24.9,49,0,0,24.949999,0.11408774,20.4,5.75,0,0,20.85,0,0
GG,2026-06-09 11:40,열원,P1,13℃,저층부,공통,#3,0,0,0,0,0,0,43.399998,6.15,26.9,6.15,26.9,0,0,0,0,0,0,1,43.6,6.08,26.599998,6.1,26.599998,0,0,0,0,0,0,0,0,0,0,0,0,27,0,0,0,27,0,27.4,0,0,0,27.099998,0,0
GG,2026-06-09 11:40,열원,P1,13℃,저층부,공통,#1,1,1,753,0,0,70,44.399998,8.12,35.399998,3.4199998,11.5,0,2,1,769,0,0,74,33.2,7.3599997,32.3,3.23,10.2,0,1,0,1,0,1,1,1,1,0,0,0,28,1784.3,0,191,33.6,3353.1018,12.099999,1517.425,1,326,18.8,0,0
GG,2026-06-09 11:40,열원,P1,5℃,저층부,공통,#2,1,0,0,0,0,0,39.649998,4.97,20.93,4.93,20.71,0,1,0,0,0,0,1,39.1,4.95,20.82,4.99,21.039999,0,0,0,1,0,0,1,1,1,0,0,0,24.75,0,0,0,25.55,0,24.699999,0,0,0,21,0,0
GG,2026-06-09 11:40,열원,P1,5℃,저층부,공통,#3,1,1,896,0,0,61,37.6,6.41,28.099998,2.31,3.1,0,1,1,735,0,0,0,43.8,6.5699997,28.8,3.06,9,0,1,0,1,0,1,1,1,1,0,0,0,24.199999,2.1,0,271,27.8,2574.0989,6.6,908.7,1,184,15.2,0,0
GG,2026-06-09 11:40,열원,P1,5℃,저층부,공통,#1,1,1,795,0,0,43,45.2,7.58,33.2,2.59,5.4,0,0,1,909,0,0,8,47.899998,8.04,35.1,3,8.599999,0,1,0,1,0,1,1,1,1,0,0,0,30.5,2057.3,0,283,33.8,2116.369,7.7,894.075,1,186,14.9,0,0
GG,2026-06-09 11:40,열원,P2,13℃,고층부,공통,#2,1,1,784,0,0,62,38.2,8.2,35.73,3.5,12.08,25,1,1,795,0,0,95,38.45,7.3199997,32.14,2.83,7.2999997,35,1,0,1,0,0,0,0,0,0,0,0,24.4,1785,1,211,31.05,2583.7852,14.45,1680.2937,1,308,19.05,0,0
GG,2026-06-09 11:40,열원,P2,13℃,고층부,공통,#3,0,0,0,0,0,0,41.7,4.08,15.799999,4.02,15.429999,25,0,0,0,0,0,0,43.649998,4.0499997,15.62,4.06,15.679999,25,0,0,0,0,0,0,0,0,0,0,0,23.05,21.875,0,0,24,0.6892774,16.35,4.16875,0,0,16.35,0,0
GG,2026-06-09 11:40,열원,P2,13℃,고층부,공통,#1,0,0,0,0,0,0,47.100002,3.9399998,14.900001,3.86,14.400001,25,0,0,0,0,0,0,44.600002,3.86,14.400001,3.9299998,14.8,50,0,0,0,0,0,0,0,0,0,0,0,23.300001,0,0,0,22.800001,0,16,0,0,0,14.8,0,0
GG,2026-06-09 11:40,열원,P2,13℃,저층부,공통,#2,1,1,756,0,0,100,45.149998,8.08,35.25,2.75,6.69,25,1,1,724,0,0,100,40.75,7.29,32.02,2.58,5.35,30,0,0,1,0,0,0,0,0,0,0,0,24.1,1220.1,1,207,29.75,2435.5024,13.099999,1712.7812,1,300,17.449999,0,0
GG,2026-06-09 11:40,열원,P2,13℃,저층부,공통,#3,0,0,0,0,0,1,46.95,3.85,14.36,3.74,13.66,50,0,0,0,0,0,1,46.5,3.9399998,14.929999,3.9199998,14.809999,50,0,0,0,0,0,0,0,0,0,0,0,24.6,0,0,0,24.9,0,13.2,0,0,0,14.299999,0,0
GG,2026-06-09 11:40,열원,P2,13℃,저층부,공통,#1,1,1,765,0,0,91,43.05,7.27,31.929998,2.8,7.0699997,50,1,1,683,0,0,100,38,6.6,28.99,2.57,5.27,55,1,0,1,0,0,0,0,0,0,0,0,24.05,2011.45,1,217,28.449999,2851.9114,13.5,1854.6625,1,318,18.15,0,0
GG,2026-06-09 11:40,열원,P2,5℃,고층부,공통,#2,0,0,0,0,0,0,48.45,4.36,17.48,4.3399997,17.359999,50,0,0,0,0,0,0,50.2,4.43,17.89,4.5,18.3,40,0,0,0,0,0,0,0,0,0,0,0,23.3,1339.45,0,0,24.449999,-0.5843874,25.75,0.24375,0,0,18.55,0,0
GG,2026-06-09 11:40,열원,P2,5℃,고층부,공통,#3,0,0,0,0,0,0,40.149998,2.6799998,6.14,2.6699998,6.06,50,0,0,0,0,0,0,41.7,2.83,7.2999997,2.83,7.2999997,65,0,0,0,0,0,0,0,0,0,0,0,20.85,0,0,0,23.75,0,6.2999997,0,0,0,6.5499997,0,0
GG,2026-06-09 11:40,열원,P2,5℃,고층부,공통,#1,0,0,0,0,0,1,41.95,2.76,6.7599998,2.81,7.1499996,25,0,0,0,0,0,0,39.95,2.85,7.45,2.95,8.2,100,0,0,0,0,0,0,0,0,0,0,0,21.199999,15.225,0,0,23.85,0.56423616,6.2999997,2.275,0,0,6.95,0,0
GG,2026-06-09 11:40,열원,P2,5℃,저층부,공통,#2,0,0,0,0,0,0,27.099998,3.6399999,13.009999,3.61,12.809999,85,0,0,0,0,0,1,44.85,4.0899997,15.86,4.04,15.549999,85,0,0,0,0,0,0,0,0,0,0,0,23.3,0,0,0,23.35,0,23.65,0,0,0,16.8,0,0
GG,2026-06-09 11:40,열원,P2,5℃,저층부,공통,#3,0,0,0,0,0,0,47.5,2.95,8.2,2.97,8.349999,100,0,0,0,0,0,0,47.8,3.1499999,9.65,3.4499998,11.74,25,0,0,0,0,0,0,0,0,0,0,0,22.4,0,0,0,24.55,0,6.7999997,0,0,0,7.0499997,0,0
GG,2026-06-09 11:40,열원,P2,5℃,저층부,공통,#1,0,0,0,0,0,0,48.6,4.42,17.83,4.61,18.93,25,0,0,0,0,0,0,49.55,4.54,18.529999,4.62,18.99,25,0,0,0,0,0,0,0,0,0,0,0,26.199999,2800,0,0,27.699999,-5.5536957,26.5,2.1125,0,0,19.199999,0,0
GS,2026-06-09 11:41,열원,A1,5℃,공통,공통,#2,1,1,582.4099,0,0,63,40,6.56,28.8,2.57,5.3,0,1,0,0,0,0,0,0,0,0,0,0,0,1,0,1,0,0,0,0,0,0,0,0,23.6,923.25,1,69.754654,26.8,0,5.5,356,1,69.41117,13.6,0,0
GS,2026-06-09 11:41,열원,A1,5℃,공통,공통,#3,1,0,0,0,0,0,41.2,5.16,21.939999,5.17,22,0,1,0,0,0,0,0,39.75,5.1099997,21.68,5.08,21.52,0,1,0,0,0,0,0,0,0,0,0,0,27.15,20,0,0,28.9,0,21.4,13.75,0,0,21.35,0,0
GS,2026-06-09 11:41,열원,A1,5℃,공통,공통,#1,1,1,1011.84375,0,0,46,40.1,6.64,29.179998,2.27,2.77,0,1,1,0,0,0,29,40.25,6.3999996,28.08,2.25,2.62,0,1,0,1,0,0,0,0,0,0,0,0,24.55,1572.5,1,180.05652,28.699999,0,4.95,686.75,1,120.02221,13.15,0,0
GS,2026-06-09 11:41,열원,A2,13℃,공통,공통,#2,0,0,0,0,0,0,0,0.5053053,0,4.7828317,0,0,0,0,0,0,0,0,0,0,0,0,0,0,0,0,0,0,0,0,0,0,0,0,0,28.305614,519.75,0,0,27.980938,0,22.103565,0.75,0,0,21.209059,0,0
GS,2026-06-09 11:41,열원,A2,13℃,공통,공통,#3,0,0,0,0,0,0,0,-0.17037296,0,3.8078926,0,0,0,0,0,0,0,0,0,0,0,0,0,0,0,0,0,0,0,0,0,0,0,0,0,30.054195,3.575,0,0,29.681486,0,29.126678,3.75,0,0,29.151419,0,0
GS,2026-06-09 11:41,열원,A2,13℃,공통,공통,#1,0,0,0,0,0,0.1019368,0,0.4723059,0,0.0928772,0,0,0,0,0,0,0,0,0,0,0,0,0,0,0,0,0,0,0,0,0,0,0,0,0,28.983776,0,0,0,28.640356,0,21.940334,6.75,0,0,21.074137,0,0
GS,2026-06-09 11:41,열원,A2,5℃,공통,공통,#2,0,0,0,0,0,0.6198347,0,-0.2645728,0,21.45465,0,0,0,0,0,0,0,0,0,0,0,0,0,0,0,0,0,0,0,0,0,0,0,0,0,25.603012,0,0,0,23.022789,0,19.599224,1,0,0,18.32845,0,0
GS,2026-06-09 11:41,열원,A2,5℃,공통,공통,#3,0,0,0,0,0,-0.103950106,0,0.38352695,0,1.8575077,0,0,0,0,0,0,0,0,0,0,0,0,0,0,0,0,0,0,0,0,0,0,0,0,0,29.697948,3.3,0,0,28.797634,0,29.028097,2.25,0,0,28.96103,0,0
GS,2026-06-09 11:41,열원,A2,5℃,공통,공통,#1,0,0,0,0,0,0,0,4.87,0,4.91,0,0,0,0,0,0,0,0,0,0,0,0,0,0,0,0,0,0,0,0,0,0,0,0,0,24.5,0,0,0,26.2,0,18.7,9.25,0,0,18.1,0,0
GG,2026-06-09 11:41,열원,P1,13℃,저층부,공통,#2,0,0,0,0,0,-2,37.149998,5.0899997,21.58,5.12,21.74,0,0,0,0,0,0,0,40.35,4.97,20.93,4.98,20.98,0,0,0,0,0,0,0,0,0,0,0,0,24.9,46.2,0,0,24.949999,0.02852139,20.4,6.325,0,0,20.9,0,0
GG,2026-06-09 11:41,열원,P1,13℃,저층부,공통,#3,0,0,0,0,0,0,43.399998,6.15,26.9,6.15,26.9,0,0,0,0,0,0,1,43.6,6.08,26.599998,6.1,26.599998,0,0,0,0,0,0,0,0,0,0,0,0,27,0,0,0,27,0,27.4,0,0,0,27.099998,0,0
GG,2026-06-09 11:41,열원,P1,13℃,저층부,공통,#1,1,1,755,0,0,70,44.399998,8.12,35.399998,3.4199998,11.5,0,2,1,770,0,0,74,33.2,7.3599997,32.3,3.23,10.2,0,1,0,1,0,1,1,1,1,0,0,0,28,1800.4,0,191,33.6,3369.53,12,1497.875,1,327,18.8,0,0
GG,2026-06-09 11:41,열원,P1,5℃,저층부,공통,#2,1,0,0,0,0,0,39.7,4.95,20.82,4.94,20.77,0,1,0,0,0,0,1,39.149998,4.92,20.66,4.98,20.98,0,0,0,1,0,0,1,1,1,0,0,0,24.699999,0,0,0,25.55,0,24.699999,0,0,0,21.05,0,0
GG,2026-06-09 11:41,열원,P1,5℃,저층부,공통,#3,1,1,897,0,0,61,37.6,6.41,28.099998,2.31,3.1,0,1,1,738,0,0,0,43.8,6.5699997,28.8,3.06,9,0,1,0,1,0,1,1,1,1,0,0,0,24.199999,2.1,0,272,27.9,2573.1746,6.6,903.825,1,185,15.2,0,0
GG,2026-06-09 11:41,열원,P1,5℃,저층부,공통,#1,1,1,797,0,0,43,45.2,7.58,33.2,2.59,5.4,0,0,1,913,0,0,8,47.8,8.0199995,35,2.98,8.4,0,1,0,1,0,1,1,1,1,0,0,0,30.5,2054.5,0,284,33.899998,2126.4285,7.7,900.575,1,186,14.9,0,0
GG,2026-06-09 11:41,열원,P2,13℃,고층부,공통,#2,1,1,784,0,0,62,38.2,8.17,35.61,3.49,12.009999,25,1,1,793,0,0,95,38.399998,7.29,32.02,2.81,7.1499996,35,1,0,1,0,0,0,0,0,0,0,0,24.35,1782.5625,1,212,31,2560.3547,14.45,1665.0563,1,308,19,0,0
GG,2026-06-09 11:41,열원,P2,13℃,고층부,공통,#3,0,0,0,0,0,0,41.7,4.08,15.799999,4.02,15.429999,25,0,0,0,0,0,0,43.649998,4.0499997,15.62,4.06,15.679999,25,0,0,0,0,0,0,0,0,0,0,0,23.1,18.375,0,0,24,0.6655093,16.35,4.025,0,0,16.35,0,0
GG,2026-06-09 11:41,열원,P2,13℃,고층부,공통,#1,0,0,0,0,0,0,47.100002,3.9399998,14.900001,3.86,14.400001,25,0,0,0,0,0,0,44.7,3.86,14.400001,3.9299998,14.8,50,0,0,0,0,0,0,0,0,0,0,0,23.300001,0,0,0,22.800001,0,16,0,0,0,14.8,0,0
GG,2026-06-09 11:41,열원,P2,13℃,저층부,공통,#2,1,1,758,0,0,100,45.149998,8.07,35.21,2.75,6.69,25,1,1,724,0,0,100,40.75,7.2799997,31.97,2.57,5.27,30,0,0,1,0,0,0,0,0,0,0,0,24.1,1117.725,1,209,29.75,2410.8198,13.099999,1709.0437,1,300,17.35,0,0
GG,2026-06-09 11:41,열원,P2,13℃,저층부,공통,#3,0,0,0,0,0,1,46.95,3.85,14.36,3.74,13.66,50,0,0,0,0,0,1,46.6,3.9399998,14.929999,3.9299998,14.87,50,0,0,0,0,0,0,0,0,0,0,0,24.6,0,0,0,24.85,0,13.25,0,0,0,14.299999,0,0
GG,2026-06-09 11:41,열원,P2,13℃,저층부,공통,#1,1,1,765,0,0,91,43.05,7.25,31.849998,2.8,7.0699997,50,1,1,682,0,0,100,38,6.5699997,28.859999,2.57,5.27,55,1,0,1,0,0,0,0,0,0,0,0,24,1986.25,1,217,28.349998,2827.5964,13.5,1851.0687,1,320,18.15,0,0
GG,2026-06-09 11:41,열원,P2,5℃,고층부,공통,#2,0,0,0,0,0,0,48.45,4.35,17.42,4.35,17.42,50,0,0,0,0,0,0,50.25,4.43,17.89,4.5,18.3,40,0,0,0,0,0,0,0,0,0,0,0,23.25,1351.875,0,0,24.449999,-1.1445934,25.65,0.73125,0,0,18.55,0,0
GG,2026-06-09 11:41,열원,P2,5℃,고층부,공통,#3,0,0,0,0,0,0,40.149998,2.6799998,6.14,2.6599998,5.99,50,0,0,0,0,0,0,41.7,2.83,7.2999997,2.82,7.22,65,0,0,0,0,0,0,0,0,0,0,0,20.85,0,0,0,23.8,0,6.35,0,0,0,6.5499997,0,0
GG,2026-06-09 11:41,열원,P2,5℃,고층부,공통,#1,0,0,0,0,0,1,41.95,2.74,6.6099997,2.81,7.1499996,25,0,0,0,0,0,0,39.95,2.85,7.45,2.9399998,8.13,100,0,0,0,0,0,0,0,0,0,0,0,21.25,0,0,0,23.85,0.6851439,6.2999997,2.7625,0,0,6.95,0,0
GG,2026-06-09 11:41,열원,P2,5℃,저층부,공통,#2,0,0,0,0,0,0,27.099998,3.6499999,13.07,3.59,12.679999,85,0,0,0,0,0,1,44.85,4.0899997,15.86,4.06,15.679999,85,0,0,0,0,0,0,0,0,0,0,0,23.3,0,0,0,23.35,0,23.6,0,0,0,16.8,0,0
GG,2026-06-09 11:41,열원,P2,5℃,저층부,공통,#3,0,0,0,0,0,0,47.55,2.95,8.2,2.98,8.42,100,0,0,0,0,0,0,47.8,3.1499999,9.65,3.4499998,11.74,25,0,0,0,0,0,0,0,0,0,0,0,22.4,0,0,0,24.6,0,6.7999997,0.40625,0,0,7.0499997,0,0
GG,2026-06-09 11:41,열원,P2,5℃,저층부,공통,#1,0,0,0,0,0,0,48.649998,4.42,17.83,4.62,18.99,25,0,0,0,0,0,0,49.5,4.54,18.529999,4.62,18.99,25,0,0,0,0,0,0,0,0,0,0,0,26.199999,2800,0,0,27.699999,-3.417659,26.5,2.4375,0,0,19.25,0,0
GS,2026-06-09 11:42,열원,A1,5℃,공통,공통,#2,1,1,579.2162,0,0,63,40,6.56,28.8,2.57,5.3,0,1,0,0,0,0,0,0,0,0,0,0,0,1,0,1,0,0,0,0,0,0,0,0,23.6,909.375,1,69.754654,26.8,0,5.5,354,1,69.41117,13.6,0,0
GS,2026-06-09 11:42,열원,A1,5℃,공통,공통,#3,1,0,0,0,0,0,41.2,5.16,21.939999,5.17,22,0,1,0,0,0,0,0,39.75,5.1099997,21.68,5.08,21.52,0,1,0,0,0,0,0,0,0,0,0,0,27.15,20,0,0,28.9,0,21.4,16.25,0,0,21.35,0,0
GS,2026-06-09 11:42,열원,A1,5℃,공통,공통,#1,1,1,1005.45825,0,0,46,40.1,6.6299996,29.13,2.27,2.77,0,1,1,0,0,0,29,40.2,6.42,28.17,2.26,2.7,0,1,0,1,0,0,0,0,0,0,0,0,24.5,1578.75,1,179.84091,28.699999,0,4.9,675.75,1,118.97042,13.15,0,0
GS,2026-06-09 11:42,열원,A2,13℃,공통,공통,#2,0,0,0,0,0,0,0,0.5053053,0,4.7828317,0,0,0,0,0,0,0,0,0,0,0,0,0,0,0,0,0,0,0,0,0,0,0,0,0,28.305614,523.05,0,0,27.980938,0,22.103565,0.75,0,0,21.209059,0,0
GS,2026-06-09 11:42,열원,A2,13℃,공통,공통,#3,0,0,0,0,0,0,0,-0.17037296,0,3.8078926,0,0,0,0,0,0,0,0,0,0,0,0,0,0,0,0,0,0,0,0,0,0,0,0,0,30.054195,3.3,0,0,29.681486,0,29.126678,3.75,0,0,29.151419,0,0
GS,2026-06-09 11:42,열원,A2,13℃,공통,공통,#1,0,0,0,0,0,0.1019368,0,0.4723059,0,0.0928772,0,0,0,0,0,0,0,0,0,0,0,0,0,0,0,0,0,0,0,0,0,0,0,0,0,28.983776,0,0,0,28.640356,0,21.940334,6.75,0,0,21.074137,0,0
GS,2026-06-09 11:42,열원,A2,5℃,공통,공통,#2,0,0,0,0,0,0.6198347,0,-0.2645728,0,21.53325,0,0,0,0,0,0,0,0,0,0,0,0,0,0,0,0,0,0,0,0,0,0,0,0,0,25.600357,0,0,0,23.031174,0,19.599224,1,0,0,18.295567,0,0
GS,2026-06-09 11:42,열원,A2,5℃,공통,공통,#3,0,0,0,0,0,-0.103950106,0,0.38352695,0,1.8575077,0,0,0,0,0,0,0,0,0,0,0,0,0,0,0,0,0,0,0,0,0,0,0,0,0,29.697948,3.575,0,0,28.797634,0,29.028097,2.5,0,0,28.96103,0,0
GS,2026-06-09 11:42,열원,A2,5℃,공통,공통,#1,0,0,0,0,0,0,0,4.87,0,4.91,0,0,0,0,0,0,0,0,0,0,0,0,0,0,0,0,0,0,0,0,0,0,0,0,0,24.5,0,0,0,26.1,0,18.7,9.25,0,0,18.1,0,0
GG,2026-06-09 11:42,열원,P1,13℃,저층부,공통,#2,0,0,0,0,0,-2,37.1,5.0899997,21.58,5.1099997,21.68,0,0,0,0,0,0,0,40.35,4.97,20.93,4.99,21.039999,0,0,0,0,0,0,0,0,0,0,0,0,24.9,44.1,0,0,24.949999,0,20.4,0,0,0,20.9,0,0
GG,2026-06-09 11:42,열원,P1,13℃,저층부,공통,#3,0,0,0,0,0,0,43.399998,6.15,26.9,6.15,26.9,0,0,0,0,0,0,1,43.6,6.08,26.599998,6.1,26.599998,0,0,0,0,0,0,0,0,0,0,0,0,27,0,0,0,27,0,27.4,0,0,0,27.099998,0,0
GG,2026-06-09 11:42,열원,P1,13℃,저층부,공통,#1,1,1,755,0,0,70,44.399998,8.11,35.3,3.4099998,11.5,0,2,1,772,0,0,74,33.2,7.3199997,32.1,3.23,10.2,0,1,0,1,0,1,1,1,1,0,0,0,27.9,1809.5,0,192,33.5,3432.8865,12,1526.625,1,327,18.8,0,0
GG,2026-06-09 11:42,열원,P1,5℃,저층부,공통,#2,1,0,0,0,0,0,39.649998,4.95,20.82,4.95,20.82,0,1,0,0,0,0,1,39.149998,4.95,20.82,4.97,20.93,0,0,0,1,0,0,1,1,1,0,0,0,24.75,0,0,0,25.5,0,24.75,0,0,0,21,0,0
GG,2026-06-09 11:42,열원,P1,5℃,저층부,공통,#3,1,1,898,0,0,61,37.6,6.43,28.199999,2.31,3.1,0,1,1,738,0,0,0,43.899998,6.5899997,28.9,3.06,9,0,1,0,1,0,1,1,1,1,0,0,0,24.199999,0,0,272,27.9,2559.3105,6.6,899.925,1,185,15.2,0,0
GG,2026-06-09 11:42,열원,P1,5℃,저층부,공통,#1,1,1,799,0,0,43,45.2,7.58,33.2,2.59,5.4,0,0,1,911,0,0,9,47.899998,8.0199995,35,2.98,8.4,0,1,0,1,0,1,1,1,1,0,0,0,30.5,2051.7,0,284,33.8,2162.0237,7.7,908.05,1,186,14.9,0,0
GG,2026-06-09 11:42,열원,P2,13℃,고층부,공통,#2,1,1,782,0,0,62,38.149998,8.13,35.45,3.48,11.94,25,1,1,792,0,0,95,38.399998,7.24,31.8,2.81,7.1499996,35,1,0,1,0,0,0,0,0,0,0,0,24.199999,1790.8125,1,212,30.9,2595.0586,14.45,1687.625,1,309,19,0,0
GG,2026-06-09 11:42,열원,P2,13℃,고층부,공통,#3,0,0,0,0,0,0,41.649998,4.08,15.799999,4.02,15.429999,25,0,0,0,0,0,0,43.649998,4.0499997,15.62,4.06,15.679999,25,0,0,0,0,0,0,0,0,0,0,0,23.05,25.725,0,0,24,0.760582,16.35,4.6,0,0,16.35,0,0
GG,2026-06-09 11:42,열원,P2,13℃,고층부,공통,#1,0,0,0,0,0,0,47,3.9399998,14.900001,3.86,14.400001,25,0,0,0,0,0,0,44.7,3.86,14.400001,3.9299998,14.8,50,0,0,0,0,0,0,0,0,0,0,0,23.300001,0,0,0,22.800001,0,16,0,0,0,14.8,0,0
GG,2026-06-09 11:42,열원,P2,13℃,저층부,공통,#2,1,1,755,0,0,100,45.149998,8.05,35.14,2.74,6.6099997,25,1,1,722,0,0,100,40.75,7.27,31.929998,2.57,5.27,30,0,0,1,0,0,0,0,0,0,0,0,24.1,1308.65,1,208,29.699999,2426.3755,13.049999,1726.4375,1,301,17.3,0,0
GG,2026-06-09 11:42,열원,P2,13℃,저층부,공통,#3,0,0,0,0,0,1,47,3.85,14.36,3.73,13.599999,50,0,0,0,0,0,1,46.6,3.9399998,14.929999,3.9299998,14.87,50,0,0,0,0,0,0,0,0,0,0,0,24.6,0,0,0,24.9,0,13.2,0,0,0,14.299999,0,0
GG,2026-06-09 11:42,열원,P2,13℃,저층부,공통,#1,1,1,772,0,0,96,43.05,7.23,31.76,2.77,6.8399997,50,1,1,679,0,0,100,38,6.5499997,28.769999,2.55,5.1099997,55,1,0,1,0,0,0,0,0,0,0,0,23.85,2011.275,1,216,28.25,2839.0908,13.5,1846.325,1,319,18.15,0,0
GG,2026-06-09 11:42,열원,P2,5℃,고층부,공통,#2,0,0,0,0,0,0,48.45,4.36,17.48,4.35,17.42,50,0,0,0,0,0,0,50.2,4.44,17.949999,4.5,18.3,40,0,0,0,0,0,0,0,0,0,0,0,23.25,1353.1,0,0,24.449999,-0.58841777,25.75,0.24375,0,0,18.5,0,0
GG,2026-06-09 11:42,열원,P2,5℃,고층부,공통,#3,0,0,0,0,0,0,40.1,2.69,6.22,2.6699998,6.06,50,0,0,0,0,0,0,41.7,2.83,7.2999997,2.83,7.2999997,65,0,0,0,0,0,0,0,0,0,0,0,20.85,0,0,0,23.8,0,6.2999997,0,0,0,6.5,0,0
GG,2026-06-09 11:42,열원,P2,5℃,고층부,공통,#1,0,0,0,0,0,1,41.95,2.75,6.69,2.82,7.22,25,0,0,0,0,0,0,39.95,2.85,7.45,2.95,8.2,100,0,0,0,0,0,0,0,0,0,0,0,21.25,0,0,0,23.8,0.6233463,6.25,2.35625,0,0,6.95,0,0
GG,2026-06-09 11:42,열원,P2,5℃,저층부,공통,#2,0,0,0,0,0,0,27.15,3.6499999,13.07,3.6,12.75,85,0,0,0,0,0,1,44.85,4.1,15.92,4.0499997,15.62,85,0,0,0,0,0,0,0,0,0,0,0,23.3,0,0,0,23.35,0,23.65,0,0,0,16.8,0,0
GG,2026-06-09 11:42,열원,P2,5℃,저층부,공통,#3,0,0,0,0,0,0,47.55,2.95,8.2,2.96,8.2699995,100,0,0,0,0,0,0,47.75,3.1599998,9.73,3.4499998,11.74,25,0,0,0,0,0,0,0,0,0,0,0,22.4,0,0,0,24.55,0.021494713,6.7999997,0.1625,0,0,7.0499997,0,0
GG,2026-06-09 11:42,열원,P2,5℃,저층부,공통,#1,0,0,0,0,0,0,48.649998,4.42,17.83,4.6,18.869999,25,0,0,0,0,0,0,49.5,4.5499997,18.59,4.61,18.93,25,0,0,0,0,0,0,0,0,0,0,0,26.199999,2800,0,0,27.699999,-7.953042,26.55,3.00625,0,0,19.25,0,0
GS,2026-06-09 11:43,열원,A1,5℃,공통,공통,#2,1,1,582.8649,0,0,63,40,6.56,28.8,2.57,5.3,0,1,0,0,0,0,0,0,0,0,0,0,0,1,0,1,0,0,0,0,0,0,0,0,23.6,907.875,1,69.754654,26.8,0,5.5,363,1,69.41117,13.6,0,0
GS,2026-06-09 11:43,열원,A1,5℃,공통,공통,#3,1,0,0,0,0,0,41.149998,5.15,21.89,5.18,22.05,0,1,0,0,0,0,0,39.75,5.1099997,21.68,5.0899997,21.57,0,1,0,0,0,0,0,0,0,0,0,0,27.199999,20,0,0,28.849998,0,21.449999,17.5,0,0,21.35,0,0
GS,2026-06-09 11:43,열원,A1,5℃,공통,공통,#1,1,1,1007.47156,0,0,47,40.149998,6.6299996,29.13,2.28,2.86,0,1,1,0,0,0,29,40.2,6.43,28.22,2.26,2.7,0,1,0,1,0,0,0,0,0,0,0,0,24.5,1540,1,181.62384,28.699999,0,4.95,675.25,1,119.90041,13.2,0,0
GS,2026-06-09 11:43,열원,A2,13℃,공통,공통,#2,0,0,0,0,0,0,0,0.5053053,0,4.7828317,0,0,0,0,0,0,0,0,0,0,0,0,0,0,0,0,0,0,0,0,0,0,0,0,0,28.305614,522.775,0,0,27.980938,0,22.103565,0.5,0,0,21.209059,0,0
GS,2026-06-09 11:43,열원,A2,13℃,공통,공통,#3,0,0,0,0,0,0,0,-0.17037296,0,3.8078926,0,0,0,0,0,0,0,0,0,0,0,0,0,0,0,0,0,0,0,0,0,0,0,0,0,30.054195,3.3,0,0,29.681486,0,29.126678,3.75,0,0,29.151419,0,0
GS,2026-06-09 11:43,열원,A2,13℃,공통,공통,#1,0,0,0,0,0,0.1019368,0,0.4723059,0,0.0928772,0,0,0,0,0,0,0,0,0,0,0,0,0,0,0,0,0,0,0,0,0,0,0,0,0,28.983776,0,0,0,28.640356,0,21.940334,6.75,0,0,21.074137,0,0
GS,2026-06-09 11:43,열원,A2,5℃,공통,공통,#2,0,0,0,0,0,0.6198347,0,-0.2645728,0,21.506998,0,0,0,0,0,0,0,0,0,0,0,0,0,0,0,0,0,0,0,0,0,0,0,0,0,25.610392,0,0,0,23.03622,0,19.599224,1,0,0,18.328442,0,0
GS,2026-06-09 11:43,열원,A2,5℃,공통,공통,#3,0,0,0,0,0,-0.103950106,0,0.38352695,0,1.8575077,0,0,0,0,0,0,0,0,0,0,0,0,0,0,0,0,0,0,0,0,0,0,0,0,0,29.697948,3.3,0,0,28.797634,0,29.028097,2.25,0,0,28.96103,0,0
GS,2026-06-09 11:43,열원,A2,5℃,공통,공통,#1,0,0,0,0,0,0,0,4.87,0,4.91,0,0,0,0,0,0,0,0,0,0,0,0,0,0,0,0,0,0,0,0,0,0,0,0,0,24.5,0,0,0,26.1,0,18.7,9.25,0,0,18.1,0,0
GG,2026-06-09 11:43,열원,P2,5℃,저층부,공통,#1,0,0,0,0,0,0,48.649998,4.41,17.779999,4.62,18.99,25,0,0,0,0,0,0,49.55,4.56,18.64,4.62,18.99,25,0,0,0,0,0,0,0,0,0,0,0,26.199999,2800,0,0,27.699999,-13.029825,26.5,4.95625,0,0,19.199999,0,0
GG,2026-06-09 11:43,열원,P2,5℃,저층부,공통,#3,0,0,0,0,0,0,47.55,2.9399998,8.13,2.96,8.2699995,100,0,0,0,0,0,0,47.8,3.1599998,9.73,3.4399998,11.67,25,0,0,0,0,0,0,0,0,0,0,0,22.35,0,0,0,24.55,0,6.7999997,0,0,0,7.0499997,0,0
GG,2026-06-09 11:43,열원,P2,5℃,저층부,공통,#2,0,0,0,0,0,0,27.099998,3.6599998,13.139999,3.6,12.75,85,0,0,0,0,0,1,44.8,4.0899997,15.86,4.06,15.679999,85,0,0,0,0,0,0,0,0,0,0,0,23.3,0,0,0,23.35,0,23.65,0,0,0,16.75,0,0
GG,2026-06-09 11:43,열원,P2,5℃,고층부,공통,#1,0,0,0,0,0,1,42,2.75,6.69,2.81,7.1499996,25,0,0,0,0,0,0,40,2.85,7.45,2.9399998,8.13,100,0,0,0,0,0,0,0,0,0,0,0,21.199999,20.125,0,0,23.85,0.5440848,6.2999997,2.19375,0,0,6.95,0,0
GG,2026-06-09 11:43,열원,P2,5℃,고층부,공통,#3,0,0,0,0,0,0,40.1,2.6799998,6.14,2.6699998,6.06,50,0,0,0,0,0,0,41.75,2.83,7.2999997,2.84,7.37,65,0,0,0,0,0,0,0,0,0,0,0,20.85,0,0,0,23.8,0,6.2999997,0,0,0,6.5,0,0
GG,2026-06-09 11:43,열원,P2,5℃,고층부,공통,#2,0,0,0,0,0,0,48.5,4.36,17.48,4.35,17.42,50,0,0,0,0,0,0,50.2,4.43,17.89,4.5,18.3,40,0,0,0,0,0,0,0,0,0,0,0,23.199999,1347.15,0,0,24.449999,-0.5803571,25.699999,0.24375,0,0,18.5,0,0
GG,2026-06-09 11:43,열원,P2,13℃,저층부,공통,#1,1,1,768,0,0,96,43.05,7.19,31.59,2.75,6.69,50,1,1,678,0,0,100,38,6.5099998,28.58,2.54,5.0299997,55,1,0,1,0,0,0,0,0,0,0,0,23.75,2022.125,1,216,28.099998,2836.66,13.45,1844.7438,1,320,18.1,0,0
GG,2026-06-09 11:43,열원,P2,13℃,저층부,공통,#3,0,0,0,0,0,1,47,3.85,14.36,3.73,13.599999,50,0,0,0,0,0,1,46.649998,3.9499998,14.99,3.9299998,14.87,50,0,0,0,0,0,0,0,0,0,0,0,24.6,0,0,0,24.85,0,13.25,0,0,0,14.299999,0,0
GG,2026-06-09 11:43,열원,P2,13℃,저층부,공통,#2,1,1,754,0,0,100,45.149998,8.04,35.1,2.74,6.6099997,25,1,1,721,0,0,100,40.7,7.27,31.929998,2.57,5.27,30,0,0,1,0,0,0,0,0,0,0,0,24.05,1409.8,1,208,29.699999,2437.561,13,1694.525,1,302,17.35,0,0
GG,2026-06-09 11:43,열원,P2,13℃,고층부,공통,#1,0,0,0,0,0,0,47,3.9399998,14.900001,3.86,14.400001,25,0,0,0,0,0,0,44.7,3.86,14.400001,3.9299998,14.8,50,0,0,0,0,0,0,0,0,0,0,0,23.300001,0,0,0,22.800001,0,16.1,0,0,0,14.8,0,0
GG,2026-06-09 11:43,열원,P2,13℃,고층부,공통,#3,0,0,0,0,0,0,41.6,4.08,15.799999,4.0099998,15.37,25,0,0,0,0,0,0,43.6,4.0499997,15.62,4.06,15.679999,25,0,0,0,0,0,0,0,0,0,0,0,23.05,20.825,0,0,24,0.6892774,16.35,4.16875,0,0,16.35,0,0
GG,2026-06-09 11:43,열원,P2,13℃,고층부,공통,#2,1,1,781,0,0,62,38.2,8.12,35.41,3.49,12.009999,25,1,1,791,0,0,95,38.399998,7.24,31.8,2.8,7.0699997,35,1,0,1,0,0,0,0,0,0,0,0,24.1,1761,1,211,30.8,2576.0488,14.45,1675.2625,1,309,19.05,0,0
GG,2026-06-09 11:43,열원,P1,5℃,저층부,공통,#1,1,1,796,0,0,43,45.1,7.5499997,33.1,2.57,5.2999997,0,0,1,905,0,0,8,48.1,7.99,34.899998,2.98,8.4,0,1,0,1,0,1,1,1,1,0,0,0,30.4,2077.6,0,284,33.8,2110.9521,7.7,886.6,1,185,14.9,0,0
GG,2026-06-09 11:43,열원,P1,5℃,저층부,공통,#3,1,1,897,0,0,61,37.6,6.41,28.099998,2.31,3.1,0,1,1,738,0,0,0,43.8,6.5699997,28.8,3.06,9,0,1,0,1,0,1,1,1,1,0,0,0,24.199999,3.5,0,272,27.9,2557.462,6.6,899.275,1,185,15.2,0,0
GG,2026-06-09 11:43,열원,P1,5℃,저층부,공통,#2,1,0,0,0,0,0,39.649998,4.95,20.82,4.93,20.71,0,1,0,0,0,0,1,39.149998,4.95,20.82,4.98,20.98,0,0,0,1,0,0,1,1,1,0,0,0,24.75,0,0,0,25.5,-2.0151289,24.75,1.625,0,0,21,0,0
GG,2026-06-09 11:43,열원,P1,13℃,저층부,공통,#1,1,1,755,0,0,70,44.399998,8.11,35.3,3.4199998,11.5,0,2,1,775,0,0,76,33.2,7.3199997,32.1,3.23,10.2,0,1,0,1,0,1,1,1,1,0,0,0,27.8,1802.5,0,191,33.399998,3340.362,12.099999,1507.65,1,328,18.8,0,0
GG,2026-06-09 11:43,열원,P1,13℃,저층부,공통,#3,0,0,0,0,0,0,43.399998,6.15,26.9,6.15,26.9,0,0,0,0,0,0,1,43.6,6.08,26.599998,6.1,26.599998,0,0,0,0,0,0,0,0,0,0,0,0,27,0,0,0,27,0,27.4,0,0,0,27.099998,0,0
GG,2026-06-09 11:43,열원,P1,13℃,저층부,공통,#2,0,0,0,0,0,-2,37.1,5.0899997,21.58,5.1099997,21.68,0,0,0,0,0,0,0,40.399998,4.99,21.039999,5,21.09,0,0,0,0,0,0,0,0,0,0,0,0,24.9,56.7,0,0,24.9,0.047537465,20.4,2.875,0,0,20.9,0,0
GG,2026-06-09 11:44,열원,P1,13℃,저층부,공통,#2,0,0,0,0,0,-2,37.149998,5.0899997,21.58,5.1099997,21.68,0,0,0,0,0,0,0,40.45,5.0099998,21.15,4.99,21.039999,0,0,0,0,0,0,0,0,0,0,0,0,24.9,54.6,0,0,24.949999,0,20.449999,0,0,0,20.9,0,0
GG,2026-06-09 11:44,열원,P1,13℃,저층부,공통,#3,0,0,0,0,0,0,43.399998,6.15,26.9,6.15,26.9,0,0,0,0,0,0,1,43.6,6.1,26.599998,6.1,26.599998,0,0,0,0,0,0,0,0,0,0,0,0,27,0,0,0,27,0,27.4,0,0,0,27.099998,0,0
GG,2026-06-09 11:44,열원,P1,13℃,저층부,공통,#1,1,1,754,0,0,70,44.399998,8.07,35.2,3.4099998,11.5,0,2,1,775,0,0,76,33.2,7.31,32.1,3.23,10.2,0,1,0,1,0,1,1,1,1,0,0,0,27.8,1804.6,0,191,33.399998,3444.5234,12,1531.8,1,327,18.8,0,0
GG,2026-06-09 11:44,열원,P1,5℃,저층부,공통,#2,1,0,0,0,0,0,39.7,4.95,20.82,4.94,20.77,0,1,0,0,0,0,1,39.149998,4.9,20.55,4.97,20.93,0,0,0,1,0,0,1,1,1,0,0,0,24.699999,5.6,0,0,25.55,0,24.699999,0,0,0,21.05,0,0
GG,2026-06-09 11:44,열원,P1,5℃,저층부,공통,#3,1,1,894,0,0,61,37.6,6.41,28.099998,2.31,3.1,0,1,1,736,0,0,0,43.8,6.5699997,28.8,3.06,9,0,1,0,1,0,1,1,1,1,0,0,0,24.199999,2.1,0,271,27.9,2569.4343,6.5,893.1,1,183,15.2,0,0
GG,2026-06-09 11:44,열원,P1,5℃,저층부,공통,#1,1,1,789,0,0,43,44.899998,7.52,33,2.57,5.2999997,0,0,1,905,0,0,9,47.8,7.96,34.7,2.98,8.4,0,1,0,1,0,1,1,1,1,0,0,0,30.3,2040.5,0,284,33.7,2109.6733,7.6,873.925,1,185,14.9,0,0
GG,2026-06-09 11:44,열원,P2,13℃,고층부,공통,#2,1,1,781,0,0,62,38.2,8.09,35.29,3.49,12.009999,25,1,1,788,0,0,95,38.399998,7.21,31.679998,2.8,7.0699997,35,1,0,1,0,0,0,0,0,0,0,0,24,1778.8125,1,212,30.699999,2582.9011,14.45,1679.7188,1,308,19.05,0,0
GG,2026-06-09 11:44,열원,P2,13℃,고층부,공통,#3,0,0,0,0,0,0,41.6,4.08,15.799999,4.0099998,15.37,25,0,0,0,0,0,0,43.6,4.0499997,15.62,4.06,15.679999,25,0,0,0,0,0,0,0,0,0,0,0,23.05,14.7,0,0,24,0.61797285,16.35,3.7375,0,0,16.35,0,0
GG,2026-06-09 11:44,열원,P2,13℃,고층부,공통,#1,0,0,0,0,0,0,47,3.9399998,14.900001,3.86,14.400001,25,0,0,0,0,0,0,44.7,3.86,14.400001,3.9299998,14.8,50,0,0,0,0,0,0,0,0,0,0,0,23.300001,0,0,0,22.800001,0,16.1,0,0,0,14.8,0,0
GG,2026-06-09 11:44,열원,P2,13℃,저층부,공통,#2,1,1,754,0,0,100,45.1,8.03,35.059998,2.73,6.5299997,25,1,1,722,0,0,100,40.7,7.25,31.849998,2.57,5.27,30,0,0,1,0,0,0,0,0,0,0,0,24.05,922.6,1,208,29.599998,2417.7097,13,1680.725,1,301,17.35,0,0
GG,2026-06-09 11:44,열원,P2,13℃,저층부,공통,#3,0,0,0,0,0,1,47,3.85,14.36,3.74,13.66,50,0,0,0,0,0,1,46.649998,3.9399998,14.929999,3.9299998,14.87,50,0,0,0,0,0,0,0,0,0,0,0,24.6,0,0,0,24.9,0,13.2,0,0,0,14.349999,0,0
GG,2026-06-09 11:44,열원,P2,13℃,저층부,공통,#1,1,1,766,0,0,96,43.05,7.17,31.5,2.75,6.69,50,1,1,674,0,0,100,38,6.49,28.49,2.54,5.0299997,55,1,0,1,0,0,0,0,0,0,0,0,23.65,2030,1,216,28,2865.8376,13.4,1863.7188,1,318,18.1,0,0
GS,2026-06-09 11:44,열원,A1,5℃,공통,공통,#2,1,1,580.4034,0,0,63,40,6.56,28.8,2.59,5.4,0,1,0,0,0,0,0,0,0,0,0,0,0,1,0,1,0,0,0,0,0,0,0,0,23.5,908.25,1,69.754654,26.8,0,5.6,357.875,1,69.41117,13.7,0,0
GS,2026-06-09 11:44,열원,A1,5℃,공통,공통,#3,1,0,0,0,0,0,41.149998,5.15,21.89,5.17,22,0,1,0,0,0,0,0,39.8,5.1099997,21.68,5.08,21.52,0,1,0,0,0,0,0,0,0,0,0,0,27.15,20,0,0,28.9,0,21.4,9.25,0,0,21.35,0,0
GS,2026-06-09 11:44,열원,A1,5℃,공통,공통,#1,1,1,1008.9304,0,0,47,40.149998,6.6299996,29.13,2.27,2.77,0,1,1,0,0,0,29,40.2,6.42,28.17,2.27,2.79,0,1,0,1,0,0,0,0,0,0,0,0,24.5,1576.25,1,179.91443,28.699999,0,5,679,1,120.40976,13.2,0,0
GS,2026-06-09 11:44,열원,A2,13℃,공통,공통,#2,0,0,0,0,0,0,0,0.5053053,0,4.7828317,0,0,0,0,0,0,0,0,0,0,0,0,0,0,0,0,0,0,0,0,0,0,0,0,0,28.305614,520.3,0,0,27.980938,0,22.103565,0.5,0,0,21.209059,0,0
GS,2026-06-09 11:44,열원,A2,13℃,공통,공통,#3,0,0,0,0,0,0,0,-0.17037296,0,3.8078926,0,0,0,0,0,0,0,0,0,0,0,0,0,0,0,0,0,0,0,0,0,0,0,0,0,30.054195,3.3,0,0,29.681486,0,29.126678,3.75,0,0,29.151419,0,0
GS,2026-06-09 11:44,열원,A2,13℃,공통,공통,#1,0,0,0,0,0,0.1019368,0,0.4723059,0,0.0928772,0,0,0,0,0,0,0,0,0,0,0,0,0,0,0,0,0,0,0,0,0,0,0,0,0,28.983776,0,0,0,28.640356,0,21.940334,6.5,0,0,21.074137,0,0
GS,2026-06-09 11:44,열원,A2,5℃,공통,공통,#2,0,0,0,0,0,0.6198347,0,-0.2645728,0,21.507399,0,0,0,0,0,0,0,0,0,0,0,0,0,0,0,0,0,0,0,0,0,0,0,0,0,25.609306,0,0,0,23.030487,0,19.599224,1,0,0,18.328407,0,0
GS,2026-06-09 11:44,열원,A2,5℃,공통,공통,#3,0,0,0,0,0,-0.103950106,0,0.38352695,0,1.8575077,0,0,0,0,0,0,0,0,0,0,0,0,0,0,0,0,0,0,0,0,0,0,0,0,0,29.697948,3.575,0,0,28.797634,0,29.028097,2.25,0,0,28.96103,0,0
GS,2026-06-09 11:44,열원,A2,5℃,공통,공통,#1,0,0,0,0,0,0,0,4.87,0,4.91,0,0,0,0,0,0,0,0,0,0,0,0,0,0,0,0,0,0,0,0,0,0,0,0,0,24.5,0,0,0,26.2,0,18.7,9,0,0,18.1,0,0
GG,2026-06-09 11:44,열원,P2,5℃,고층부,공통,#2,0,0,0,0,0,0,48.45,4.35,17.42,4.36,17.48,50,0,0,0,0,0,0,50.2,4.43,17.89,4.5099998,18.359999,40,0,0,0,0,0,0,0,0,0,0,0,23.3,1349.95,0,0,24.449999,-0.99413025,25.75,0.40625,0,0,18.449999,0,0
GG,2026-06-09 11:44,열원,P2,5℃,고층부,공통,#3,0,0,0,0,0,0,40.05,2.69,6.22,2.6599998,5.99,50,0,0,0,0,0,0,41.75,2.82,7.22,2.83,7.2999997,65,0,0,0,0,0,0,0,0,0,0,0,20.8,0,0,0,23.75,0,6.2999997,0,0,0,6.5,0,0
GG,2026-06-09 11:44,열원,P2,5℃,고층부,공통,#1,0,0,0,0,0,1,42,2.76,6.7599998,2.81,7.1499996,25,0,0,0,0,0,0,40,2.85,7.45,2.95,8.2,100,0,0,0,0,0,0,0,0,0,0,0,21.25,22.575,0,0,23.85,0.6045387,6.2999997,2.4375,0,0,6.95,0,0
GG,2026-06-09 11:44,열원,P2,5℃,저층부,공통,#2,0,0,0,0,0,0,27.15,3.6499999,13.07,3.6,12.75,85,0,0,0,0,0,1,44.85,4.0899997,15.86,4.04,15.549999,85,0,0,0,0,0,0,0,0,0,0,0,23.3,0,0,0,23.35,0,23.65,0,0,0,16.8,0,0
GG,2026-06-09 11:44,열원,P2,5℃,저층부,공통,#3,0,0,0,0,0,0,47.5,2.95,8.2,2.95,8.2,100,0,0,0,0,0,0,47.8,3.1599998,9.73,3.46,11.809999,25,0,0,0,0,0,0,0,0,0,0,0,22.35,0,0,0,24.55,0,6.7999997,0,0,0,7,0,0
GG,2026-06-09 11:44,열원,P2,5℃,저층부,공통,#1,0,0,0,0,0,0,48.649998,4.43,17.89,4.61,18.93,25,0,0,0,0,0,0,49.5,4.54,18.529999,4.61,18.93,25,0,0,0,0,0,0,0,0,0,0,0,26.15,2800,0,0,27.699999,-3.8690476,26.5,1.4625,0,0,19.199999,0,0
GS,2026-06-09 11:45,열원,A1,5℃,공통,공통,#2,1,1,581.0282,0,0,63,40,6.56,28.8,2.59,5.4,0,1,0,0,0,0,0,0,0,0,0,0,0,1,0,1,0,0,0,0,0,0,0,0,23.6,913.5,1,69.754654,26.8,0,5.6,364.375,1,69.41117,13.7,0,0
GS,2026-06-09 11:45,열원,A1,5℃,공통,공통,#3,1,0,0,0,0,0,41.149998,5.16,21.939999,5.18,22.05,0,1,0,0,0,0,0,39.8,5.1099997,21.68,5.0899997,21.57,0,1,0,0,0,0,0,0,0,0,0,0,27.15,20,0,0,28.9,0,21.449999,11.75,0,0,21.35,0,0
GS,2026-06-09 11:45,열원,A1,5℃,공통,공통,#1,1,1,1007.7314,0,0,47,40.149998,6.64,29.179998,2.28,2.86,0,1,1,0,0,0,30,40.2,6.41,28.119999,2.25,2.62,0,1,0,1,0,0,0,0,0,0,0,0,24.5,1571.875,1,180.57985,28.65,0,5,670.75,1,120.533165,13.2,0,0
GS,2026-06-09 11:45,열원,A2,13℃,공통,공통,#2,0,0,0,0,0,0,0,0.5053053,0,4.7828317,0,0,0,0,0,0,0,0,0,0,0,0,0,0,0,0,0,0,0,0,0,0,0,0,0,28.305614,522.5,0,0,27.980938,0,22.103565,0.75,0,0,21.209059,0,0
GS,2026-06-09 11:45,열원,A2,13℃,공통,공통,#3,0,0,0,0,0,0,0,-0.17037296,0,3.8078926,0,0,0,0,0,0,0,0,0,0,0,0,0,0,0,0,0,0,0,0,0,0,0,0,0,30.054195,3.3,0,0,29.681486,0,29.126678,3.75,0,0,29.151419,0,0
GS,2026-06-09 11:45,열원,A2,13℃,공통,공통,#1,0,0,0,0,0,0.1019368,0,0.4723059,0,0.0928772,0,0,0,0,0,0,0,0,0,0,0,0,0,0,0,0,0,0,0,0,0,0,0,0,0,28.983776,0,0,0,28.640356,0,21.940334,6.5,0,0,21.074137,0,0
GS,2026-06-09 11:45,열원,A2,5℃,공통,공통,#2,0,0,0,0,0,0.6198347,0,-0.2645728,0,21.495897,0,0,0,0,0,0,0,0,0,0,0,0,0,0,0,0,0,0,0,0,0,0,0,0,0,25.610935,0,0,0,23.041252,0,19.599224,1,0,0,18.13502,0,0
GS,2026-06-09 11:45,열원,A2,5℃,공통,공통,#3,0,0,0,0,0,-0.103950106,0,0.38352695,0,1.8575077,0,0,0,0,0,0,0,0,0,0,0,0,0,0,0,0,0,0,0,0,0,0,0,0,0,29.697948,3.575,0,0,28.797634,0,29.028097,2.25,0,0,28.96103,0,0
GS,2026-06-09 11:45,열원,A2,5℃,공통,공통,#1,0,0,0,0,0,0,0,4.87,0,4.91,0,0,0,0,0,0,0,0,0,0,0,0,0,0,0,0,0,0,0,0,0,0,0,0,0,24.5,0,0,0,26.2,0,18.800001,9.25,0,0,18.1,0,0
GG,2026-06-09 11:45,열원,P1,13℃,저층부,공통,#2,0,0,0,0,0,-2,37.1,5.0899997,21.58,5.12,21.74,0,0,0,0,0,0,0,40.45,4.99,21.039999,4.98,20.98,0,0,0,0,0,0,0,0,0,0,0,0,24.85,56,0,0,24.9,0,20.4,0,0,0,20.85,0,0
GG,2026-06-09 11:45,열원,P1,13℃,저층부,공통,#3,0,0,0,0,0,0,43.399998,6.15,26.9,6.15,26.9,0,0,0,0,0,0,1,43.6,6.1,26.599998,6.1,26.599998,0,0,0,0,0,0,0,0,0,0,0,0,27,0,0,0,27,0,27.4,0,0,0,27.099998,0,0
GG,2026-06-09 11:45,열원,P1,13℃,저층부,공통,#1,1,1,752,0,0,70,44.399998,8.07,35.2,3.4099998,11.5,0,2,1,771,0,0,76,33.2,7.31,32.1,3.21,10.099999,0,1,0,1,0,1,1,1,1,0,0,0,27.699999,1790.6,0,191,33.3,3422.5427,12,1516.275,1,327,18.8,0,0
GG,2026-06-09 11:45,열원,P1,5℃,저층부,공통,#2,1,0,0,0,0,0,39.649998,4.96,20.869999,4.93,20.71,0,1,0,0,0,0,1,39.2,4.91,20.6,4.98,20.98,0,0,0,1,0,0,1,1,1,0,0,0,24.75,0,0,0,25.55,-3.9765198,24.699999,0,0,0,21,0,0
GG,2026-06-09 11:45,열원,P1,5℃,저층부,공통,#3,1,1,893,0,0,61,37.6,6.41,28.099998,2.3,3,0,1,1,736,0,0,0,43.8,6.56,28.8,3.05,8.9,0,1,0,1,0,1,1,1,1,0,0,0,24.199999,0,0,272,27.8,2540.449,6.5,882.375,1,184,15.2,0,0
GG,2026-06-09 11:45,열원,P1,5℃,저층부,공통,#1,1,1,790,0,0,43,44.899998,7.5,32.899998,2.57,5.2999997,0,0,1,904,0,0,5,47.7,7.91,34.5,3,8.599999,0,1,0,1,0,1,1,1,1,0,0,0,30.199999,2038.4,0,284,33.6,2144.1401,7.5,878.475,1,184,14.9,0,0
GG,2026-06-09 11:45,열원,P2,13℃,고층부,공통,#2,1,1,779,0,0,62,38.2,8.09,35.29,3.48,11.94,25,1,1,786,0,0,95,38.399998,7.22,31.72,2.8,7.0699997,35,1,0,1,0,0,0,0,0,0,0,0,23.949999,1753.5,1,212,30.65,2609.3337,14.4,1678.8562,1,307,19,0,0
GG,2026-06-09 11:45,열원,P2,13℃,고층부,공통,#3,0,0,0,0,0,0,41.5,4.08,15.799999,4.02,15.429999,25,0,0,0,0,0,0,43.55,4.0499997,15.62,4.06,15.679999,25,0,0,0,0,0,0,0,0,0,0,0,23.1,29.05,0,0,24.05,0.61797285,16.35,3.7375,0,0,16.35,0,0
GG,2026-06-09 11:45,열원,P2,13℃,고층부,공통,#1,0,0,0,0,0,0,47,3.9399998,14.900001,3.86,14.400001,25,0,0,0,0,0,0,44.7,3.86,14.400001,3.9299998,14.8,50,0,0,0,0,0,0,0,0,0,0,0,23.300001,0,0,0,22.800001,0,16.1,0,0,0,14.8,0,0
GG,2026-06-09 11:45,열원,P2,13℃,저층부,공통,#2,1,1,754,0,0,100,45.149998,8.0199995,35.02,2.73,6.5299997,25,1,1,723,0,0,100,40.75,7.24,31.8,2.56,5.19,30,0,0,1,0,0,0,0,0,0,0,0,24,1428.7,1,208,29.55,2448.3137,13.049999,1728.45,1,300,17.4,0,0
GG,2026-06-09 11:45,열원,P2,13℃,저층부,공통,#3,0,0,0,0,0,1,47.05,3.85,14.36,3.73,13.599999,50,0,0,0,0,0,1,46.7,3.9499998,14.99,3.9299998,14.87,50,0,0,0,0,0,0,0,0,0,0,0,24.6,0,0,0,24.85,0,13.25,0,0,0,14.349999,0,0
GG,2026-06-09 11:45,열원,P2,13℃,저층부,공통,#1,1,1,764,0,0,96,43.05,7.14,31.38,2.75,6.69,50,1,1,674,0,0,100,38,6.46,28.349998,2.54,5.0299997,55,1,0,1,0,0,0,0,0,0,0,0,23.5,2005.5,1,216,27.9,2874.0164,13.45,1867.6,1,319,18.1,0,0
GG,2026-06-09 11:45,열원,P2,5℃,고층부,공통,#2,0,0,0,0,0,0,48.45,4.35,17.42,4.3399997,17.359999,50,0,0,0,0,0,0,50.2,4.43,17.89,4.5,18.3,40,0,0,0,0,0,0,0,0,0,0,0,23.35,1353.1,0,0,24.449999,-2.5672736,25.699999,0.73125,0,0,18.449999,0,0
GG,2026-06-09 11:45,열원,P2,5℃,고층부,공통,#3,0,0,0,0,0,0,40.05,2.69,6.22,2.6599998,5.99,50,0,0,0,0,0,0,41.75,2.82,7.22,2.83,7.2999997,65,0,0,0,0,0,0,0,0,0,0,0,20.8,0,0,0,23.8,0,6.2999997,0,0,0,6.5,0,0
GG,2026-06-09 11:45,열원,P2,5℃,고층부,공통,#1,0,0,0,0,0,1,42.05,2.75,6.69,2.81,7.1499996,25,0,0,0,0,0,0,40.05,2.85,7.45,2.95,8.2,100,0,0,0,0,0,0,0,0,0,0,0,21.199999,0,0,0,23.85,0.6649926,6.2999997,2.68125,0,0,6.8999996,0,0
GG,2026-06-09 11:45,열원,P2,5℃,저층부,공통,#2,0,0,0,0,0,0,27.15,3.6499999,13.07,3.6,12.75,85,0,0,0,0,0,1,44.85,4.0899997,15.86,4.0699997,15.74,85,0,0,0,0,0,0,0,0,0,0,0,23.3,0,0,0,23.35,0,23.65,0,0,0,16.8,0,0
GG,2026-06-09 11:45,열원,P2,5℃,저층부,공통,#3,0,0,0,0,0,0,47.55,2.9399998,8.13,2.96,8.2699995,100,0,0,0,0,0,0,47.75,3.1699998,9.8,3.47,11.88,25,0,0,0,0,0,0,0,0,0,0,0,22.35,0,0,0,24.6,0.018807864,6.7999997,0.65,0,0,7.0499997,0,0
GG,2026-06-09 11:45,열원,P2,5℃,저층부,공통,#1,0,0,0,0,0,0,48.649998,4.42,17.83,4.61,18.93,25,0,0,0,0,0,0,49.55,4.5499997,18.59,4.62,18.99,25,0,0,0,0,0,0,0,0,0,0,0,26.15,2800,0,0,27.699999,-15.906084,26.5,3.98125,0,0,19.199999,0,0
GS,2026-06-09 11:47,열원,A1,5℃,공통,공통,#2,1,1,583.29846,0,0,63,40,6.56,28.8,2.59,5.4,0,1,0,0,0,0,0,0,0,0,0,0,0,1,0,1,0,0,0,0,0,0,0,0,23.6,895.875,1,69.754654,26.8,0,5.6,360.875,1,69.41117,13.8,0,0
GS,2026-06-09 11:47,열원,A1,5℃,공통,공통,#3,1,0,0,0,0,0,41.05,5.15,21.89,5.17,22,0,1,0,0,0,0,0,39.85,5.1099997,21.68,5.0899997,21.57,0,1,0,0,0,0,0,0,0,0,0,0,27.15,20,0,0,28.9,0,21.4,14,0,0,21.35,0,0
GS,2026-06-09 11:47,열원,A1,5℃,공통,공통,#1,1,1,1005.01355,0,0,47,40.05,6.6099997,29.039999,2.28,2.86,0,1,1,0,0,0,30,40.1,6.41,28.119999,2.26,2.7,0,1,0,1,0,0,0,0,0,0,0,0,24.35,1611.25,1,181.34767,28.599998,0,4.95,673,1,120.31696,13.25,0,0
GS,2026-06-09 11:47,열원,A2,13℃,공통,공통,#2,0,0,0,0,0,0,0,0.5053053,0,4.7828317,0,0,0,0,0,0,0,0,0,0,0,0,0,0,0,0,0,0,0,0,0,0,0,0,0,28.305614,523.6,0,0,27.980938,0,22.103565,1,0,0,21.209059,0,0
GS,2026-06-09 11:47,열원,A2,13℃,공통,공통,#3,0,0,0,0,0,0,0,-0.17037296,0,3.8078926,0,0,0,0,0,0,0,0,0,0,0,0,0,0,0,0,0,0,0,0,0,0,0,0,0,30.054195,3.025,0,0,29.681486,0,29.126678,3.75,0,0,29.151419,0,0
GS,2026-06-09 11:47,열원,A2,13℃,공통,공통,#1,0,0,0,0,0,0.1019368,0,0.4723059,0,0.0928772,0,0,0,0,0,0,0,0,0,0,0,0,0,0,0,0,0,0,0,0,0,0,0,0,0,28.983776,0,0,0,28.640356,0,21.940334,6.75,0,0,21.074137,0,0
GS,2026-06-09 11:47,열원,A2,5℃,공통,공통,#2,0,0,0,0,0,0.6198347,0,-0.2645728,0,21.454676,0,0,0,0,0,0,0,0,0,0,0,0,0,0,0,0,0,0,0,0,0,0,0,0,0,25.591856,0,0,0,23.035137,0,19.600449,1,0,0,18.328442,0,0
GS,2026-06-09 11:47,열원,A2,5℃,공통,공통,#3,0,0,0,0,0,-0.103950106,0,0.38352695,0,1.8575077,0,0,0,0,0,0,0,0,0,0,0,0,0,0,0,0,0,0,0,0,0,0,0,0,0,29.697948,3.3,0,0,28.797634,0,29.028097,2.25,0,0,28.96103,0,0
GS,2026-06-09 11:47,열원,A2,5℃,공통,공통,#1,0,0,0,0,0,0,0,4.87,0,4.91,0,0,0,0,0,0,0,0,0,0,0,0,0,0,0,0,0,0,0,0,0,0,0,0,0,24.5,0,0,0,26.1,0,18.7,9,0,0,18.1,0,0
GG,2026-06-09 11:47,열원,P1,13℃,저층부,공통,#2,0,0,0,0,0,-2,37.149998,5.0899997,21.58,5.12,21.74,0,0,0,0,0,0,0,40.5,4.98,20.98,4.98,20.98,0,0,0,0,0,0,0,0,0,0,0,0,24.9,49.7,0,0,24.949999,0,20.4,0,0,0,20.85,0,0
GG,2026-06-09 11:47,열원,P1,13℃,저층부,공통,#3,0,0,0,0,0,0,43.399998,6.15,26.9,6.1299996,26.8,0,0,0,0,0,0,1,43.6,6.08,26.599998,6.12,26.699999,0,0,0,0,0,0,0,0,0,0,0,0,27,0,0,0,27,0,27.4,0,0,0,27.099998,0,0
GG,2026-06-09 11:47,열원,P1,13℃,저층부,공통,#1,1,1,754,0,0,70,44.3,8.04,35.1,3.4099998,11.5,0,2,1,771,0,0,77,33.1,7.2599998,31.9,3.21,10.099999,0,1,0,1,0,1,1,1,1,0,0,0,27.599998,1802.5,0,192,33.2,3399.2688,12,1511.675,1,327,18.8,0,0
GG,2026-06-09 11:47,열원,P1,5℃,저층부,공통,#2,1,0,0,0,0,0,39.649998,4.95,20.82,4.94,20.77,0,1,0,0,0,0,1,39.2,4.93,20.71,4.97,20.93,0,0,0,1,0,0,1,1,1,0,0,0,24.75,0,0,0,25.55,0,24.699999,0,0,0,20.949999,0,0
GG,2026-06-09 11:47,열원,P1,5℃,저층부,공통,#3,1,1,889,0,0,61,37.399998,6.3399997,27.8,2.28,2.8999999,0,1,1,734,0,0,0,43.7,6.5099998,28.599998,3.03,8.8,0,1,0,1,0,1,1,1,1,0,0,0,24,2.1,0,272,27.699999,2546.0054,6.3999996,874.9,1,183,15.2,0,0
GG,2026-06-09 11:47,열원,P1,5℃,저층부,공통,#1,1,1,788,0,0,43,44.7,7.47,32.7,2.56,5.2,0,0,1,878,0,0,4,47.899998,7.8599997,34.3,3,8.599999,0,1,0,1,0,1,1,1,1,0,0,0,30,2049.6,0,284,33.3,2053.9697,7.5,850.85,1,183,14.799999,0,0
GG,2026-06-09 11:47,열원,P2,13℃,고층부,공통,#2,1,1,776,0,0,62,38.25,8.04,35.1,3.47,11.88,25,1,1,784,0,0,95,38.45,7.1499996,31.42,2.78,6.92,35,1,0,1,0,0,0,0,0,0,0,0,23.75,1768.125,1,212,30.4,2590.859,14.45,1684.8938,1,308,19,0,0
GG,2026-06-09 11:47,열원,P2,13℃,고층부,공통,#3,0,0,0,0,0,0,41.5,4.08,15.799999,4.02,15.429999,25,0,0,0,0,0,0,43.55,4.0499997,15.62,4.06,15.679999,25,0,0,0,0,0,0,0,0,0,0,0,23.05,24.85,0,0,24,0.54666835,16.35,3.30625,0,0,16.35,0,0
GG,2026-06-09 11:47,열원,P2,13℃,고층부,공통,#1,0,0,0,0,0,0,46.9,3.9399998,14.900001,3.86,14.400001,25,0,0,0,0,0,0,44.8,3.86,14.400001,3.9299998,14.8,50,0,0,0,0,0,0,0,0,0,0,0,23.300001,0,0,0,22.800001,0,16.1,0,0,0,14.8,0,0
GG,2026-06-09 11:47,열원,P2,13℃,저층부,공통,#2,1,1,752,0,0,100,45.1,7.97,34.82,2.72,6.45,25,1,1,719,0,0,100,40.75,7.2,31.63,2.55,5.1099997,30,0,0,1,0,0,0,0,0,0,0,0,23.949999,1423.975,1,209,29.449999,2388.693,13,1679.8625,1,301,17.3,0,0
GG,2026-06-09 11:47,열원,P2,13℃,저층부,공통,#3,0,0,0,0,0,1,47.1,3.85,14.36,3.74,13.66,50,0,0,0,0,0,1,46.7,3.9499998,14.99,3.9299998,14.87,50,0,0,0,0,0,0,0,0,0,0,0,24.6,0,0,0,24.85,0,13.25,0,0,0,14.349999,0,0
GG,2026-06-09 11:47,열원,P2,13℃,저층부,공통,#1,1,1,770,0,0,100,43.05,7.08,31.119999,2.7,6.2999997,50,1,1,670,0,0,100,38,6.3999996,28.08,2.51,4.79,55,1,0,1,0,0,0,0,0,0,0,0,23.25,2004.45,1,216,27.65,2815.2188,13.45,1830.8,1,319,18.1,0,0
GG,2026-06-09 11:47,열원,P2,5℃,고층부,공통,#2,0,0,0,0,0,0,48.45,4.35,17.42,4.3399997,17.359999,50,0,0,0,0,0,0,50.25,4.42,17.83,4.5,18.3,40,0,0,0,0,0,0,0,0,0,0,0,23.3,1340.325,0,0,24.449999,-2.7459495,25.75,1.1375,0,0,18.5,0,0
GG,2026-06-09 11:47,열원,P2,5℃,고층부,공통,#3,0,0,0,0,0,0,40,2.6799998,6.14,2.6699998,6.06,50,0,0,0,0,0,0,41.8,2.83,7.2999997,2.83,7.2999997,65,0,0,0,0,0,0,0,0,0,0,0,20.85,0,0,0,23.75,0,6.2999997,0,0,0,6.5499997,0,0
GG,2026-06-09 11:47,열원,P2,5℃,고층부,공통,#1,0,0,0,0,0,1,42.05,2.76,6.7599998,2.82,7.22,25,0,0,0,0,0,0,40.05,2.85,7.45,2.9399998,8.13,100,0,0,0,0,0,0,0,0,0,0,0,21.199999,15.75,0,0,23.85,0.5440848,6.25,2.19375,0,0,6.95,0,0
GG,2026-06-09 11:47,열원,P2,5℃,저층부,공통,#2,0,0,0,0,0,0,27.099998,3.6499999,13.07,3.6,12.75,85,0,0,0,0,0,1,44.899998,4.08,15.799999,4.0499997,15.62,85,0,0,0,0,0,0,0,0,0,0,0,23.35,0,0,0,23.35,0,23.65,0,0,0,16.8,0,0
GG,2026-06-09 11:47,열원,P2,5℃,저층부,공통,#3,0,0,0,0,0,0,47.5,2.95,8.2,2.96,8.2699995,100,0,0,0,0,0,0,47.8,3.1599998,9.73,3.4499998,11.74,25,0,0,0,0,0,0,0,0,0,0,0,22.4,0,0,0,24.55,0.010747356,6.7999997,0.08125,0,0,7,0,0
GG,2026-06-09 11:47,열원,P2,5℃,저층부,공통,#1,0,0,0,0,0,0,48.649998,4.42,17.83,4.6,18.869999,25,0,0,0,0,0,0,49.5,4.5499997,18.59,4.6,18.869999,25,0,0,0,0,0,0,0,0,0,0,0,26.199999,2800,0,0,27.699999,-2.364418,26.5,0.89375,0,0,19.199999,0,0
GS,2026-06-09 11:48,열원,A1,5℃,공통,공통,#2,1,1,582.061,0,0,63,40.1,6.56,28.8,2.59,5.4,0,1,0,0,0,0,0,0,0,0,0,0,0,1,0,1,0,0,0,0,0,0,0,0,23.6,913.125,1,69.754654,26.8,0,5.6,358,1,69.41117,13.8,0,0
GS,2026-06-09 11:48,열원,A1,5℃,공통,공통,#3,1,0,0,0,0,0,41.05,5.15,21.89,5.18,22.05,0,1,0,0,0,0,0,39.899998,5.1099997,21.68,5.08,21.52,0,1,0,0,0,0,0,0,0,0,0,0,27.15,20,0,0,28.849998,0,21.449999,12,0,0,21.35,0,0
GS,2026-06-09 11:48,열원,A1,5℃,공통,공통,#1,1,1,1008.8529,0,0,47,40.05,6.6099997,29.039999,2.27,2.77,0,1,1,0,0,0,29,40.149998,6.39,28.029999,2.26,2.7,0,1,0,1,0,0,0,0,0,0,0,0,24.35,1599.375,1,178.78424,28.599998,0,4.95,666.25,1,119.21661,13.25,0,0
GS,2026-06-09 11:48,열원,A2,13℃,공통,공통,#2,0,0,0,0,0,0,0,0.5053053,0,4.7828317,0,0,0,0,0,0,0,0,0,0,0,0,0,0,0,0,0,0,0,0,0,0,0,0,0,28.305614,523.325,0,0,27.980938,0,22.103565,0.5,0,0,21.209059,0,0
GS,2026-06-09 11:48,열원,A2,13℃,공통,공통,#3,0,0,0,0,0,0,0,-0.17037296,0,3.8078926,0,0,0,0,0,0,0,0,0,0,0,0,0,0,0,0,0,0,0,0,0,0,0,0,0,30.054195,3.3,0,0,29.681486,0,29.126678,3.75,0,0,29.151419,0,0
GS,2026-06-09 11:48,열원,A2,13℃,공통,공통,#1,0,0,0,0,0,0.1019368,0,0.4723059,0,0.0928772,0,0,0,0,0,0,0,0,0,0,0,0,0,0,0,0,0,0,0,0,0,0,0,0,0,28.983776,0,0,0,28.640356,0,21.940334,6.75,0,0,21.074137,0,0
GS,2026-06-09 11:48,열원,A2,5℃,공통,공통,#2,0,0,0,0,0,0.6198347,0,-0.2645728,0,21.490515,0,0,0,0,0,0,0,0,0,0,0,0,0,0,0,0,0,0,0,0,0,0,0,0,0,25.610947,0,0,0,23.03495,0,19.608387,1,0,0,18.230698,0,0
GS,2026-06-09 11:48,열원,A2,5℃,공통,공통,#3,0,0,0,0,0,-0.103950106,0,0.38352695,0,1.8575077,0,0,0,0,0,0,0,0,0,0,0,0,0,0,0,0,0,0,0,0,0,0,0,0,0,29.697948,3.575,0,0,28.797634,0,29.028097,2.5,0,0,28.96103,0,0
GS,2026-06-09 11:48,열원,A2,5℃,공통,공통,#1,0,0,0,0,0,0,0,4.87,0,4.91,0,0,0,0,0,0,0,0,0,0,0,0,0,0,0,0,0,0,0,0,0,0,0,0,0,24.5,0,0,0,26.2,0,18.7,9.25,0,0,18.1,0,0
GG,2026-06-09 11:48,열원,P1,13℃,저층부,공통,#2,0,0,0,0,0,-2,37.1,5.08,21.52,5.12,21.74,0,0,0,0,0,0,0,40.5,4.98,20.98,5,21.09,0,0,0,0,0,0,0,0,0,0,0,0,24.9,44.1,0,0,24.949999,0,20.449999,0,0,0,20.9,0,0
GG,2026-06-09 11:48,열원,P1,13℃,저층부,공통,#3,0,0,0,0,0,0,43.399998,6.15,26.9,6.15,26.9,0,0,0,0,0,0,1,43.6,6.08,26.599998,6.1,26.599998,0,0,0,0,0,0,0,0,0,0,0,0,27,0,0,0,27,0,27.4,0,0,0,27.099998,0,0
GG,2026-06-09 11:48,열원,P1,13℃,저층부,공통,#1,1,1,753,0,0,70,44.3,8.0199995,35,3.4099998,11.5,0,2,1,773,0,0,77,33,7.2599998,31.9,3.21,10.099999,0,1,0,1,0,1,1,1,1,0,0,0,27.5,1805.3,0,191,33.2,3454.506,11.9,1513.975,1,327,18.8,0,0
GG,2026-06-09 11:48,열원,P1,5℃,저층부,공통,#2,1,0,0,0,0,0,39.649998,4.95,20.82,4.92,20.66,0,1,0,0,0,0,1,39.25,4.93,20.71,4.98,20.98,0,0,0,1,0,0,1,1,1,0,0,0,24.75,0,0,0,25.55,0,24.699999,0,0,0,21,0,0
GG,2026-06-09 11:48,열원,P1,5℃,저층부,공통,#3,1,1,886,0,0,61,37.2,6.31,27.599998,2.26,2.7,0,1,1,730,0,0,0,43.6,6.47,28.4,3.03,8.8,0,1,0,1,0,1,1,1,1,0,0,0,23.8,5.6,0,272,27.5,2558.6765,6.2999997,869.375,1,182,15.2,0,0
GG,2026-06-09 11:48,열원,P1,5℃,저층부,공통,#1,1,1,789,0,0,43,44.6,7.45,32.7,2.56,5.2,0,0,1,848,0,0,3,48.2,7.7999997,34.1,3.03,8.8,0,1,0,1,0,1,1,1,1,0,0,0,29.9,2041.2,0,284,33.2,2093.9822,7.6,867.425,1,183,14.9,0,0
GG,2026-06-09 11:48,열원,P2,13℃,고층부,공통,#2,1,1,778,0,0,62,38.3,8.01,34.98,3.46,11.809999,25,1,1,784,0,0,95,38.5,7.14,31.38,2.78,6.92,35,1,0,1,0,0,0,0,0,0,0,0,23.65,1789.3125,1,211,30.349998,2574.5015,14.45,1674.2562,1,308,19,0,0
GG,2026-06-09 11:48,열원,P2,13℃,고층부,공통,#3,0,0,0,0,0,0,41.45,4.08,15.799999,4.02,15.429999,25,0,0,0,0,0,0,43.45,4.04,15.549999,4.06,15.679999,25,0,0,0,0,0,0,0,0,0,0,0,23.1,17.5,0,0,24,0.80811834,16.35,4.8875,0,0,16.35,0,0
GG,2026-06-09 11:48,열원,P2,13℃,고층부,공통,#1,0,0,0,0,0,0,46.9,3.9399998,14.900001,3.86,14.400001,25,0,0,0,0,0,0,44.8,3.86,14.400001,3.9299998,14.8,50,0,0,0,0,0,0,0,0,0,0,0,23.300001,0,0,0,22.800001,0,16.1,0,0,0,14.8,0,0
GG,2026-06-09 11:48,열원,P2,13℃,저층부,공통,#2,1,1,751,0,0,100,45.1,7.98,34.86,2.72,6.45,25,1,1,719,0,0,100,40.7,7.2,31.63,2.55,5.1099997,30,0,0,1,0,0,0,0,0,0,0,0,23.9,1109.5,1,208,29.4,2457.9873,12.95,1728.5938,1,300,17.25,0,0
GG,2026-06-09 11:48,열원,P2,13℃,저층부,공통,#3,0,0,0,0,0,1,47.1,3.86,14.429999,3.74,13.66,50,0,0,0,0,0,1,46.7,3.9499998,14.99,3.9299998,14.87,50,0,0,0,0,0,0,0,0,0,0,0,24.6,0,0,0,24.9,0,13.25,0,0,0,14.349999,0,0
GG,2026-06-09 11:48,열원,P2,13℃,저층부,공통,#1,1,1,767,0,0,100,43.05,7.0699997,31.07,2.7,6.2999997,50,1,1,668,0,0,100,38.05,6.39,28.029999,2.5,4.71,55,1,0,1,0,0,0,0,0,0,0,0,23.15,2010.225,1,216,27.55,2850.5857,13.45,1853.8,1,319,18.1,0,0
GG,2026-06-09 11:48,열원,P2,5℃,고층부,공통,#2,0,0,0,0,0,0,48.5,4.35,17.42,4.36,17.48,50,0,0,0,0,0,0,50.25,4.43,17.89,4.5,18.3,40,0,0,0,0,0,0,0,0,0,0,0,23.3,1344,0,0,24.449999,-0.7684358,25.65,0.325,0,0,18.5,0,0
GG,2026-06-09 11:48,열원,P2,5℃,고층부,공통,#3,0,0,0,0,0,0,40,2.69,6.22,2.6599998,5.99,50,0,0,0,0,0,0,41.85,2.83,7.2999997,2.82,7.22,65,0,0,0,0,0,0,0,0,0,0,0,20.8,0,0,0,23.8,0,6.2999997,0,0,0,6.5499997,0,0
GG,2026-06-09 11:48,열원,P2,5℃,고층부,공통,#1,0,0,0,0,0,1,42.1,2.75,6.69,2.82,7.22,25,0,0,0,0,0,0,40.05,2.84,7.37,2.95,8.2,100,0,0,0,0,0,0,0,0,0,0,0,21.25,3.325,0,0,23.85,0.62469,6.25,2.51875,0,0,6.95,0,0
GG,2026-06-09 11:48,열원,P2,5℃,저층부,공통,#2,0,0,0,0,0,0,27.15,3.6599998,13.139999,3.6,12.75,85,0,0,0,0,0,1,44.899998,4.0699997,15.74,4.06,15.679999,85,0,0,0,0,0,0,0,0,0,0,0,23.3,0,0,0,23.3,0,23.6,0,0,0,16.8,0,0
GG,2026-06-09 11:48,열원,P2,5℃,저층부,공통,#3,0,0,0,0,0,0,47.5,2.9399998,8.13,2.96,8.2699995,100,0,0,0,0,0,0,47.8,3.1599998,9.73,3.4399998,11.67,25,0,0,0,0,0,0,0,0,0,0,0,22.35,0,0,0,24.55,0,6.75,0,0,0,7,0,0
GG,2026-06-09 11:48,열원,P2,5℃,저층부,공통,#1,0,0,0,0,0,0,48.649998,4.42,17.83,4.6,18.869999,25,0,0,0,0,0,0,49.55,4.5499997,18.59,4.61,18.93,25,0,0,0,0,0,0,0,0,0,0,0,26.15,2800,0,0,27.75,-24.622189,26.5,9.425,0,0,19.25,0,0
GS,2026-06-09 11:49,열원,A1,5℃,공통,공통,#2,1,1,579.1924,0,0,63,40.1,6.56,28.8,2.59,5.4,0,1,0,0,0,0,0,0,0,0,0,0,0,1,0,1,0,0,0,0,0,0,0,0,23.6,909.375,1,69.754654,26.8,0,5.6,355.125,1,69.41117,13.7,0,0
GS,2026-06-09 11:49,열원,A1,5℃,공통,공통,#3,1,0,0,0,0,0,41.05,5.15,21.89,5.19,22.1,0,1,0,0,0,0,0,39.899998,5.1099997,21.68,5.0899997,21.57,0,1,0,0,0,0,0,0,0,0,0,0,27.15,20,0,0,28.849998,0,21.449999,11,0,0,21.4,0,0
GS,2026-06-09 11:49,열원,A1,5℃,공통,공통,#1,1,1,1006.98645,0,0,47,40.05,6.6299996,29.13,2.27,2.77,0,1,1,0,0,0,30,40.149998,6.42,28.17,2.22,2.36,0,1,0,1,0,0,0,0,0,0,0,0,24.4,1552.5,1,178.70583,28.55,0,4.95,672.75,1,119.21661,13.2,0,0
GS,2026-06-09 11:49,열원,A2,13℃,공통,공통,#2,0,0,0,0,0,0,0,0.5053053,0,4.7828317,0,0,0,0,0,0,0,0,0,0,0,0,0,0,0,0,0,0,0,0,0,0,0,0,0,28.305614,523.875,0,0,27.980938,0,22.103565,0.5,0,0,21.209059,0,0
GS,2026-06-09 11:49,열원,A2,13℃,공통,공통,#3,0,0,0,0,0,0,0,-0.17037296,0,3.8078926,0,0,0,0,0,0,0,0,0,0,0,0,0,0,0,0,0,0,0,0,0,0,0,0,0,30.054195,3.025,0,0,29.681486,0,29.126678,3.75,0,0,29.151419,0,0
GS,2026-06-09 11:49,열원,A2,13℃,공통,공통,#1,0,0,0,0,0,0.1019368,0,0.4723059,0,0.0928772,0,0,0,0,0,0,0,0,0,0,0,0,0,0,0,0,0,0,0,0,0,0,0,0,0,28.983776,0,0,0,28.640356,0,21.940334,7,0,0,21.074137,0,0
GS,2026-06-09 11:49,열원,A2,5℃,공통,공통,#2,0,0,0,0,0,0.6198347,0,-0.2645728,0,21.454239,0,0,0,0,0,0,0,0,0,0,0,0,0,0,0,0,0,0,0,0,0,0,0,0,0,25.601784,0,0,0,23.036472,0,19.599253,1.25,0,0,18.23237,0,0
GS,2026-06-09 11:49,열원,A2,5℃,공통,공통,#3,0,0,0,0,0,-0.103950106,0,0.38352695,0,1.8575077,0,0,0,0,0,0,0,0,0,0,0,0,0,0,0,0,0,0,0,0,0,0,0,0,0,29.697948,3.3,0,0,28.797634,0,29.028097,2,0,0,28.96103,0,0
GS,2026-06-09 11:49,열원,A2,5℃,공통,공통,#1,0,0,0,0,0,0,0,4.87,0,4.91,0,0,0,0,0,0,0,0,0,0,0,0,0,0,0,0,0,0,0,0,0,0,0,0,0,24.5,0,0,0,26.2,0,18.7,9.25,0,0,18.1,0,0
GG,2026-06-09 11:49,열원,P1,13℃,저층부,공통,#2,0,0,0,0,0,-2,37.149998,5.0899997,21.58,5.12,21.74,0,0,0,0,0,0,0,40.5,4.99,21.039999,5,21.09,0,0,0,0,0,0,0,0,0,0,0,0,24.9,42,0,0,24.949999,0,20.449999,0,0,0,20.9,0,0
GG,2026-06-09 11:49,열원,P1,13℃,저층부,공통,#3,0,0,0,0,0,0,43.399998,6.15,26.9,6.1299996,26.8,0,0,0,0,0,0,1,43.6,6.08,26.599998,6.1,26.599998,0,0,0,0,0,0,0,0,0,0,0,0,27,0,0,0,27,0,27.4,0,0,0,27.099998,0,0
GG,2026-06-09 11:49,열원,P1,13℃,저층부,공통,#1,1,1,751,0,0,70,44.3,8.0199995,35,3.4099998,11.5,0,2,1,772,0,0,77,33,7.2599998,31.9,3.21,10.099999,0,1,0,1,0,1,1,1,1,0,0,0,27.5,1814.4,0,191,33.1,3438.7622,11.9,1507.075,1,326,18.8,0,0
GG,2026-06-09 11:49,열원,P1,5℃,저층부,공통,#2,1,0,0,0,0,0,39.7,4.95,20.82,4.93,20.71,0,1,0,0,0,0,1,39.25,4.95,20.82,4.98,20.98,0,0,0,1,0,0,1,1,1,0,0,0,24.75,0,0,0,25.55,0,24.699999,0,0,0,21,0,0
GG,2026-06-09 11:49,열원,P1,5℃,저층부,공통,#3,1,1,870,0,0,57,37,6.2799997,27.5,2.28,2.8999999,0,1,1,727,0,0,0,43.5,6.46,28.3,3.03,8.8,0,1,0,1,0,1,1,1,1,0,0,0,23.699999,3.5,0,272,27.4,2552.6255,6.2999997,877.175,1,181,15.099999,0,0
GG,2026-06-09 11:49,열원,P1,5℃,저층부,공통,#1,1,1,786,0,0,43,44.5,7.4199996,32.5,2.56,5.2,0,0,1,849,0,0,3,48.1,7.7599998,33.899998,3.03,8.8,0,1,0,1,0,1,1,1,1,0,0,0,29.8,2015.3,0,284,33,2045.1783,7.6,858.975,1,182,14.799999,0,0
GG,2026-06-09 11:49,열원,P2,13℃,고층부,공통,#2,1,1,773,0,0,62,38.3,8.0199995,35.02,3.47,11.88,25,1,1,783,0,0,95,38.5,7.1299996,31.33,2.78,6.92,35,1,0,1,0,0,0,0,0,0,0,0,23.55,1781.25,1,212,30.25,2599.9502,14.4,1672.8187,1,309,19.05,0,0
GG,2026-06-09 11:49,열원,P2,13℃,고층부,공통,#3,0,0,0,0,0,0,41.399998,4.08,15.799999,4.02,15.429999,25,0,0,0,0,0,0,43.45,4.0499997,15.62,4.06,15.679999,25,0,0,0,0,0,0,0,0,0,0,0,23.1,22.05,0,0,24,0.6655093,16.35,4.025,0,0,16.35,0,0
GG,2026-06-09 11:49,열원,P2,13℃,고층부,공통,#1,0,0,0,0,0,0,46.9,3.9399998,14.900001,3.86,14.400001,25,0,0,0,0,0,0,44.8,3.86,14.400001,3.9299998,14.8,50,0,0,0,0,0,0,0,0,0,0,0,23.300001,0,0,0,22.800001,0,16.1,0,0,0,14.8,0,0
GG,2026-06-09 11:49,열원,P2,13℃,저층부,공통,#2,1,1,749,0,0,100,45.1,7.97,34.82,2.72,6.45,25,1,1,717,0,0,100,40.7,7.19,31.59,2.55,5.1099997,30,0,0,1,0,0,0,0,0,0,0,0,23.85,1537.9,1,207,29.349998,2355.7834,12.9,1656.7188,1,301,17.199999,0,0
GG,2026-06-09 11:49,열원,P2,13℃,저층부,공통,#3,0,0,0,0,0,1,47.149998,3.86,14.429999,3.74,13.66,50,0,0,0,0,0,1,46.75,3.9499998,14.99,3.9299998,14.87,50,0,0,0,0,0,0,0,0,0,0,0,24.6,0,0,0,24.85,0,13.25,0,0,0,14.349999,0,0
GG,2026-06-09 11:49,열원,P2,13℃,저층부,공통,#1,1,1,768,0,0,100,43.05,7.0699997,31.07,2.7,6.2999997,50,1,1,669,0,0,100,38.05,6.39,28.029999,2.51,4.79,55,1,0,1,0,0,0,0,0,0,0,0,23.1,2076.025,1,217,27.449999,2869.1533,13.4,1865.875,1,319,18.1,0,0
GG,2026-06-09 11:49,열원,P2,5℃,고층부,공통,#2,0,0,0,0,0,0,48.45,4.35,17.42,4.3399997,17.359999,50,0,0,0,0,0,0,50.25,4.43,17.89,4.5,18.3,40,0,0,0,0,0,0,0,0,0,0,0,23.3,1346.975,0,0,24.449999,-0.973979,25.699999,0.40625,0,0,18.5,0,0
GG,2026-06-09 11:49,열원,P2,5℃,고층부,공통,#3,0,0,0,0,0,0,39.95,2.6799998,6.14,2.6699998,6.06,50,0,0,0,0,0,0,41.85,2.83,7.2999997,2.83,7.2999997,65,0,0,0,0,0,0,0,0,0,0,0,20.85,0,0,0,23.75,0,6.2999997,0,0,0,6.5499997,0,0
GG,2026-06-09 11:49,열원,P2,5℃,고층부,공통,#1,0,0,0,0,0,1,42.1,2.74,6.6099997,2.82,7.22,25,0,0,0,0,0,0,40.1,2.85,7.45,2.95,8.2,100,0,0,0,0,0,0,0,0,0,0,0,21.199999,10.85,0,0,23.85,0.5037822,6.25,2.03125,0,0,6.8999996,0,0
GG,2026-06-09 11:49,열원,P2,5℃,저층부,공통,#2,0,0,0,0,0,0,27.15,3.6499999,13.07,3.6,12.75,85,0,0,0,0,0,1,44.899998,4.08,15.799999,4.04,15.549999,85,0,0,0,0,0,0,0,0,0,0,0,23.3,0,0,0,23.35,0,23.65,0,0,0,16.75,0,0
GG,2026-06-09 11:49,열원,P2,5℃,저층부,공통,#3,0,0,0,0,0,0,47.5,2.95,8.2,2.96,8.2699995,100,0,0,0,0,0,0,47.75,3.1499999,9.65,3.46,11.809999,25,0,0,0,0,0,0,0,0,0,0,0,22.4,0,0,0,24.6,0.04836305,6.85,0.4875,0,0,7.0499997,0,0
GG,2026-06-09 11:49,열원,P2,5℃,저층부,공통,#1,0,0,0,0,0,0,48.649998,4.42,17.83,4.6,18.869999,25,0,0,0,0,0,0,49.5,4.56,18.64,4.62,18.99,25,0,0,0,0,0,0,0,0,0,0,0,26.15,2800,0,0,27.699999,-13.457029,26.55,5.11875,0,0,19.25,0,0
GS,2026-06-09 11:50,열원,A1,5℃,공통,공통,#2,1,1,582.9972,0,0,62,40.1,6.56,28.8,2.59,5.4,0,1,0,0,0,0,0,0,0,0,0,0,0,1,0,1,0,0,0,0,0,0,0,0,23.6,908.625,1,69.88382,26.8,0,5.6,356.5,1,69.64395,13.7,0,0
GS,2026-06-09 11:50,열원,A1,5℃,공통,공통,#3,1,0,0,0,0,0,41,5.15,21.89,5.17,22,0,1,0,0,0,0,0,39.95,5.1099997,21.68,5.0899997,21.57,0,1,0,0,0,0,0,0,0,0,0,0,27.199999,20,0,0,28.849998,0,21.5,16.5,0,0,21.35,0,0
GS,2026-06-09 11:50,열원,A1,5℃,공통,공통,#1,1,1,1008.52985,0,0,47,40.1,6.62,29.09,2.28,2.86,0,1,1,0,0,0,31,40.149998,6.39,28.029999,2.24,2.53,0,1,0,1,0,0,0,0,0,0,0,0,24.4,1578.75,1,181.35619,28.599998,0,5,665.5,1,119.20056,13.2,0,0
GS,2026-06-09 11:50,열원,A2,13℃,공통,공통,#2,0,0,0,0,0,0,0,0.5053053,0,4.7828317,0,0,0,0,0,0,0,0,0,0,0,0,0,0,0,0,0,0,0,0,0,0,0,0,0,28.305614,526.075,0,0,27.980938,0,22.103565,1,0,0,21.209059,0,0
GS,2026-06-09 11:50,열원,A2,13℃,공통,공통,#3,0,0,0,0,0,0,0,-0.17037296,0,3.8078926,0,0,0,0,0,0,0,0,0,0,0,0,0,0,0,0,0,0,0,0,0,0,0,0,0,30.054195,3.3,0,0,29.681486,0,29.126678,3.75,0,0,29.151419,0,0
GS,2026-06-09 11:50,열원,A2,13℃,공통,공통,#1,0,0,0,0,0,0.1019368,0,0.4723059,0,0.0928772,0,0,0,0,0,0,0,0,0,0,0,0,0,0,0,0,0,0,0,0,0,0,0,0,0,28.983776,0,0,0,28.640356,0,21.940334,6.5,0,0,21.074137,0,0
GS,2026-06-09 11:50,열원,A2,5℃,공통,공통,#2,0,0,0,0,0,0.6198347,0,-0.2645728,0,21.454239,0,0,0,0,0,0,0,0,0,0,0,0,0,0,0,0,0,0,0,0,0,0,0,0,0,25.609318,0,0,0,23.04367,0,19.60212,1,0,0,18.178661,0,0
GS,2026-06-09 11:50,열원,A2,5℃,공통,공통,#3,0,0,0,0,0,-0.103950106,0,0.38352695,0,1.8575077,0,0,0,0,0,0,0,0,0,0,0,0,0,0,0,0,0,0,0,0,0,0,0,0,0,29.697948,3.575,0,0,28.797634,0,29.028097,2.25,0,0,28.96103,0,0
GS,2026-06-09 11:50,열원,A2,5℃,공통,공통,#1,0,0,0,0,0,0,0,4.87,0,4.91,0,0,0,0,0,0,0,0,0,0,0,0,0,0,0,0,0,0,0,0,0,0,0,0,0,24.5,0,0,0,26.2,0,18.7,9.25,0,0,18.1,0,0
GG,2026-06-09 11:50,열원,P1,13℃,저층부,공통,#2,0,0,0,0,0,-2,37.149998,5.0899997,21.58,5.12,21.74,0,0,0,0,0,0,0,40.55,5,21.09,4.99,21.039999,0,0,0,0,0,0,0,0,0,0,0,0,24.9,58.1,0,0,24.949999,0.05704387,20.449999,2.3,0,0,20.9,0,0
GG,2026-06-09 11:50,열원,P1,13℃,저층부,공통,#3,0,0,0,0,0,0,43.399998,6.15,26.9,6.1299996,26.8,0,0,0,0,0,0,1,43.6,6.08,26.599998,6.1,26.599998,0,0,0,0,0,0,0,0,0,0,0,0,27,0,0,0,27,0,27.4,0,0,0,27.099998,0,0
GG,2026-06-09 11:50,열원,P1,13℃,저층부,공통,#1,1,1,754,0,0,70,44.2,8.0199995,35,3.4099998,11.5,0,2,1,774,0,0,77,33,7.2599998,31.9,3.21,10.099999,0,1,0,1,0,1,1,1,1,0,0,0,27.5,1806,0,191,33.1,3474.1863,11.9,1522.6,1,326,18.8,0,0
GG,2026-06-09 11:50,열원,P1,5℃,저층부,공통,#2,1,0,0,0,0,0,39.7,4.96,20.869999,4.94,20.77,0,1,0,0,0,0,1,39.3,4.93,20.71,4.97,20.93,0,0,0,1,0,0,1,1,1,0,0,0,24.75,0,0,0,25.5,-1.9882599,24.699999,0.325,0,0,21,0,0
GG,2026-06-09 11:50,열원,P1,5℃,저층부,공통,#3,1,1,867,0,0,55,37,6.2599998,27.4,2.28,2.8999999,0,1,1,727,0,0,0,43.399998,6.44,28.199999,3.01,8.599999,0,1,0,1,0,1,1,1,1,0,0,0,23.699999,2.1,0,272,27.3,2536.5476,6.2999997,872.625,1,182,15.099999,0,0
GG,2026-06-09 11:50,열원,P1,5℃,저층부,공통,#1,1,1,785,0,0,43,44.399998,7.4199996,32.5,2.56,5.2,0,0,1,850,0,0,3,48,7.7599998,33.899998,3.03,8.8,0,1,0,1,0,1,1,1,1,0,0,0,29.699999,2037,0,284,32.899998,2073.8093,7.6,870.025,1,183,14.799999,0,0
GG,2026-06-09 11:50,열원,P2,13℃,고층부,공통,#2,1,1,774,0,0,62,38.3,8.03,35.059998,3.48,11.94,25,1,1,782,0,0,95,38.5,7.1499996,31.42,2.79,6.99,35,1,0,1,0,0,0,0,0,0,0,0,23.6,1778.0625,1,211,30.3,2585.9956,14.45,1681.7312,1,307,19,0,0
GG,2026-06-09 11:50,열원,P2,13℃,고층부,공통,#3,0,0,0,0,0,0,41.35,4.0699997,15.74,4.02,15.429999,25,0,0,0,0,0,0,43.45,4.0499997,15.62,4.06,15.679999,25,0,0,0,0,0,0,0,0,0,0,0,23.1,1.75,0,0,24,0.66313076,16.35,4.45625,0,0,16.35,0,0
GG,2026-06-09 11:50,열원,P2,13℃,고층부,공통,#1,0,0,0,0,0,0,46.8,3.9399998,14.900001,3.86,14.400001,25,0,0,0,0,0,0,44.9,3.86,14.400001,3.9299998,14.8,50,0,0,0,0,0,0,0,0,0,0,0,23.300001,0,0,0,22.800001,0,16.1,0,0,0,14.8,0,0
GG,2026-06-09 11:50,열원,P2,13℃,저층부,공통,#2,1,1,752,0,0,100,45.05,7.98,34.86,2.71,6.3799996,25,1,1,721,0,0,100,40.649998,7.2,31.63,2.55,5.1099997,30,0,0,1,0,0,0,0,0,0,0,0,23.85,1435.175,1,208,29.4,2346.1765,12.9,1672.1,1,301,17.199999,0,0
GG,2026-06-09 11:50,열원,P2,13℃,저층부,공통,#3,0,0,0,0,0,1,47.149998,3.86,14.429999,3.73,13.599999,50,0,0,0,0,0,1,46.75,3.9499998,14.99,3.9299998,14.87,50,0,0,0,0,0,0,0,0,0,0,0,24.6,0,0,0,24.85,0,13.25,0,0,0,14.349999,0,0
GG,2026-06-09 11:50,열원,P2,13℃,저층부,공통,#1,1,1,768,0,0,100,43.05,7.08,31.119999,2.71,6.3799996,50,1,1,670,0,0,100,38.05,6.41,28.119999,2.51,4.79,55,1,0,1,0,0,0,0,0,0,0,0,23.15,1997.625,1,217,27.449999,2825.8286,13.4,1843.0188,1,318,18.1,0,0
GG,2026-06-09 11:50,열원,P2,5℃,고층부,공통,#2,0,0,0,0,0,0,48.45,4.36,17.48,4.3399997,17.359999,50,0,0,0,0,0,0,50.25,4.42,17.83,4.5,18.3,40,0,0,0,0,0,0,0,0,0,0,0,23.25,1342.425,0,0,24.5,-0.3949653,25.8,0.4875,0,0,18.449999,0,0
GG,2026-06-09 11:50,열원,P2,5℃,고층부,공통,#3,0,0,0,0,0,0,39.95,2.6799998,6.14,2.6799998,6.14,50,0,0,0,0,0,0,41.85,2.83,7.2999997,2.84,7.37,65,0,0,0,0,0,0,0,0,0,0,0,20.8,0,0,0,23.8,0,6.2999997,0,0,0,6.5499997,0,0
GG,2026-06-09 11:50,열원,P2,5℃,고층부,공통,#1,0,0,0,0,0,1,42.1,2.74,6.6099997,2.82,7.22,25,0,0,0,0,0,0,40.1,2.85,7.45,2.95,8.2,100,0,0,0,0,0,0,0,0,0,0,0,21.199999,8.925,0,0,23.85,0.56423616,6.2999997,2.275,0,0,6.8999996,0,0
GG,2026-06-09 11:50,열원,P2,5℃,저층부,공통,#2,0,0,0,0,0,0,27.15,3.6599998,13.139999,3.6,12.75,85,0,0,0,0,0,1,44.95,4.0899997,15.86,4.0699997,15.74,85,0,0,0,0,0,0,0,0,0,0,0,23.3,0,0,0,23.35,0,23.65,0,0,0,16.75,0,0
GG,2026-06-09 11:50,열원,P2,5℃,저층부,공통,#3,0,0,0,0,0,0,47.5,2.9399998,8.13,2.96,8.2699995,100,0,0,0,0,0,0,47.8,3.1599998,9.73,3.46,11.809999,25,0,0,0,0,0,0,0,0,0,0,0,22.35,0,0,0,24.55,0,6.7999997,0.4875,0,0,7.0499997,0,0
GG,2026-06-09 11:50,열원,P2,5℃,저층부,공통,#1,0,0,0,0,0,0,48.649998,4.42,17.83,4.61,18.93,25,0,0,0,0,0,0,49.5,4.5499997,18.59,4.62,18.99,25,0,0,0,0,0,0,0,0,0,0,0,26.199999,2800,0,0,27.699999,-11.607142,26.55,3.16875,0,0,19.25,0,0
GS,2026-06-09 11:51,열원,A1,5℃,공통,공통,#2,1,1,581.0173,0,0,63,40.1,6.56,28.8,2.59,5.4,0,1,0,0,0,0,0,0,0,0,0,0,0,1,0,1,0,0,0,0,0,0,0,0,23.6,911.25,1,69.88382,26.8,0,5.6,353.625,1,69.64395,13.7,0,0
GS,2026-06-09 11:51,열원,A1,5℃,공통,공통,#3,1,0,0,0,0,0,41,5.15,21.89,5.17,22,0,1,0,0,0,0,0,39.95,5.1099997,21.68,5.0899997,21.57,0,1,0,1,0,0,0,0,0,0,0,0,27.15,20,0,0,28.9,0,21.449999,13.75,0,0,21.4,0,0
GS,2026-06-09 11:51,열원,A1,5℃,공통,공통,#1,1,1,1014.27673,0,0,47,40.1,6.62,29.09,2.27,2.77,0,1,1,0,0,0,30,40.149998,6.41,28.119999,2.24,2.53,0,1,0,1,0,0,0,0,0,0,0,0,24.4,1552.5,1,180.14934,28.599998,0,5,667.25,1,118.678825,13.25,0,0
GS,2026-06-09 11:51,열원,A2,13℃,공통,공통,#2,0,0,0,0,0,0,0,0.5053053,0,4.7828317,0,0,0,0,0,0,0,0,0,0,0,0,0,0,0,0,0,0,0,0,0,0,0,0,0,28.305614,524.7,0,0,27.980938,0,22.103565,0.75,0,0,21.209059,0,0
GS,2026-06-09 11:51,열원,A2,13℃,공통,공통,#3,0,0,0,0,0,0,0,-0.17037296,0,3.8078926,0,0,0,0,0,0,0,0,0,0,0,0,0,0,0,0,0,0,0,0,0,0,0,0,0,30.054195,3.025,0,0,29.681486,0,29.126678,3.75,0,0,29.151419,0,0
GS,2026-06-09 11:51,열원,A2,13℃,공통,공통,#1,0,0,0,0,0,0.1019368,0,0.4723059,0,0.0928772,0,0,0,0,0,0,0,0,0,0,0,0,0,0,0,0,0,0,0,0,0,0,0,0,0,28.983776,0,0,0,28.640356,0,21.940334,6.75,0,0,21.074137,0,0
GS,2026-06-09 11:51,열원,A2,5℃,공통,공통,#2,0,0,0,0,0,0.6198347,0,-0.2645728,0,21.481052,0,0,0,0,0,0,0,0,0,0,0,0,0,0,0,0,0,0,0,0,0,0,0,0,0,25.610432,0,0,0,23.056004,0,19.601395,1,0,0,18.23067,0,0
GS,2026-06-09 11:51,열원,A2,5℃,공통,공통,#3,0,0,0,0,0,-0.103950106,0,0.38352695,0,1.8575077,0,0,0,0,0,0,0,0,0,0,0,0,0,0,0,0,0,0,0,0,0,0,0,0,0,29.697948,3.3,0,0,28.797634,0,29.028097,2.25,0,0,28.96103,0,0
GS,2026-06-09 11:51,열원,A2,5℃,공통,공통,#1,0,0,0,0,0,0,0,4.87,0,4.91,0,0,0,0,0,0,0,0,0,0,0,0,0,0,0,0,0,0,0,0,0,0,0,0,0,24.5,0,0,0,26.2,0,18.7,9.25,0,0,18,0,0
GG,2026-06-09 11:51,열원,P1,13℃,저층부,공통,#2,0,0,0,0,0,-2,37.149998,5.0899997,21.58,5.1099997,21.68,0,0,0,0,0,0,0,40.55,4.99,21.039999,4.99,21.039999,0,0,0,0,0,0,0,0,0,0,0,0,24.9,48.3,0,0,24.949999,0,20.449999,0,0,0,20.9,0,0
GG,2026-06-09 11:51,열원,P1,13℃,저층부,공통,#3,0,0,0,0,0,0,43.399998,6.15,26.9,6.15,26.9,0,0,0,0,0,0,1,43.6,6.08,26.599998,6.1,26.599998,0,0,0,0,0,0,0,0,0,0,0,0,27,0,0,0,27,0,27.4,0,0,0,27.099998,0,0
GG,2026-06-09 11:51,열원,P1,13℃,저층부,공통,#1,1,1,752,0,0,70,44.2,8.0199995,35,3.4099998,11.5,0,2,1,773,0,0,77,33.1,7.2599998,31.9,3.21,10.099999,0,1,0,1,0,1,1,1,1,0,0,0,27.4,1802.5,0,191,33.1,3438.7622,11.9,1499.6,1,326,18.8,0,0
GG,2026-06-09 11:51,열원,P1,5℃,저층부,공통,#2,1,0,0,0,0,0,39.649998,4.94,20.77,4.94,20.77,0,1,0,0,0,0,1,39.3,4.91,20.6,4.98,20.98,0,0,0,1,0,0,1,1,1,0,0,0,24.699999,0,0,0,25.55,0,24.699999,0,0,0,21,0,0
GG,2026-06-09 11:51,열원,P1,5℃,저층부,공통,#3,1,1,854,0,0,53,36.899998,6.21,27.199999,2.3,3,0,1,1,726,0,0,0,43.3,6.41,28.099998,3.01,8.599999,0,1,0,1,0,1,1,1,1,0,0,0,23.6,2.1,0,272,27.199999,2536.5476,6.2999997,874.25,1,181,15.099999,0,0
GG,2026-06-09 11:51,열원,P1,5℃,저층부,공통,#1,1,1,784,0,0,41,44.399998,7.39,32.399998,2.56,5.2,0,0,1,851,0,0,0,48,7.73,33.8,3.03,8.8,0,1,0,1,0,1,1,1,1,0,0,0,29.599998,2082.5,0,284,32.899998,2094.8313,7.3999996,850.525,1,183,14.799999,0,0
GG,2026-06-09 11:51,열원,P2,13℃,고층부,공통,#2,1,1,777,0,0,62,38.35,8.0199995,35.02,3.47,11.88,25,1,1,786,0,0,95,38.5,7.14,31.38,2.78,6.92,35,1,0,1,0,0,0,0,0,0,0,0,23.65,1760.25,1,212,30.349998,2577.1533,14.4,1675.9812,1,308,19,0,0
GG,2026-06-09 11:51,열원,P2,13℃,고층부,공통,#3,0,0,0,0,0,0,41.3,4.08,15.799999,4.02,15.429999,25,0,0,0,0,0,0,43.399998,4.0499997,15.62,4.06,15.679999,25,0,0,0,0,0,0,0,0,0,0,0,23.1,11.375,0,0,24,0.64174104,16.35,3.88125,0,0,16.35,0,0
GG,2026-06-09 11:51,열원,P2,13℃,고층부,공통,#1,0,0,0,0,0,0,46.8,3.9599998,15,3.86,14.400001,25,0,0,0,0,0,0,44.9,3.86,14.400001,3.9299998,14.8,50,0,0,0,0,0,0,0,0,0,0,0,23.300001,0,0,0,22.800001,0,16.1,0,0,0,14.8,0,0
GG,2026-06-09 11:51,열원,P2,13℃,저층부,공통,#2,1,1,753,0,0,100,45.1,7.98,34.86,2.72,6.45,25,1,1,720,0,0,100,40.6,7.2,31.63,2.55,5.1099997,30,0,0,1,0,0,0,0,0,0,0,0,23.9,1171.45,1,208,29.4,2442.4524,12.849999,1717.6687,1,300,17.199999,0,0
GG,2026-06-09 11:51,열원,P2,13℃,저층부,공통,#3,0,0,0,0,0,1,47.2,3.86,14.429999,3.74,13.66,50,0,0,0,0,0,1,46.8,3.9499998,14.99,3.9299998,14.87,50,0,0,0,0,0,0,0,0,0,0,0,24.6,0,0,0,24.85,0,13.25,0,0,0,14.349999,0,0
GG,2026-06-09 11:51,열원,P2,13℃,저층부,공통,#1,1,1,769,0,0,100,43,7.08,31.119999,2.7,6.2999997,50,1,1,669,0,0,100,38,6.3999996,28.08,2.51,4.79,55,1,0,1,0,0,0,0,0,0,0,0,23.15,2005.15,1,216,27.449999,2758.9253,13.4,1813.6937,1,319,18.05,0,0
GG,2026-06-09 11:51,열원,P2,5℃,고층부,공통,#2,0,0,0,0,0,0,48.5,4.35,17.42,4.33,17.3,50,0,0,0,0,0,0,50.25,4.42,17.83,4.49,18.24,40,0,0,0,0,0,0,0,0,0,0,0,23.3,1346.975,0,0,24.449999,-0.38690478,25.65,0.1625,0,0,18.449999,0,0
GG,2026-06-09 11:51,열원,P2,5℃,고층부,공통,#3,0,0,0,0,0,0,39.899998,2.69,6.22,2.6599998,5.99,50,0,0,0,0,0,0,41.85,2.83,7.2999997,2.83,7.2999997,65,0,0,0,0,0,0,0,0,0,0,0,20.85,0,0,0,23.8,0,6.2999997,0,0,0,6.5,0,0
GG,2026-06-09 11:51,열원,P2,5℃,고층부,공통,#1,0,0,0,0,0,1,42.1,2.74,6.6099997,2.82,7.22,25,0,0,0,0,0,0,40.05,2.85,7.45,2.95,8.2,100,0,0,0,0,0,0,0,0,0,0,0,21.199999,2.975,0,0,23.85,0.52393353,6.25,2.1125,0,0,6.95,0,0
GG,2026-06-09 11:51,열원,P2,5℃,저층부,공통,#2,0,0,0,0,0,0,27.15,3.6499999,13.07,3.6,12.75,85,0,0,0,0,0,1,44.95,4.08,15.799999,4.06,15.679999,85,0,0,0,0,0,0,0,0,0,0,0,23.3,0,0,0,23.3,0,23.65,0,0,0,16.75,0,0
GG,2026-06-09 11:51,열원,P2,5℃,저층부,공통,#3,0,0,0,0,0,0,47.5,2.9399998,8.13,2.97,8.349999,100,0,0,0,0,0,0,47.8,3.1499999,9.65,3.4399998,11.67,25,0,0,0,0,0,0,0,0,0,0,0,22.35,0,0,0,24.55,0,6.7999997,0,0,0,7,0,0
GG,2026-06-09 11:51,열원,P2,5℃,저층부,공통,#1,0,0,0,0,0,0,48.6,4.42,17.83,4.61,18.93,25,0,0,0,0,0,0,49.5,4.56,18.64,4.61,18.93,25,0,0,0,0,0,0,0,0,0,0,0,26.199999,2800,0,0,27.75,-18.797125,26.5,7.15,0,0,19.199999,0,0
GS,2026-06-09 11:52,열원,A1,5℃,공통,공통,#2,1,1,581.99786,0,0,63,40.1,6.56,28.8,2.59,5.4,0,1,0,0,0,0,0,0,0,0,0,0,0,1,0,1,0,0,0,0,0,0,0,0,23.6,912,1,69.88382,26.9,0,5.6,367.5,1,68.87645,13.8,0,0
GS,2026-06-09 11:52,열원,A1,5℃,공통,공통,#3,1,0,0,0,0,0,40.95,5.16,21.939999,5.19,22.1,0,1,0,0,0,0,0,40,5.1099997,21.68,5.0899997,21.57,0,1,0,1,0,0,0,0,0,0,0,0,27.15,20,0,0,28.849998,0,21.4,8.5,0,0,21.4,0,0
GS,2026-06-09 11:52,열원,A1,5℃,공통,공통,#1,1,1,1015.5374,0,0,47,40.1,6.6099997,29.039999,2.28,2.86,0,1,1,0,0,0,32,40.149998,6.3999996,28.08,2.21,2.27,0,1,0,1,0,0,0,0,0,0,0,0,24.4,1588.75,1,180.82819,28.599998,0,5,679.75,1,119.848206,13.25,0,0
GS,2026-06-09 11:52,열원,A2,13℃,공통,공통,#2,0,0,0,0,0,0,0,0.5053053,0,4.7828317,0,0,0,0,0,0,0,0,0,0,0,0,0,0,0,0,0,0,0,0,0,0,0,0,0,28.305614,525.8,0,0,27.980938,0,22.103565,0.75,0,0,21.209059,0,0
GS,2026-06-09 11:52,열원,A2,13℃,공통,공통,#3,0,0,0,0,0,0,0,-0.17037296,0,3.8078926,0,0,0,0,0,0,0,0,0,0,0,0,0,0,0,0,0,0,0,0,0,0,0,0,0,30.054195,3.025,0,0,29.681486,0,29.126678,3.75,0,0,29.151419,0,0
GS,2026-06-09 11:52,열원,A2,13℃,공통,공통,#1,0,0,0,0,0,0.1019368,0,0.4723059,0,0.0928772,0,0,0,0,0,0,0,0,0,0,0,0,0,0,0,0,0,0,0,0,0,0,0,0,0,28.983776,0,0,0,28.640356,0,21.940334,7,0,0,21.074137,0,0
GS,2026-06-09 11:52,열원,A2,5℃,공통,공통,#2,0,0,0,0,0,0.6198347,0,-0.2645728,0,21.454239,0,0,0,0,0,0,0,0,0,0,0,0,0,0,0,0,0,0,0,0,0,0,0,0,0,25.610947,0,0,0,23.052635,0,19.59928,1.25,0,0,18.230606,0,0
GS,2026-06-09 11:52,열원,A2,5℃,공통,공통,#3,0,0,0,0,0,-0.103950106,0,0.38352695,0,1.8575077,0,0,0,0,0,0,0,0,0,0,0,0,0,0,0,0,0,0,0,0,0,0,0,0,0,29.697948,3.575,0,0,28.797634,0,29.028097,2.25,0,0,28.96103,0,0
GS,2026-06-09 11:52,열원,A2,5℃,공통,공통,#1,0,0,0,0,0,0,0,4.87,0,4.91,0,0,0,0,0,0,0,0,0,0,0,0,0,0,0,0,0,0,0,0,0,0,0,0,0,24.5,0,0,0,26.2,0,18.7,9.25,0,0,18,0,0
GG,2026-06-09 11:52,열원,P1,13℃,저층부,공통,#2,0,0,0,0,0,-2,37.149998,5.0899997,21.58,5.1099997,21.68,0,0,0,0,0,0,0,40.55,4.98,20.98,4.97,20.93,0,0,0,0,0,0,0,0,0,0,0,0,24.9,54.6,0,0,24.949999,0.07605704,20.4,4.6,0,0,20.9,0,0
GG,2026-06-09 11:52,열원,P1,13℃,저층부,공통,#3,0,0,0,0,0,0,43.399998,6.15,26.9,6.15,26.9,0,0,0,0,0,0,1,43.6,6.08,26.599998,6.12,26.699999,0,0,0,0,0,0,0,0,0,0,0,0,27,0,0,0,27,0,27.4,0,0,0,27.099998,0,0
GG,2026-06-09 11:52,열원,P1,13℃,저층부,공통,#1,1,1,752,0,0,70,44.2,8.0199995,35,3.4099998,11.5,0,2,1,772,0,0,77,33,7.24,31.8,3.21,10.099999,0,1,0,1,0,1,1,1,1,0,0,0,27.4,1815.1,0,192,33.1,3453.1943,11.9,1513.4,1,327,18.8,0,0
GG,2026-06-09 11:52,열원,P1,5℃,저층부,공통,#2,1,0,0,0,0,0,39.7,4.96,20.869999,4.93,20.71,0,1,0,0,0,0,1,39.3,4.92,20.66,4.99,21.039999,0,0,0,1,0,0,1,1,1,0,0,0,24.699999,0,0,0,25.55,0,24.699999,0,0,0,21,0,0
GG,2026-06-09 11:52,열원,P1,5℃,저층부,공통,#3,1,1,846,0,0,53,36.8,6.21,27.199999,2.3,3,0,1,1,724,0,0,0,43.2,6.39,28,3.01,8.599999,0,1,0,1,0,1,1,1,1,0,0,0,23.4,0.7,0,272,27.099998,2531.0986,6.3999996,879.775,1,181,15.099999,0,0
GG,2026-06-09 11:52,열원,P1,5℃,저층부,공통,#1,1,1,780,0,0,41,44.3,7.39,32.399998,2.56,5.2,0,0,1,849,0,0,0,47.8,7.73,33.8,3.03,8.8,0,1,0,1,0,1,1,1,1,0,0,0,29.599998,2046.1,0,284,32.8,2086.9211,7.5,864.5,1,183,14.799999,0,0
GG,2026-06-09 11:52,열원,P2,13℃,고층부,공통,#2,1,1,776,0,0,63,38.35,8.01,34.98,3.47,11.88,25,1,1,784,0,0,95,38.5,7.1299996,31.33,2.78,6.92,35,1,0,1,0,0,0,0,0,0,0,0,23.65,1787.0625,1,211,30.349998,2585.775,14.45,1681.5875,1,309,19.05,0,0
GG,2026-06-09 11:52,열원,P2,13℃,고층부,공통,#3,0,0,0,0,0,0,41.3,4.08,15.799999,4.0099998,15.37,25,0,0,0,0,0,0,43.35,4.06,15.679999,4.06,15.679999,25,0,0,0,0,0,0,0,0,0,0,0,23.1,17.325,0,0,24,0.6892774,16.35,4.16875,0,0,16.35,0,0
GG,2026-06-09 11:52,열원,P2,13℃,고층부,공통,#1,0,0,0,0,0,0,46.8,3.9599998,15,3.86,14.400001,25,0,0,0,0,0,0,44.9,3.86,14.400001,3.9299998,14.8,50,0,0,0,0,0,0,0,0,0,0,0,23.300001,0,0,0,22.800001,0,16.1,0,0,0,14.8,0,0
GG,2026-06-09 11:52,열원,P2,13℃,저층부,공통,#2,1,1,750,0,0,100,45.1,7.97,34.82,2.71,6.3799996,25,1,1,720,0,0,100,40.6,7.19,31.59,2.55,5.1099997,30,0,0,1,0,0,0,0,0,0,0,0,23.8,1116.15,1,209,29.4,2450.588,12.849999,1703.5813,1,301,17.199999,0,0
GG,2026-06-09 11:52,열원,P2,13℃,저층부,공통,#3,0,0,0,0,0,1,47.2,3.86,14.429999,3.73,13.599999,50,0,0,0,0,0,1,46.8,3.9599998,15.059999,3.9399998,14.929999,50,0,0,0,0,0,0,0,0,0,0,0,24.6,0,0,0,24.85,0,13.25,0,0,0,14.349999,0,0
GG,2026-06-09 11:52,열원,P2,13℃,저층부,공통,#1,1,1,769,0,0,100,43.05,7.08,31.119999,2.7,6.2999997,50,1,1,669,0,0,100,38.05,6.39,28.029999,2.51,4.79,55,1,0,1,0,0,0,0,0,0,0,0,23.15,2019.15,1,217,27.55,2846.828,13.349999,1851.3562,1,319,18,0,0
GG,2026-06-09 11:52,열원,P2,5℃,고층부,공통,#2,0,0,0,0,0,0,48.5,4.36,17.48,4.3399997,17.359999,50,0,0,0,0,0,0,50.25,4.43,17.89,4.5,18.3,40,0,0,0,0,0,0,0,0,0,0,0,23.3,1346.45,0,0,24.449999,-0.78455675,25.699999,0.325,0,0,18.449999,0,0
GG,2026-06-09 11:52,열원,P2,5℃,고층부,공통,#3,0,0,0,0,0,0,39.899998,2.7,6.2999997,2.6699998,6.06,50,0,0,0,0,0,0,41.899998,2.83,7.2999997,2.83,7.2999997,65,0,0,0,0,0,0,0,0,0,0,0,20.8,0,0,0,23.8,0,6.2999997,0,0,0,6.5,0,0
GG,2026-06-09 11:52,열원,P2,5℃,고층부,공통,#1,0,0,0,0,0,1,42.149998,2.75,6.69,2.82,7.22,25,0,0,0,0,0,0,40.1,2.85,7.45,2.96,8.2699995,100,0,0,0,0,0,0,0,0,0,0,0,21.199999,18.375,0,0,23.85,0.54542845,6.2999997,2.35625,0,0,6.8999996,0,0
GG,2026-06-09 11:52,열원,P2,5℃,저층부,공통,#2,0,0,0,0,0,0,27.15,3.6499999,13.07,3.6,12.75,85,0,0,0,0,0,1,44.899998,4.08,15.799999,4.0499997,15.62,85,0,0,0,0,0,0,0,0,0,0,0,23.3,0,0,0,23.35,0,23.65,0,0,0,16.75,0,0
GG,2026-06-09 11:52,열원,P2,5℃,저층부,공통,#3,0,0,0,0,0,0,47.55,2.9299998,8.05,2.96,8.2699995,100,0,0,0,0,0,0,47.8,3.1599998,9.73,3.4399998,11.67,25,0,0,0,0,0,0,0,0,0,0,0,22.35,0,0,0,24.55,0,6.7999997,0,0,0,7.0499997,0,0
GG,2026-06-09 11:52,열원,P2,5℃,저층부,공통,#1,0,0,0,0,0,0,48.649998,4.42,17.83,4.61,18.93,25,0,0,0,0,0,0,49.55,4.56,18.64,4.62,18.99,25,0,0,0,0,0,0,0,0,0,0,0,26.199999,2800,0,0,27.699999,-2.9904518,26.5,1.1375,0,0,19.199999,0,0
GS,2026-06-09 11:53,열원,A1,5℃,공통,공통,#2,1,1,583.0494,0,0,63,40.1,6.56,28.8,2.59,5.4,0,1,0,0,0,0,0,0,0,0,0,0,0,1,0,1,0,0,0,0,0,0,0,0,23.6,915.375,1,69.88382,26.9,0,5.6,362.625,1,69.42587,13.8,0,0
GS,2026-06-09 11:53,열원,A1,5℃,공통,공통,#3,1,0,0,0,0,0,40.899998,5.16,21.939999,5.18,22.05,0,1,0,0,0,0,0,40.05,5.12,21.73,5.0899997,21.57,0,1,0,1,0,0,0,0,0,0,0,0,27.15,20,0,0,28.9,0,21.4,15.75,0,0,21.4,0,0
GS,2026-06-09 11:53,열원,A1,5℃,공통,공통,#1,1,1,1013.55914,0,0,47,40.05,6.6299996,29.13,2.28,2.86,0,1,1,0,0,0,32,40.1,6.42,28.17,2.24,2.53,0,1,0,1,0,0,0,0,0,0,0,0,24.4,1556.25,1,180.82819,28.599998,0,5,670.5,1,120.356705,13.299999,0,0
GS,2026-06-09 11:53,열원,A2,13℃,공통,공통,#2,0,0,0,0,0,0,0,0.5053053,0,4.7828317,0,0,0,0,0,0,0,0,0,0,0,0,0,0,0,0,0,0,0,0,0,0,0,0,0,28.305614,528,0,0,27.980938,0,22.103565,1,0,0,21.209059,0,0
GS,2026-06-09 11:53,열원,A2,13℃,공통,공통,#3,0,0,0,0,0,0,0,-0.17037296,0,3.8078926,0,0,0,0,0,0,0,0,0,0,0,0,0,0,0,0,0,0,0,0,0,0,0,0,0,30.054195,3.3,0,0,29.681486,0,29.126678,3.75,0,0,29.151419,0,0
GS,2026-06-09 11:53,열원,A2,13℃,공통,공통,#1,0,0,0,0,0,0.1019368,0,0.4723059,0,0.0928772,0,0,0,0,0,0,0,0,0,0,0,0,0,0,0,0,0,0,0,0,0,0,0,0,0,28.983776,0,0,0,28.640356,0,21.940334,6.75,0,0,21.074137,0,0
GS,2026-06-09 11:53,열원,A2,5℃,공통,공통,#2,0,0,0,0,0,0.6198347,0,-0.2645728,0,21.454239,0,0,0,0,0,0,0,0,0,0,0,0,0,0,0,0,0,0,0,0,0,0,0,0,0,25.610947,0,0,0,23.033554,0,19.601608,1,0,0,18.328438,0,0
GS,2026-06-09 11:53,열원,A2,5℃,공통,공통,#3,0,0,0,0,0,-0.103950106,0,0.38352695,0,1.8575077,0,0,0,0,0,0,0,0,0,0,0,0,0,0,0,0,0,0,0,0,0,0,0,0,0,29.697948,3.85,0,0,28.797634,0,29.028097,2.25,0,0,28.96103,0,0
GS,2026-06-09 11:53,열원,A2,5℃,공통,공통,#1,0,0,0,0,0,0,0,4.87,0,4.91,0,0,0,0,0,0,0,0,0,0,0,0,0,0,0,0,0,0,0,0,0,0,0,0,0,24.5,0,0,0,26.2,0,18.7,9,0,0,18.1,0,0
GG,2026-06-09 11:53,열원,P1,13℃,저층부,공통,#2,0,0,0,0,0,-2,37.2,5.0899997,21.58,5.12,21.74,0,0,0,0,0,0,0,40.55,4.99,21.039999,4.99,21.039999,0,0,0,0,0,0,0,0,0,0,0,0,24.9,58.1,0,0,24.949999,0.00950713,20.449999,0.575,0,0,20.9,0,0
GG,2026-06-09 11:53,열원,P1,13℃,저층부,공통,#3,0,0,0,0,0,0,43.399998,6.15,26.9,6.1299996,26.8,0,0,0,0,0,0,1,43.6,6.08,26.599998,6.1,26.599998,0,0,0,0,0,0,0,0,0,0,0,0,27,0,0,0,27,0,27.4,0,0,0,27.099998,0,0
GG,2026-06-09 11:53,열원,P1,13℃,저층부,공통,#1,1,1,754,0,0,70,44.2,8.0199995,35,3.3899999,11.3,0,2,1,776,0,0,77,33,7.24,31.8,3.21,10.099999,0,1,0,1,0,1,1,1,1,0,0,0,27.4,1803.9,0,191,33.1,3442.6982,11.9,1508.8,1,327,18.8,0,0
GG,2026-06-09 11:53,열원,P1,5℃,저층부,공통,#2,1,0,0,0,0,0,39.7,4.95,20.82,4.93,20.71,0,1,0,0,0,0,1,39.3,4.91,20.6,5,21.09,0,0,0,1,0,0,1,1,1,0,0,0,24.75,0,0,0,25.5,0,24.75,0,0,0,21,0,0
GG,2026-06-09 11:53,열원,P1,5℃,저층부,공통,#3,1,1,847,0,0,53,36.8,6.2,27.099998,2.3,3,0,1,1,724,0,0,0,43.2,6.39,28,3.03,8.8,0,1,0,1,0,1,1,1,1,0,0,0,23.4,2.1,0,272,27,2523.3066,6.2999997,867.1,1,181,15.099999,0,0
GG,2026-06-09 11:53,열원,P1,5℃,저층부,공통,#1,1,1,776,0,0,39,44.399998,7.39,32.399998,2.56,5.2,0,0,1,856,0,0,3,47.899998,7.75,33.899998,3.03,8.8,0,1,0,1,0,1,1,1,1,0,0,0,29.599998,2057.3,0,284,32.8,2053.1853,7.5,850.525,1,183,14.799999,0,0
GG,2026-06-09 11:53,열원,P2,13℃,고층부,공통,#2,1,1,775,0,0,62,38.399998,8,34.94,3.47,11.88,25,1,1,782,0,0,95,38.6,7.12,31.289999,2.79,6.99,35,1,0,1,0,0,0,0,0,0,0,0,23.55,1789.875,1,212,30.25,2620.281,14.45,1685.9,1,308,19.05,0,0
GG,2026-06-09 11:53,열원,P2,13℃,고층부,공통,#3,0,0,0,0,0,0,41.25,4.08,15.799999,4.02,15.429999,25,0,0,0,0,0,0,43.3,4.0499997,15.62,4.06,15.679999,25,0,0,0,0,0,0,0,0,0,0,0,23.1,19.775,0,0,24,0.73681384,16.35,4.45625,0,0,16.35,0,0
GG,2026-06-09 11:53,열원,P2,13℃,고층부,공통,#1,0,0,0,0,0,0,46.8,3.9599998,15,3.86,14.400001,25,0,0,0,0,0,0,44.9,3.86,14.400001,3.9299998,14.8,50,0,0,0,0,0,0,0,0,0,0,0,23.300001,0,0,0,22.800001,0,16.1,0,0,0,14.8,0,0
GG,2026-06-09 11:53,열원,P2,13℃,저층부,공통,#2,1,1,751,0,0,100,45.05,7.97,34.82,2.71,6.3799996,25,1,1,716,0,0,100,40.55,7.2,31.63,2.54,5.0299997,30,0,0,1,0,0,0,0,0,0,0,0,23.85,1053.85,1,208,29.349998,2456.3782,12.799999,1707.6062,1,300,17.15,0,0
GG,2026-06-09 11:53,열원,P2,13℃,저층부,공통,#3,0,0,0,0,0,1,47.2,3.86,14.429999,3.74,13.66,50,0,0,0,0,0,1,46.8,3.9499998,14.99,3.9399998,14.929999,50,0,0,0,0,0,0,0,0,0,0,0,24.6,0,0,0,24.85,0,13.25,0,0,0,14.349999,0,0
GG,2026-06-09 11:53,열원,P2,13℃,저층부,공통,#1,1,1,768,0,0,100,43.05,7.08,31.119999,2.7,6.2999997,50,1,1,669,0,0,100,38,6.3999996,28.08,2.51,4.79,55,1,0,1,0,0,0,0,0,0,0,0,23.15,2020.55,1,217,27.449999,2832.4595,13.4,1842.0125,1,319,18.05,0,0
GG,2026-06-09 11:53,열원,P2,5℃,고층부,공통,#2,0,0,0,0,0,0,48.5,4.3399997,17.359999,4.35,17.42,50,0,0,0,0,0,0,50.25,4.43,17.89,4.5,18.3,40,0,0,0,0,0,0,0,0,0,0,0,23.25,1348.025,0,0,24.449999,-0.3842179,25.65,0.1625,0,0,18.5,0,0
GG,2026-06-09 11:53,열원,P2,5℃,고층부,공통,#3,0,0,0,0,0,0,39.899998,2.6799998,6.14,2.6599998,5.99,50,0,0,0,0,0,0,41.899998,2.83,7.2999997,2.83,7.2999997,65,0,0,0,0,0,0,0,0,0,0,0,20.8,0,0,0,23.8,0,6.2999997,0,0,0,6.5499997,0,0
GG,2026-06-09 11:53,열원,P2,5℃,고층부,공통,#1,0,0,0,0,0,1,42.149998,2.76,6.7599998,2.83,7.2999997,25,0,0,0,0,0,0,40.1,2.84,7.37,2.95,8.2,100,0,0,0,0,0,0,0,0,0,0,0,21.199999,0,0,0,23.85,0.56423634,6.2999997,2.4375,0,0,6.8999996,0,0
GG,2026-06-09 11:53,열원,P2,5℃,저층부,공통,#2,0,0,0,0,0,0,27.15,3.6499999,13.07,3.6,12.75,85,0,0,0,0,0,1,44.95,4.0899997,15.86,4.0499997,15.62,85,0,0,0,0,0,0,0,0,0,0,0,23.3,0,0,0,23.35,0,23.65,0,0,0,16.75,0,0
GG,2026-06-09 11:53,열원,P2,5℃,저층부,공통,#3,0,0,0,0,0,0,47.5,2.95,8.2,2.96,8.2699995,100,0,0,0,0,0,0,47.75,3.1599998,9.73,3.4399998,11.67,25,0,0,0,0,0,0,0,0,0,0,0,22.35,0,0,0,24.6,0,6.7999997,0,0,0,7.0499997,0,0
GG,2026-06-09 11:53,열원,P2,5℃,저층부,공통,#1,0,0,0,0,0,0,48.649998,4.42,17.83,4.6,18.869999,25,0,0,0,0,0,0,49.55,4.5499997,18.59,4.61,18.93,25,0,0,0,0,0,0,0,0,0,0,0,26.199999,2800,0,0,27.75,-5.3736773,26.5,2.03125,0,0,19.15,0,0
GS,2026-06-09 11:54,열원,A1,5℃,공통,공통,#2,1,1,589.67975,0,0,65,40.1,6.57,28.8,2.59,5.4,0,1,0,0,0,0,0,0,0,0,0,0,0,1,0,1,0,0,0,0,0,0,0,0,23.6,912.375,1,69.19573,26.9,0,5.6,366.875,1,69.42587,13.8,0,0
GS,2026-06-09 11:54,열원,A1,5℃,공통,공통,#3,1,0,0,0,0,0,40.899998,5.15,21.89,5.17,22,0,1,0,0,0,0,0,40.05,5.12,21.73,5.0899997,21.57,0,1,0,1,0,0,0,0,0,0,0,0,27.199999,20,0,0,28.9,0,21.4,22.5,0,0,21.35,0,0
GS,2026-06-09 11:54,열원,A1,5℃,공통,공통,#1,1,1,1012.5653,0,0,47,40.05,6.62,29.09,2.28,2.86,0,1,1,0,0,0,32,40.1,6.41,28.119999,2.22,2.36,0,1,0,1,0,0,0,0,0,0,0,0,24.4,1605.625,1,179.39258,28.599998,0,4.95,681.75,1,120.356705,13.299999,0,0
GS,2026-06-09 11:54,열원,A2,13℃,공통,공통,#2,0,0,0,0,0,0,0,0.5053053,0,4.7828317,0,0,0,0,0,0,0,0,0,0,0,0,0,0,0,0,0,0,0,0,0,0,0,0,0,28.305614,528,0,0,27.980938,0,22.103565,0.5,0,0,21.209059,0,0
GS,2026-06-09 11:54,열원,A2,13℃,공통,공통,#3,0,0,0,0,0,0,0,-0.17037296,0,3.8078926,0,0,0,0,0,0,0,0,0,0,0,0,0,0,0,0,0,0,0,0,0,0,0,0,0,30.054195,3.025,0,0,29.681486,0,29.126678,3.75,0,0,29.151419,0,0
GS,2026-06-09 11:54,열원,A2,13℃,공통,공통,#1,0,0,0,0,0,0.1019368,0,0.4723059,0,0.0928772,0,0,0,0,0,0,0,0,0,0,0,0,0,0,0,0,0,0,0,0,0,0,0,0,0,28.983776,0,0,0,28.640356,0,21.940334,6.75,0,0,21.074137,0,0
GS,2026-06-09 11:54,열원,A2,5℃,공통,공통,#2,0,0,0,0,0,0.6198347,0,-0.2645728,0,21.454239,0,0,0,0,0,0,0,0,0,0,0,0,0,0,0,0,0,0,0,0,0,0,0,0,0,25.610947,0,0,0,23.050364,0,19.599909,1,0,0,18.443443,0,0
GS,2026-06-09 11:54,열원,A2,5℃,공통,공통,#3,0,0,0,0,0,-0.103950106,0,0.38352695,0,1.8575077,0,0,0,0,0,0,0,0,0,0,0,0,0,0,0,0,0,0,0,0,0,0,0,0,0,29.697948,3.575,0,0,28.797634,0,29.028097,2.5,0,0,28.96103,0,0
GS,2026-06-09 11:54,열원,A2,5℃,공통,공통,#1,0,0,0,0,0,0,0,4.87,0,4.91,0,0,0,0,0,0,0,0,0,0,0,0,0,0,0,0,0,0,0,0,0,0,0,0,0,24.5,0,0,0,26.2,0,18.7,9.25,0,0,18.1,0,0
GG,2026-06-09 11:54,열원,P1,13℃,저층부,공통,#2,0,0,0,0,0,-2,37.2,5.0899997,21.58,5.12,21.74,0,0,0,0,0,0,0,40.6,4.99,21.039999,4.97,20.93,0,0,0,0,0,0,0,0,0,0,0,0,24.9,56.7,0,0,24.949999,0,20.449999,2.875,0,0,20.9,0,0
GG,2026-06-09 11:54,열원,P1,13℃,저층부,공통,#3,0,0,0,0,0,0,43.399998,6.15,26.9,6.15,26.9,0,0,0,0,0,0,1,43.6,6.08,26.599998,6.12,26.699999,0,0,0,0,0,0,0,0,0,0,0,0,27,0,0,0,27,0,27.4,0,0,0,27.099998,0,0
GG,2026-06-09 11:54,열원,P1,13℃,저층부,공통,#1,1,1,755,0,0,70,44.2,8.0199995,35,3.4099998,11.5,0,2,1,775,0,0,77,33,7.24,31.8,3.21,10.099999,0,1,0,1,0,1,1,1,1,0,0,0,27.4,1795.5,0,192,33.1,3466.3145,11.9,1519.15,1,327,18.8,0,0
GG,2026-06-09 11:54,열원,P1,5℃,저층부,공통,#2,1,0,0,0,0,0,39.7,4.96,20.869999,4.93,20.71,0,1,0,0,0,0,1,39.35,4.94,20.77,4.97,20.93,0,0,0,1,0,0,1,1,1,0,0,0,24.75,0,0,0,25.5,0,24.699999,0,0,0,21,0,0
GG,2026-06-09 11:54,열원,P1,5℃,저층부,공통,#3,1,1,839,0,0,52,36.8,6.21,27.199999,2.31,3.1,0,1,1,725,0,0,0,43.2,6.41,28.099998,3.03,8.8,0,1,0,1,0,1,1,1,1,0,0,0,23.4,4.2,0,272,27,2490.8928,6.3999996,865.8,1,182,15.099999,0,0
GG,2026-06-09 11:54,열원,P1,5℃,저층부,공통,#1,1,1,775,0,0,39,44.399998,7.39,32.399998,2.57,5.2999997,0,0,1,848,0,0,3,48,7.75,33.899998,3.03,8.8,0,1,0,1,0,1,1,1,1,0,0,0,29.599998,2051,0,284,32.8,2068.8765,7.6,857.025,1,183,14.9,0,0
GG,2026-06-09 11:54,열원,P2,13℃,고층부,공통,#2,1,1,773,0,0,62,38.399998,7.99,34.899998,3.46,11.809999,25,1,1,782,0,0,95,38.6,7.12,31.289999,2.78,6.92,35,1,0,1,0,0,0,0,0,0,0,0,23.5,1772.625,1,212,30.199999,2610.9736,14.45,1697.975,1,309,19,0,0
GG,2026-06-09 11:54,열원,P2,13℃,고층부,공통,#3,0,0,0,0,0,0,41.2,4.08,15.799999,4.02,15.429999,25,0,0,0,0,0,0,43.3,4.04,15.549999,4.0499997,15.62,25,0,0,0,0,0,0,0,0,0,0,0,23.1,24.5,0,0,24,0.6655093,16.35,4.025,0,0,16.4,0,0
GG,2026-06-09 11:54,열원,P2,13℃,고층부,공통,#1,0,0,0,0,0,0,46.7,3.9599998,15,3.86,14.400001,25,0,0,0,0,0,0,45,3.86,14.400001,3.9299998,14.8,50,0,0,0,0,0,0,0,0,0,0,0,23.300001,0,0,0,22.800001,0,16.1,0,0,0,14.8,0,0
GG,2026-06-09 11:54,열원,P2,13℃,저층부,공통,#2,1,1,752,0,0,100,45,7.97,34.82,2.71,6.3799996,25,1,1,718,0,0,100,40.55,7.2,31.63,2.55,5.1099997,30,0,0,1,0,0,0,0,0,0,0,0,23.8,1095.85,1,209,29.4,2421.2246,12.849999,1683.1687,1,302,17.199999,0,0
GG,2026-06-09 11:54,열원,P2,13℃,저층부,공통,#3,0,0,0,0,0,1,47.2,3.85,14.36,3.74,13.66,50,0,0,0,0,0,1,46.85,3.9499998,14.99,3.9399998,14.929999,50,0,0,0,0,0,0,0,0,0,0,0,24.6,0,0,0,24.85,0,13.299999,0,0,0,14.4,0,0
GG,2026-06-09 11:54,열원,P2,13℃,저층부,공통,#1,1,1,768,0,0,100,43.05,7.08,31.119999,2.7,6.2999997,50,1,1,669,0,0,100,38,6.41,28.119999,2.5,4.71,55,1,0,1,0,0,0,0,0,0,0,0,23.199999,2018.8,1,217,27.55,2897.5464,13.349999,1864.2937,1,319,18.05,0,0
GG,2026-06-09 11:54,열원,P2,5℃,고층부,공통,#2,0,0,0,0,0,0,48.5,4.35,17.42,4.36,17.48,50,0,0,0,0,0,0,50.25,4.43,17.89,4.5,18.3,40,0,0,0,0,0,0,0,0,0,0,0,23.25,1349.6,0,0,24.449999,-2.3214283,25.699999,0.975,0,0,18.449999,0,0
GG,2026-06-09 11:54,열원,P2,5℃,고층부,공통,#3,0,0,0,0,0,0,39.85,2.69,6.22,2.6599998,5.99,50,0,0,0,0,0,0,41.899998,2.83,7.2999997,2.83,7.2999997,65,0,0,0,0,0,0,0,0,0,0,0,20.8,0,0,0,23.8,0,6.2999997,0,0,0,6.5499997,0,0
GG,2026-06-09 11:54,열원,P2,5℃,고층부,공통,#1,0,0,0,0,0,1,42.2,2.76,6.7599998,2.81,7.1499996,25,0,0,0,0,0,0,40.149998,2.84,7.37,2.95,8.2,100,0,0,0,0,0,0,0,0,0,0,0,21.25,14.525,0,0,23.85,0.6649926,6.25,2.68125,0,0,6.8999996,0,0
GG,2026-06-09 11:54,열원,P2,5℃,저층부,공통,#2,0,0,0,0,0,0,27.15,3.6499999,13.07,3.59,12.679999,85,0,0,0,0,0,1,44.95,4.0699997,15.74,4.0699997,15.74,85,0,0,0,0,0,0,0,0,0,0,0,23.35,0,0,0,23.35,0,23.65,0,0,0,16.75,0,0
GG,2026-06-09 11:54,열원,P2,5℃,저층부,공통,#3,0,0,0,0,0,0,47.5,2.95,8.2,2.96,8.2699995,100,0,0,0,0,0,0,47.8,3.1499999,9.65,3.46,11.809999,25,0,0,0,0,0,0,0,0,0,0,0,22.4,0,0,0,24.55,0.15046291,6.7999997,1.3,0,0,7.0499997,0,0
GG,2026-06-09 11:54,열원,P2,5℃,저층부,공통,#1,0,0,0,0,0,0,48.649998,4.42,17.83,4.62,18.99,25,0,0,0,0,0,0,49.5,4.5699997,18.699999,4.61,18.93,25,0,0,0,0,0,0,0,0,0,0,0,26.199999,2800,0,0,27.75,-5.9809036,26.5,2.275,0,0,19.199999,0,0
GS,2026-06-09 11:56,열원,A1,5℃,공통,공통,#2,1,1,588.3845,0,0,65,40.1,6.57,28.8,2.59,5.4,0,1,0,0,0,0,0,0,0,0,0,0,0,1,0,1,0,0,0,0,0,0,0,0,23.6,904.125,1,69.82048,26.9,0,5.6,359.875,1,69.42587,13.8,0,0
GS,2026-06-09 11:56,열원,A1,5℃,공통,공통,#3,1,0,0,0,0,0,40.85,5.16,21.939999,5.18,22.05,0,1,0,0,0,0,0,40.149998,5.12,21.73,5.0899997,21.57,0,1,0,0,0,0,0,0,0,0,0,0,27.199999,20,0,0,28.849998,0,21.5,13,0,0,21.35,0,0
GS,2026-06-09 11:56,열원,A1,5℃,공통,공통,#1,1,1,1017.94666,0,0,49,40.05,6.64,29.179998,2.28,2.86,0,1,1,0,0,0,34,40.1,6.43,28.22,2.24,2.53,0,1,0,1,0,0,0,0,0,0,0,0,24.449999,1616.875,1,180.9198,28.65,0,5.0499997,670.5,1,120.02041,13.299999,0,0
GS,2026-06-09 11:56,열원,A2,13℃,공통,공통,#2,0,0,0,0,0,0,0,0.5053053,0,4.7828317,0,0,0,0,0,0,0,0,0,0,0,0,0,0,0,0,0,0,0,0,0,0,0,0,0,28.305614,529.1,0,0,27.980938,0,22.103565,1,0,0,21.209059,0,0
GS,2026-06-09 11:56,열원,A2,13℃,공통,공통,#3,0,0,0,0,0,0,0,-0.17037296,0,3.8078926,0,0,0,0,0,0,0,0,0,0,0,0,0,0,0,0,0,0,0,0,0,0,0,0,0,30.054195,3.025,0,0,29.681486,0,29.126678,3.75,0,0,29.151419,0,0
GS,2026-06-09 11:56,열원,A2,13℃,공통,공통,#1,0,0,0,0,0,0.1019368,0,0.4723059,0,0.0928772,0,0,0,0,0,0,0,0,0,0,0,0,0,0,0,0,0,0,0,0,0,0,0,0,0,28.983776,0,0,0,28.640356,0,21.940334,6.5,0,0,21.074137,0,0
GS,2026-06-09 11:56,열원,A2,5℃,공통,공통,#2,0,0,0,0,0,0.6198347,0,-0.2645728,0,21.454239,0,0,0,0,0,0,0,0,0,0,0,0,0,0,0,0,0,0,0,0,0,0,0,0,0,25.610947,0,0,0,23.027073,0,19.599613,1,0,0,18.41602,0,0
GS,2026-06-09 11:56,열원,A2,5℃,공통,공통,#3,0,0,0,0,0,-0.103950106,0,0.38352695,0,1.8575077,0,0,0,0,0,0,0,0,0,0,0,0,0,0,0,0,0,0,0,0,0,0,0,0,0,29.697948,3.575,0,0,28.797634,0,29.028097,2.5,0,0,28.96103,0,0
GS,2026-06-09 11:56,열원,A2,5℃,공통,공통,#1,0,0,0,0,0,0,0,4.87,0,4.91,0,0,0,0,0,0,0,0,0,0,0,0,0,0,0,0,0,0,0,0,0,0,0,0,0,24.5,0,0,0,26.2,0,18.7,9.25,0,0,18.1,0,0
GG,2026-06-09 11:56,열원,P1,13℃,저층부,공통,#2,0,0,0,0,0,-2,37.2,5.0899997,21.58,5.12,21.74,0,0,0,0,0,0,0,40.6,4.98,20.98,4.99,21.039999,0,0,0,0,0,0,0,0,0,0,0,0,24.9,60.9,0,0,24.9,0.01901426,20.449999,0,0,0,20.949999,0,0
GG,2026-06-09 11:56,열원,P1,13℃,저층부,공통,#3,0,0,0,0,0,0,43.399998,6.15,26.9,6.15,26.9,0,0,0,0,0,0,1,43.6,6.08,26.599998,6.1,26.599998,0,0,0,0,0,0,0,0,0,0,0,0,27,0,0,0,27,0,27.4,0,0,0,27.099998,0,0
GG,2026-06-09 11:56,열원,P1,13℃,저층부,공통,#1,1,1,754,0,0,70,44.2,7.99,34.899998,3.3899999,11.3,0,2,1,774,0,0,77,33,7.21,31.599998,3.21,10.099999,0,1,0,1,0,1,1,1,1,0,0,0,27.3,1803.2,0,192,33,3457.1304,11.9,1515.125,1,327,18.8,0,0
GG,2026-06-09 11:56,열원,P1,5℃,저층부,공통,#2,1,0,0,0,0,0,39.7,4.95,20.82,4.92,20.66,0,1,0,0,0,0,1,39.399998,4.93,20.71,4.97,20.93,0,0,0,1,0,0,1,1,1,0,0,0,24.75,25.2,0,0,25.55,-10.618389,24.75,2.275,0,0,20.949999,0,0
GG,2026-06-09 11:56,열원,P1,5℃,저층부,공통,#3,1,1,842,0,0,53,36.6,6.16,26.9,2.31,3.1,0,1,1,723,0,0,0,43.1,6.3399997,27.8,3.03,8.8,0,1,0,1,0,1,1,1,1,0,0,0,23.3,2.1,0,272,26.9,2553.5715,6.3999996,878.475,1,182,15.2,0,0
GG,2026-06-09 11:56,열원,P1,5℃,저층부,공통,#1,1,1,776,0,0,39,44.3,7.37,32.3,2.57,5.2999997,0,0,1,852,0,0,3,48,7.73,33.8,3.03,8.8,0,1,0,1,0,1,1,1,1,0,0,0,29.599998,2023,0,285,32.8,2045.9523,7.7,863.85,1,183,14.9,0,0
GG,2026-06-09 11:56,열원,P2,13℃,고층부,공통,#2,1,1,775,0,0,62,38.55,7.99,34.899998,3.47,11.88,25,1,1,783,0,0,95,38.6,7.1099997,31.25,2.78,6.92,35,1,0,1,0,0,0,0,0,0,0,0,23.5,1790.625,1,212,30.199999,2610.9736,14.45,1697.975,1,308,19.05,0,0
GG,2026-06-09 11:56,열원,P2,13℃,고층부,공통,#3,0,0,0,0,0,0,41.149998,4.08,15.799999,4.02,15.429999,25,0,0,0,0,0,0,43.25,4.0499997,15.62,4.06,15.679999,25,0,0,0,0,0,0,0,0,0,0,0,23.1,28.175,0,0,24,0.7843491,16.35,4.3125,0,0,16.35,0,0
GG,2026-06-09 11:56,열원,P2,13℃,고층부,공통,#1,0,0,0,0,0,0,46.7,3.9599998,15,3.86,14.400001,25,0,0,0,0,0,0,45,3.86,14.400001,3.9299998,14.8,50,0,0,0,0,0,0,0,0,0,0,0,23.300001,0,0,0,22.800001,0,16.1,0,0,0,14.8,0,0
GG,2026-06-09 11:56,열원,P2,13℃,저층부,공통,#2,1,1,752,0,0,100,45.05,7.97,34.82,2.71,6.3799996,25,1,1,718,0,0,100,40.55,7.2,31.63,2.55,5.1099997,30,0,0,1,0,0,0,0,0,0,0,0,23.85,883.05,1,209,29.349998,2425.1536,12.849999,1698.55,1,302,17.199999,0,0
GG,2026-06-09 11:56,열원,P2,13℃,저층부,공통,#3,0,0,0,0,0,1,47.25,3.86,14.429999,3.74,13.66,50,0,0,0,0,0,1,46.899998,3.9499998,14.99,3.9399998,14.929999,50,0,0,0,0,0,0,0,0,0,0,0,24.6,0,0,0,24.85,0,13.299999,0,0,0,14.349999,0,0
GG,2026-06-09 11:56,열원,P2,13℃,저층부,공통,#1,1,1,769,0,0,100,43.05,7.0699997,31.07,2.7,6.2999997,50,1,1,669,0,0,100,38,6.39,28.029999,2.5,4.71,55,1,0,1,0,0,0,0,0,0,0,0,23.1,2016.175,1,217,27.449999,2931.0818,13.349999,1870.3313,1,319,18.1,0,0
GG,2026-06-09 11:56,열원,P2,5℃,고층부,공통,#2,0,0,0,0,0,0,48.5,4.36,17.48,4.35,17.42,50,0,0,0,0,0,0,50.2,4.43,17.89,4.5,18.3,40,0,0,0,0,0,0,0,0,0,0,0,23.3,1345.575,0,0,24.449999,-2.5323453,25.699999,0.8125,0,0,18.449999,0,0
GG,2026-06-09 11:56,열원,P2,5℃,고층부,공통,#3,0,0,0,0,0,0,39.8,2.69,6.22,2.6699998,6.06,50,0,0,0,0,0,0,41.899998,2.82,7.22,2.82,7.22,65,0,0,0,0,0,0,0,0,0,0,0,20.8,0,0,0,23.75,0,6.2999997,0,0,0,6.5,0,0
GG,2026-06-09 11:56,열원,P2,5℃,고층부,공통,#1,0,0,0,0,0,1,42.2,2.74,6.6099997,2.82,7.22,25,0,0,0,0,0,0,40.149998,2.84,7.37,2.9399998,8.13,100,0,0,0,0,0,0,0,0,0,0,0,21.199999,11.2,0,0,23.85,0.6045387,6.25,2.4375,0,0,6.8999996,0,0
GG,2026-06-09 11:56,열원,P2,5℃,저층부,공통,#2,0,0,0,0,0,0,27.15,3.6499999,13.07,3.6,12.75,85,0,0,0,0,0,1,44.95,4.0899997,15.86,4.04,15.549999,85,0,0,0,0,0,0,0,0,0,0,0,23.35,0,0,0,23.35,0,23.65,0,0,0,16.8,0,0
GG,2026-06-09 11:56,열원,P2,5℃,저층부,공통,#3,0,0,0,0,0,0,47.55,2.9399998,8.13,2.96,8.2699995,100,0,0,0,0,0,0,47.8,3.1599998,9.73,3.46,11.809999,25,0,0,0,0,0,0,0,0,0,0,0,22.35,0,0,0,24.55,0,6.7999997,0.24375,0,0,7,0,0
GG,2026-06-09 11:56,열원,P2,5℃,저층부,공통,#1,0,0,0,0,0,0,48.649998,4.43,17.89,4.61,18.93,25,0,0,0,0,0,0,49.5,4.56,18.64,4.62,18.99,25,0,0,0,0,0,0,0,0,0,0,0,26.199999,2800,0,0,27.75,-23.136366,26.5,5.76875,0,0,19.3,0,0
GS,2026-06-09 11:57,열원,A1,5℃,공통,공통,#2,1,1,588.3476,0,0,65,40,6.56,28.8,2.59,5.4,0,1,0,0,0,0,0,0,0,0,0,0,0,1,0,1,0,0,0,0,0,0,0,0,23.6,912.75,1,69.82048,26.9,0,5.6,362.125,1,69.42587,13.8,0,0
GS,2026-06-09 11:57,열원,A1,5℃,공통,공통,#3,1,0,0,0,0,0,40.8,5.15,21.89,5.18,22.05,0,1,0,0,0,0,0,40.149998,5.12,21.73,5.0899997,21.57,0,1,0,0,0,0,0,0,0,0,0,0,27.199999,20,0,0,28.9,0,21.449999,14,0,0,21.35,0,0
GS,2026-06-09 11:57,열원,A1,5℃,공통,공통,#1,1,1,1018.7249,0,0,49,40.1,6.64,29.179998,2.27,2.77,0,1,1,0,0,0,34,40.1,6.44,28.26,2.23,2.45,0,1,0,1,0,0,0,0,0,0,0,0,24.5,1561.25,1,180.69147,28.699999,0,4.95,683.5,1,119.57692,13.25,0,0
GS,2026-06-09 11:57,열원,A2,13℃,공통,공통,#2,0,0,0,0,0,0,0,0.5053053,0,4.7828317,0,0,0,0,0,0,0,0,0,0,0,0,0,0,0,0,0,0,0,0,0,0,0,0,0,28.305614,531.025,0,0,27.980938,0,22.103565,0.75,0,0,21.209059,0,0
GS,2026-06-09 11:57,열원,A2,13℃,공통,공통,#3,0,0,0,0,0,0,0,-0.17037296,0,3.8078926,0,0,0,0,0,0,0,0,0,0,0,0,0,0,0,0,0,0,0,0,0,0,0,0,0,30.054195,3.025,0,0,29.681486,0,29.126678,3.75,0,0,29.151419,0,0
GS,2026-06-09 11:57,열원,A2,13℃,공통,공통,#1,0,0,0,0,0,0.1019368,0,0.4723059,0,0.0928772,0,0,0,0,0,0,0,0,0,0,0,0,0,0,0,0,0,0,0,0,0,0,0,0,0,28.983776,0,0,0,28.640356,0,21.940334,6.75,0,0,21.074137,0,0
GS,2026-06-09 11:57,열원,A2,5℃,공통,공통,#2,0,0,0,0,0,0.6198347,0,-0.2645728,0,21.454239,0,0,0,0,0,0,0,0,0,0,0,0,0,0,0,0,0,0,0,0,0,0,0,0,0,25.610947,0,0,0,23.05302,0,19.59931,1.25,0,0,18.44369,0,0
GS,2026-06-09 11:57,열원,A2,5℃,공통,공통,#3,0,0,0,0,0,-0.103950106,0,0.38352695,0,1.8575077,0,0,0,0,0,0,0,0,0,0,0,0,0,0,0,0,0,0,0,0,0,0,0,0,0,29.697948,3.575,0,0,28.797634,0,29.028097,2,0,0,28.96103,0,0
GS,2026-06-09 11:57,열원,A2,5℃,공통,공통,#1,0,0,0,0,0,0,0,4.87,0,4.91,0,0,0,0,0,0,0,0,0,0,0,0,0,0,0,0,0,0,0,0,0,0,0,0,0,24.5,0,0,0,26.2,0,18.7,9,0,0,18.1,0,0
GG,2026-06-09 11:57,열원,P1,13℃,저층부,공통,#2,0,0,0,0,0,-2,37.2,5.0899997,21.58,5.12,21.74,0,0,0,0,0,0,0,40.6,4.99,21.039999,4.99,21.039999,0,0,0,0,0,0,0,0,0,0,0,0,24.9,43.4,0,0,24.949999,0.17112835,20.449999,8.625,0,0,20.9,0,0
GG,2026-06-09 11:57,열원,P1,13℃,저층부,공통,#3,0,0,0,0,0,0,43.399998,6.15,26.9,6.1299996,26.8,0,0,0,0,0,0,1,43.6,6.1,26.599998,6.1,26.599998,0,0,0,0,0,0,0,0,0,0,0,0,27,0,0,0,27,0,27.4,0,0,0,27.099998,0,0
GG,2026-06-09 11:57,열원,P1,13℃,저층부,공통,#1,1,1,754,0,0,70,44.1,7.99,34.899998,3.3899999,11.3,0,2,1,774,0,0,77,33.1,7.22,31.699999,3.21,10.099999,0,1,0,1,0,1,1,1,1,0,0,0,27.3,1808.1,0,191,33,3441.3862,11.9,1514.55,1,327,18.8,0,0
GG,2026-06-09 11:57,열원,P1,5℃,저층부,공통,#2,1,0,0,0,0,0,39.75,4.96,20.869999,4.95,20.82,0,1,0,0,0,0,1,39.35,4.92,20.66,4.98,20.98,0,0,0,1,0,0,1,1,1,0,0,0,24.699999,15.4,0,0,25.5,0,24.75,0,0,0,21,0,0
GG,2026-06-09 11:57,열원,P1,5℃,저층부,공통,#3,1,1,840,0,0,53,36.6,6.16,26.9,2.31,3.1,0,1,1,723,0,0,0,43.1,6.3599997,27.9,3.03,8.8,0,1,0,1,0,1,1,1,1,0,0,0,23.199999,4.9,0,272,26.8,2509.5933,6.5,873.275,1,183,15.2,0,0
GG,2026-06-09 11:57,열원,P1,5℃,저층부,공통,#1,1,1,777,0,0,39,44.3,7.39,32.399998,2.57,5.2999997,0,0,1,849,0,0,3,47.899998,7.75,33.899998,3.05,8.9,0,1,0,1,0,1,1,1,1,0,0,0,29.599998,2041.9,0,284,32.8,2115.1655,7.7,872.3,1,184,15,0,0
GG,2026-06-09 11:57,열원,P2,13℃,고층부,공통,#2,1,1,777,0,0,62,38.55,7.99,34.899998,3.47,11.88,25,1,1,783,0,0,95,38.649998,7.08,31.119999,2.77,6.8399997,35,1,0,1,0,0,0,0,0,0,0,0,23.5,1764.375,1,212,30.199999,2587.322,14.45,1682.5938,1,308,19.05,0,0
GG,2026-06-09 11:57,열원,P2,13℃,고층부,공통,#3,0,0,0,0,0,0,41.149998,4.08,15.799999,4.02,15.429999,25,0,0,0,0,0,0,43.2,4.04,15.549999,4.0499997,15.62,25,0,0,0,0,0,0,0,0,0,0,0,23.1,12.25,0,0,24,0.8104941,16.35,4.45625,0,0,16.35,0,0
GG,2026-06-09 11:57,열원,P2,13℃,고층부,공통,#1,0,0,0,0,0,0,46.600002,3.9599998,15,3.86,14.400001,25,0,0,0,0,0,0,45.100002,3.86,14.400001,3.9299998,14.8,50,0,0,0,0,0,0,0,0,0,0,0,23.300001,0,0,0,22.800001,0,16.1,0,0,0,14.8,0,0
GG,2026-06-09 11:57,열원,P2,13℃,저층부,공통,#2,1,1,754,0,0,100,45.05,7.96,34.78,2.7,6.2999997,25,1,1,719,0,0,100,40.55,7.19,31.59,2.54,5.0299997,30,0,0,1,0,0,0,0,0,0,0,0,23.8,1377.075,1,209,29.4,2451.0015,12.849999,1703.8688,1,301,17.199999,0,0
GG,2026-06-09 11:57,열원,P2,13℃,저층부,공통,#3,0,0,0,0,0,1,47.3,3.86,14.429999,3.74,13.66,50,0,0,0,0,0,1,46.899998,3.9599998,15.059999,3.9399998,14.929999,50,0,0,0,0,0,0,0,0,0,0,0,24.6,0,0,0,24.9,0,13.299999,0,0,0,14.349999,0,0
GG,2026-06-09 11:57,열원,P2,13℃,저층부,공통,#1,1,1,767,0,0,100,43.05,7.06,31.029999,2.69,6.22,50,1,1,669,0,0,100,37.95,6.3799996,27.99,2.5,4.71,55,1,0,1,0,0,0,0,0,0,0,0,23.05,2034.025,1,217,27.4,2857.6584,13.4,1858.4,1,320,18.05,0,0
GG,2026-06-09 11:57,열원,P2,5℃,고층부,공통,#2,0,0,0,0,0,0,48.5,4.36,17.48,4.35,17.42,50,0,0,0,0,0,0,50.25,4.45,18.01,4.5,18.3,40,0,0,0,0,0,0,0,0,0,0,0,23.3,1350.825,0,0,24.449999,-2.1575317,25.75,0.89375,0,0,18.5,0,0
GG,2026-06-09 11:57,열원,P2,5℃,고층부,공통,#3,0,0,0,0,0,0,39.8,2.6799998,6.14,2.6599998,5.99,50,0,0,0,0,0,0,41.899998,2.82,7.22,2.83,7.2999997,65,0,0,0,0,0,0,0,0,0,0,0,20.8,0,0,0,23.8,0,6.25,0,0,0,6.5,0,0
GG,2026-06-09 11:57,열원,P2,5℃,고층부,공통,#1,0,0,0,0,0,1,42.25,2.75,6.69,2.82,7.22,25,0,0,0,0,0,0,40.2,2.85,7.45,2.95,8.2,100,0,0,0,0,0,0,0,0,0,0,0,21.25,12.25,0,0,23.85,0.5440848,6.25,2.19375,0,0,6.8999996,0,0
GG,2026-06-09 11:57,열원,P2,5℃,저층부,공통,#2,0,0,0,0,0,0,27.15,3.6499999,13.07,3.6,12.75,85,0,0,0,0,0,1,44.95,4.08,15.799999,4.04,15.549999,85,0,0,0,0,0,0,0,0,0,0,0,23.3,0,0,0,23.35,0,23.65,0,0,0,16.75,0,0
GG,2026-06-09 11:57,열원,P2,5℃,저층부,공통,#3,0,0,0,0,0,0,47.55,2.9399998,8.13,2.97,8.349999,100,0,0,0,0,0,0,47.8,3.1499999,9.65,3.4399998,11.67,25,0,0,0,0,0,0,0,0,0,0,0,22.35,0,0,0,24.55,0.06448406,6.85,0.65,0,0,7.0499997,0,0
GG,2026-06-09 11:57,열원,P2,5℃,저층부,공통,#1,0,0,0,0,0,0,48.649998,4.43,17.89,4.62,18.99,25,0,0,0,0,0,0,49.5,4.5499997,18.59,4.62,18.99,25,0,0,0,0,0,0,0,0,0,0,0,26.199999,2800,0,0,27.75,-6.3678074,26.5,2.4375,0,0,19.3,0,0
GS,2026-06-09 11:58,열원,A1,5℃,공통,공통,#2,1,1,588.3476,0,0,65,40,6.56,28.8,2.59,5.4,0,1,0,0,0,0,0,0,0,0,0,0,0,1,0,1,0,0,0,0,0,0,0,0,23.5,923.25,1,69.82048,26.8,0,5.6,360.25,1,69.42587,13.8,0,0
GS,2026-06-09 11:58,열원,A1,5℃,공통,공통,#3,1,0,0,0,0,0,40.8,5.16,21.939999,5.18,22.05,0,1,0,0,0,0,0,40.2,5.12,21.73,5.0899997,21.57,0,1,0,0,0,0,0,0,0,0,0,0,27.15,20,0,0,28.9,0,21.449999,11.5,0,0,21.4,0,0
GS,2026-06-09 11:58,열원,A1,5℃,공통,공통,#1,1,1,1017.786,0,0,49,40.1,6.64,29.179998,2.28,2.86,0,1,1,0,0,0,35,40.1,6.42,28.17,2.26,2.7,0,1,0,1,0,0,0,0,0,0,0,0,24.5,1582.5,1,180.96779,28.699999,0,4.95,673.5,1,120.10921,13.299999,0,0
GS,2026-06-09 11:58,열원,A2,13℃,공통,공통,#2,0,0,0,0,0,0,0,0.5053053,0,4.7828317,0,0,0,0,0,0,0,0,0,0,0,0,0,0,0,0,0,0,0,0,0,0,0,0,0,28.305614,528.55,0,0,27.980938,0,22.103565,1,0,0,21.209059,0,0
GS,2026-06-09 11:58,열원,A2,13℃,공통,공통,#3,0,0,0,0,0,0,0,-0.17037296,0,3.8078926,0,0,0,0,0,0,0,0,0,0,0,0,0,0,0,0,0,0,0,0,0,0,0,0,0,30.054195,3.025,0,0,29.681486,0,29.126678,3.75,0,0,29.151419,0,0
GS,2026-06-09 11:58,열원,A2,13℃,공통,공통,#1,0,0,0,0,0,0.1019368,0,0.4723059,0,0.0928772,0,0,0,0,0,0,0,0,0,0,0,0,0,0,0,0,0,0,0,0,0,0,0,0,0,28.983776,0,0,0,28.640356,0,21.940334,6.75,0,0,21.074137,0,0
GS,2026-06-09 11:58,열원,A2,5℃,공통,공통,#2,0,0,0,0,0,0.6198347,0,-0.2645728,0,21.454239,0,0,0,0,0,0,0,0,0,0,0,0,0,0,0,0,0,0,0,0,0,0,0,0,0,25.610945,0,0,0,23.052456,0,19.599274,1,0,0,18.426208,0,0
GS,2026-06-09 11:58,열원,A2,5℃,공통,공통,#3,0,0,0,0,0,-0.103950106,0,0.38352695,0,1.8575077,0,0,0,0,0,0,0,0,0,0,0,0,0,0,0,0,0,0,0,0,0,0,0,0,0,29.697948,3.575,0,0,28.797634,0,29.028097,2.5,0,0,28.96103,0,0
GS,2026-06-09 11:58,열원,A2,5℃,공통,공통,#1,0,0,0,0,0,0,0,4.87,0,4.91,0,0,0,0,0,0,0,0,0,0,0,0,0,0,0,0,0,0,0,0,0,0,0,0,0,24.5,0,0,0,26.2,0,18.7,9.25,0,0,18.1,0,0
GG,2026-06-09 11:58,열원,P1,13℃,저층부,공통,#2,0,0,0,0,0,-2,37.25,5.0899997,21.58,5.12,21.74,0,0,0,0,0,0,0,40.6,4.98,20.98,4.98,20.98,0,0,0,0,0,0,0,0,0,0,0,0,24.85,42.7,0,0,24.949999,0,20.449999,0,0,0,20.9,0,0
GG,2026-06-09 11:58,열원,P1,13℃,저층부,공통,#3,0,0,0,0,0,0,43.399998,6.15,26.9,6.1299996,26.8,0,0,0,0,0,0,1,43.6,6.08,26.599998,6.1,26.599998,0,0,0,0,0,0,0,0,0,0,0,0,27,0,0,0,27,0,27.4,0,0,0,27.099998,0,0
GG,2026-06-09 11:58,열원,P1,13℃,저층부,공통,#1,1,1,752,0,0,70,44.1,7.98,34.8,3.3899999,11.3,0,2,1,770,0,0,77,32.899998,7.21,31.599998,3.21,10.099999,0,1,0,1,0,1,1,1,1,0,0,0,27.3,1798.3,0,192,33,3437.4502,11.9,1506.5,1,327,18.8,0,0
GG,2026-06-09 11:58,열원,P1,5℃,저층부,공통,#2,1,0,0,0,0,0,39.75,4.95,20.82,4.93,20.71,0,1,0,0,0,0,1,39.399998,4.95,20.82,4.99,21.039999,0,0,0,1,0,0,1,1,1,0,0,0,24.699999,21,0,0,25.5,0,24.699999,0,0,0,21,0,0
GG,2026-06-09 11:58,열원,P1,5℃,저층부,공통,#3,1,1,838,0,0,53,36.6,6.1299996,26.8,2.31,3.1,0,1,1,724,0,0,0,43,6.33,27.699999,3.03,8.8,0,1,0,1,0,1,1,1,1,0,0,0,23.199999,4.2,0,272,26.8,2520.4692,6.5,866.125,1,183,15.299999,0,0
GG,2026-06-09 11:58,열원,P1,5℃,저층부,공통,#1,1,1,776,0,0,39,44.2,7.3599997,32.3,2.57,5.2999997,0,0,1,851,0,0,3,48,7.71,33.7,3.05,8.9,0,1,0,1,0,1,1,1,1,0,0,0,29.5,2016,0,284,32.7,2063.3848,7.7,854.75,1,183,15,0,0
GG,2026-06-09 11:58,열원,P2,13℃,고층부,공통,#2,1,1,773,0,0,62,38.55,7.96,34.78,3.46,11.809999,25,1,1,781,0,0,95,38.649998,7.0699997,31.07,2.77,6.8399997,35,1,0,1,0,0,0,0,0,0,0,0,23.4,1785,1,212,30.099998,2579.8066,14.45,1677.7063,1,308,19.05,0,0
GG,2026-06-09 11:58,열원,P2,13℃,고층부,공통,#3,0,0,0,0,0,0,41.1,4.08,15.799999,4.02,15.429999,25,0,0,0,0,0,0,43.2,4.04,15.549999,4.0499997,15.62,25,0,0,0,0,0,0,0,0,0,0,0,23.1,22.75,0,0,24,0.8318866,16.35,5.03125,0,0,16.35,0,0
GG,2026-06-09 11:58,열원,P2,13℃,고층부,공통,#1,0,0,0,0,0,0,46.600002,3.9599998,15,3.86,14.400001,25,0,0,0,0,0,0,45.100002,3.86,14.400001,3.9299998,14.8,50,0,0,0,0,0,0,0,0,0,0,0,23.300001,0,0,0,22.800001,0,16.1,0,0,0,14.8,0,0
GG,2026-06-09 11:58,열원,P2,13℃,저층부,공통,#2,1,1,755,0,0,100,45,7.95,34.739998,2.7,6.2999997,25,1,1,722,0,0,100,40.45,7.17,31.5,2.54,5.0299997,30,0,0,1,0,0,0,0,0,0,0,0,23.8,1193.325,1,208,29.349998,2447.6929,12.849999,1706.4563,1,301,17.25,0,0
GG,2026-06-09 11:58,열원,P2,13℃,저층부,공통,#3,0,0,0,0,0,1,47.3,3.87,14.49,3.75,13.719999,50,0,0,0,0,0,1,46.95,3.9499998,14.99,3.9399998,14.929999,50,0,0,0,0,0,0,0,0,0,0,0,24.6,0,0,0,24.85,0,13.299999,0,0,0,14.349999,0,0
GG,2026-06-09 11:58,열원,P2,13℃,저층부,공통,#1,1,1,767,0,0,100,43.05,7.04,30.939999,2.69,6.22,50,1,1,668,0,0,100,38,6.3599997,27.89,2.49,4.63,55,1,0,1,0,0,0,0,0,0,0,0,23.05,2013.2,1,217,27.349998,2853.901,13.4,1843.3063,1,319,18.05,0,0
GG,2026-06-09 11:58,열원,P2,5℃,고층부,공통,#2,0,0,0,0,0,0,48.5,4.35,17.42,4.3399997,17.359999,50,0,0,0,0,0,0,50.25,4.43,17.89,4.5,18.3,40,0,0,0,0,0,0,0,0,0,0,0,23.25,1352.05,0,0,24.449999,-1.144593,25.699999,1.3,0,0,18.55,0,0
GG,2026-06-09 11:58,열원,P2,5℃,고층부,공통,#3,0,0,0,0,0,0,39.75,2.6799998,6.14,2.6499999,5.91,50,0,0,0,0,0,0,41.95,2.82,7.22,2.83,7.2999997,65,0,0,0,0,0,0,0,0,0,0,0,20.8,0,0,0,23.8,0,6.2999997,0,0,0,6.5,0,0
GG,2026-06-09 11:58,열원,P2,5℃,고층부,공통,#1,0,0,0,0,0,1,42.2,2.73,6.5299997,2.81,7.1499996,25,0,0,0,0,0,0,40.2,2.86,7.5299997,2.95,8.2,100,0,0,0,0,0,0,0,0,0,0,0,21.199999,13.825,0,0,23.85,0.70529515,6.25,2.84375,0,0,6.8999996,0,0
GG,2026-06-09 11:58,열원,P2,5℃,저층부,공통,#2,0,0,0,0,0,0,27.15,3.6599998,13.139999,3.6,12.75,85,0,0,0,0,0,1,44.95,4.0899997,15.86,4.0699997,15.74,85,0,0,0,0,0,0,0,0,0,0,0,23.35,0,0,0,23.35,0,23.65,0,0,0,16.75,0,0
GG,2026-06-09 11:58,열원,P2,5℃,저층부,공통,#3,0,0,0,0,0,0,47.55,2.9399998,8.13,2.98,8.42,100,0,0,0,0,0,0,47.8,3.1499999,9.65,3.4499998,11.74,25,0,0,0,0,0,0,0,0,0,0,0,22.35,0,0,0,24.55,0.037615728,6.7999997,0.24375,0,0,7,0,0
GG,2026-06-09 11:58,열원,P2,5℃,저층부,공통,#1,0,0,0,0,0,0,48.649998,4.41,17.779999,4.62,18.99,25,0,0,0,0,0,0,49.55,4.56,18.64,4.61,18.93,25,0,0,0,0,0,0,0,0,0,0,0,26.199999,2800,0,0,27.699999,-4.245205,26.5,2.51875,0,0,19.25,0,0
GS,2026-06-09 12:00,열원,A1,5℃,공통,공통,#2,1,1,588.18115,0,0,65,40,6.52,28.6,2.59,5.4,0,1,0,0,0,0,0,0,0,0,0,0,0,1,0,1,0,0,0,0,0,0,0,0,23.4,898.125,1,69.82048,26.7,0,5.6,362.375,1,69.42587,13.9,0,0
GS,2026-06-09 12:00,열원,A1,5℃,공통,공통,#3,1,0,0,0,0,0,40.7,5.17,22,5.18,22.05,0,1,0,0,0,0,0,40.25,5.12,21.73,5.0899997,21.57,0,1,0,0,0,0,0,0,0,0,0,0,27.15,20,0,0,28.9,0,21.449999,13.5,0,0,21.35,0,0
GS,2026-06-09 12:00,열원,A1,5℃,공통,공통,#1,1,1,1021.8423,0,0,51,40.1,6.64,29.179998,2.27,2.77,0,1,1,0,0,0,35,40.1,6.43,28.22,2.25,2.62,0,1,0,1,0,0,0,0,0,0,0,0,24.449999,1608.125,1,180.79736,28.699999,0,5,658,1,119.518196,13.299999,0,0
GS,2026-06-09 12:00,열원,A2,13℃,공통,공통,#2,0,0,0,0,0,0,0,0.5053053,0,4.7828317,0,0,0,0,0,0,0,0,0,0,0,0,0,0,0,0,0,0,0,0,0,0,0,0,0,28.305614,530.475,0,0,27.980938,0,22.103565,0.75,0,0,21.209059,0,0
GS,2026-06-09 12:00,열원,A2,13℃,공통,공통,#3,0,0,0,0,0,0,0,-0.17037296,0,3.8078926,0,0,0,0,0,0,0,0,0,0,0,0,0,0,0,0,0,0,0,0,0,0,0,0,0,30.054195,3.025,0,0,29.681486,0,29.126678,3.75,0,0,29.151419,0,0
GS,2026-06-09 12:00,열원,A2,13℃,공통,공통,#1,0,0,0,0,0,0.1019368,0,0.4723059,0,0.0928772,0,0,0,0,0,0,0,0,0,0,0,0,0,0,0,0,0,0,0,0,0,0,0,0,0,28.983776,0,0,0,28.640356,0,21.940334,6.75,0,0,21.074137,0,0
GS,2026-06-09 12:00,열원,A2,5℃,공통,공통,#2,0,0,0,0,0,0.6198347,0,-0.2645728,0,21.454239,0,0,0,0,0,0,0,0,0,0,0,0,0,0,0,0,0,0,0,0,0,0,0,0,0,25.609726,0,0,0,23.057314,0,19.606133,1.25,0,0,18.380333,0,0
GS,2026-06-09 12:00,열원,A2,5℃,공통,공통,#3,0,0,0,0,0,-0.103950106,0,0.38352695,0,1.8575077,0,0,0,0,0,0,0,0,0,0,0,0,0,0,0,0,0,0,0,0,0,0,0,0,0,29.697948,3.575,0,0,28.797634,0,29.028097,2.25,0,0,28.96103,0,0
GS,2026-06-09 12:00,열원,A2,5℃,공통,공통,#1,0,0,0,0,0,0,0,4.87,0,4.91,0,0,0,0,0,0,0,0,0,0,0,0,0,0,0,0,0,0,0,0,0,0,0,0,0,24.5,0,0,0,26.2,0,18.7,9.25,0,0,18.1,0,0
GG,2026-06-09 12:00,열원,P1,13℃,저층부,공통,#2,0,0,0,0,0,-2,37.3,5.0899997,21.58,5.12,21.74,0,0,0,0,0,0,0,40.6,4.99,21.039999,4.99,21.039999,0,0,0,0,0,0,0,0,0,0,0,0,24.85,56,0,0,24.9,0.07605704,20.4,4.6,0,0,20.9,0,0
GG,2026-06-09 12:00,열원,P1,13℃,저층부,공통,#3,0,0,0,0,0,0,43.399998,6.15,26.9,6.15,26.9,0,0,0,0,0,0,1,43.6,6.08,26.599998,6.1,26.599998,0,0,0,0,0,0,0,0,0,0,0,0,27,0,0,0,27,0,27.4,0,0,0,27.099998,0,0
GG,2026-06-09 12:00,열원,P1,13℃,저층부,공통,#1,1,1,750,0,0,67,44.1,7.94,34.7,3.3899999,11.3,0,2,1,771,0,0,77,33.1,7.19,31.599998,3.21,10.099999,0,1,0,1,0,1,1,1,1,0,0,0,27.199999,1782.9,0,192,32.8,3417.7703,11.9,1497.875,1,327,18.8,0,0
GG,2026-06-09 12:00,열원,P1,5℃,저층부,공통,#2,1,0,0,0,0,0,39.7,4.94,20.77,4.93,20.71,0,1,0,0,0,0,1,39.5,4.95,20.82,4.98,20.98,0,0,0,1,0,0,1,1,1,0,0,0,24.75,0,0,0,25.55,0,24.699999,0,0,0,21,0,0
GG,2026-06-09 12:00,열원,P1,5℃,저층부,공통,#3,1,1,840,0,0,53,36.3,6.1,26.599998,2.31,3.1,0,1,1,721,0,0,0,42.899998,6.29,27.5,3.03,8.8,0,1,0,1,0,1,1,1,1,0,0,0,23,2.8,0,273,26.599998,2517.632,6.5,865.15,1,182,15.299999,0,0
GG,2026-06-09 12:00,열원,P1,5℃,저층부,공통,#1,1,1,774,0,0,39,44,7.3199997,32.1,2.56,5.2,0,0,1,851,0,0,3,47.7,7.6699996,33.6,3.05,8.9,0,1,0,1,0,1,1,1,1,0,0,0,29.3,2009,0,284,32.6,2027.2303,7.7,828.425,1,183,15.099999,0,0
GG,2026-06-09 12:00,열원,P2,13℃,고층부,공통,#2,1,1,772,0,0,63,38.649998,7.99,34.899998,3.46,11.809999,25,1,1,780,0,0,95,38.6,7.1,31.199999,2.78,6.92,35,1,0,1,0,0,0,0,0,0,0,0,23.35,1752,1,212,30.099998,2614.9187,14.45,1682.45,1,309,19.05,0,0
GG,2026-06-09 12:00,열원,P2,13℃,고층부,공통,#3,0,0,0,0,0,0,41.1,4.08,15.799999,4.0099998,15.37,25,0,0,0,0,0,0,43.149998,4.0499997,15.62,4.0499997,15.62,25,0,0,0,0,0,0,0,0,0,0,0,23.1,21.175,0,0,24,0.760582,16.35,4.6,0,0,16.35,0,0
GG,2026-06-09 12:00,열원,P2,13℃,고층부,공통,#1,0,0,0,0,0,0,46.600002,3.9599998,15,3.86,14.400001,25,0,0,0,0,0,0,45.100002,3.86,14.400001,3.9299998,14.8,50,0,0,0,0,0,0,0,0,0,0,0,23.300001,0,0,0,22.800001,0,16.1,0,0,0,14.8,0,0
GG,2026-06-09 12:00,열원,P2,13℃,저층부,공통,#2,1,1,753,0,0,100,45,7.97,34.82,2.71,6.3799996,25,1,1,718,0,0,100,40.45,7.2,31.63,2.55,5.1099997,30,0,0,1,0,0,0,0,0,0,0,0,23.8,1237.6,1,209,29.349998,2407.2944,12.849999,1692.9437,1,300,17.199999,0,0
GG,2026-06-09 12:00,열원,P2,13℃,저층부,공통,#3,0,0,0,0,0,1,47.3,3.86,14.429999,3.75,13.719999,50,0,0,0,0,0,1,47,3.9599998,15.059999,3.9499998,14.99,50,0,0,0,0,0,0,0,0,0,0,0,24.6,0,0,0,24.9,0,13.25,0,0,0,14.349999,0,0
GG,2026-06-09 12:00,열원,P2,13℃,저층부,공통,#1,1,1,767,0,0,100,43,7.0499997,30.99,2.69,6.22,50,1,1,668,0,0,100,38,6.37,27.939999,2.5,4.71,55,1,0,1,0,0,0,0,0,0,0,0,23,2031.225,1,217,27.349998,2853.6802,13.299999,1855.8125,1,319,18,0,0
GG,2026-06-09 12:00,열원,P2,5℃,고층부,공통,#2,0,0,0,0,0,0,48.5,4.35,17.42,4.35,17.42,50,0,0,0,0,0,0,50.25,4.42,17.83,4.5099998,18.359999,40,0,0,0,0,0,0,0,0,0,0,0,23.25,1353.45,0,0,24.449999,-3.5063243,25.75,1.4625,0,0,18.449999,0,0
GG,2026-06-09 12:00,열원,P2,5℃,고층부,공통,#3,0,0,0,0,0,0,39.7,2.69,6.22,2.6699998,6.06,50,0,0,0,0,0,0,41.95,2.83,7.2999997,2.82,7.22,65,0,0,0,0,0,0,0,0,0,0,0,20.8,0,0,0,23.8,0,6.25,0,0,0,6.5,0,0
GG,2026-06-09 12:00,열원,P2,5℃,고층부,공통,#1,0,0,0,0,0,1,42.25,2.74,6.6099997,2.81,7.1499996,25,0,0,0,0,0,0,40.25,2.84,7.37,2.95,8.2,100,0,0,0,0,0,0,0,0,0,0,0,21.199999,10.85,0,0,23.85,0.56423616,6.25,2.275,0,0,6.8999996,0,0
GG,2026-06-09 12:00,열원,P2,5℃,저층부,공통,#2,0,0,0,0,0,0,27.15,3.6499999,13.07,3.6,12.75,85,0,0,0,0,0,1,44.95,4.0899997,15.86,4.0499997,15.62,85,0,0,0,0,0,0,0,0,0,0,0,23.3,0,0,0,23.35,0,23.65,0,0,0,16.75,0,0
GG,2026-06-09 12:00,열원,P2,5℃,저층부,공통,#3,0,0,0,0,0,0,47.55,2.95,8.2,2.96,8.2699995,100,0,0,0,0,0,0,47.8,3.1599998,9.73,3.4399998,11.67,25,0,0,0,0,0,0,0,0,0,0,0,22.35,0,0,0,24.55,0.0752315,6.7999997,0.56875,0,0,7.0499997,0,0
GG,2026-06-09 12:00,열원,P2,5℃,저층부,공통,#1,0,0,0,0,0,0,48.649998,4.41,17.779999,4.61,18.93,25,0,0,0,0,0,0,49.55,4.56,18.64,4.61,18.93,25,0,0,0,0,0,0,0,0,0,0,0,26.199999,2800,0,0,27.75,-11.107391,26.5,4.225,0,0,19.25,0,0
GS,2026-06-09 12:01,열원,A1,5℃,공통,공통,#2,1,1,588.18115,0,0,65,39.9,6.51,28.6,2.59,5.4,0,1,0,0,0,0,0,0,0,0,0,0,0,1,0,1,0,0,0,0,0,0,0,0,23.3,913.125,1,69.82048,26.6,0,5.6,357.625,1,69.42587,13.8,0,0
GS,2026-06-09 12:01,열원,A1,5℃,공통,공통,#3,1,0,0,0,0,0,40.7,5.16,21.939999,5.18,22.05,0,1,0,0,0,0,0,40.3,5.12,21.73,5.0899997,21.57,0,1,0,0,0,0,0,0,0,0,0,0,27.199999,20,0,0,28.849998,0,21.5,8,0,0,21.4,0,0
GS,2026-06-09 12:01,열원,A1,5℃,공통,공통,#1,1,1,1020.6771,0,0,51,40.1,6.6299996,29.13,2.27,2.77,0,1,1,0,0,0,35,40.1,6.44,28.26,2.24,2.53,0,1,0,1,0,0,0,0,0,0,0,0,24.449999,1595.625,1,181.78804,28.699999,0,4.95,669.25,1,119.31939,13.299999,0,0
GS,2026-06-09 12:01,열원,A2,13℃,공통,공통,#2,0,0,0,0,0,0,0,0.5053053,0,4.7828317,0,0,0,0,0,0,0,0,0,0,0,0,0,0,0,0,0,0,0,0,0,0,0,0,0,28.305614,533.225,0,0,27.980938,0,22.103565,0.75,0,0,21.209059,0,0
GS,2026-06-09 12:01,열원,A2,13℃,공통,공통,#3,0,0,0,0,0,0,0,-0.17037296,0,3.8078926,0,0,0,0,0,0,0,0,0,0,0,0,0,0,0,0,0,0,0,0,0,0,0,0,0,30.054195,3.025,0,0,29.681486,0,29.126678,3.75,0,0,29.151419,0,0
GS,2026-06-09 12:01,열원,A2,13℃,공통,공통,#1,0,0,0,0,0,0.1019368,0,0.4723059,0,0.0928772,0,0,0,0,0,0,0,0,0,0,0,0,0,0,0,0,0,0,0,0,0,0,0,0,0,28.983776,0,0,0,28.640356,0,21.940334,6.5,0,0,21.074137,0,0
GS,2026-06-09 12:01,열원,A2,5℃,공통,공통,#2,0,0,0,0,0,0.6198347,0,-0.2645728,0,21.454239,0,0,0,0,0,0,0,0,0,0,0,0,0,0,0,0,0,0,0,0,0,0,0,0,0,25.610947,0,0,0,23.0552,0,19.599384,1.25,0,0,18.32845,0,0
GS,2026-06-09 12:01,열원,A2,5℃,공통,공통,#3,0,0,0,0,0,-0.103950106,0,0.38352695,0,1.8575077,0,0,0,0,0,0,0,0,0,0,0,0,0,0,0,0,0,0,0,0,0,0,0,0,0,29.697948,3.025,0,0,28.797634,0,29.028097,2.25,0,0,28.96103,0,0
GS,2026-06-09 12:01,열원,A2,5℃,공통,공통,#1,0,0,0,0,0,0,0,4.87,0,4.91,0,0,0,0,0,0,0,0,0,0,0,0,0,0,0,0,0,0,0,0,0,0,0,0,0,24.5,0,0,0,26.2,0,18.7,9.25,0,0,18.1,0,0
GG,2026-06-09 12:01,열원,P1,13℃,저층부,공통,#2,0,0,0,0,0,-2,37.3,5.0899997,21.58,5.12,21.74,0,0,0,0,0,0,0,40.55,4.99,21.039999,4.97,20.93,0,0,0,0,0,0,0,0,0,0,0,0,24.9,45.5,0,0,24.949999,0.04753565,20.4,2.875,0,0,20.9,0,0
GG,2026-06-09 12:01,열원,P1,13℃,저층부,공통,#3,0,0,0,0,0,0,43.399998,6.15,26.9,6.1299996,26.8,0,0,0,0,0,0,1,43.6,6.08,26.599998,6.1,26.599998,0,0,0,0,0,0,0,0,0,0,0,0,27,0,0,0,27,0,27.4,0,0,0,27.099998,0,0
GG,2026-06-09 12:01,열원,P1,13℃,저층부,공통,#1,1,1,744,0,0,67,44.1,7.93,34.6,3.3899999,11.3,0,2,1,770,0,0,77,33,7.18,31.5,3.1899998,9.9,0,1,0,1,0,1,1,1,1,0,0,0,27.099998,1806,0,192,32.8,3462.3784,11.9,1517.425,1,327,18.8,0,0
GG,2026-06-09 12:01,열원,P1,5℃,저층부,공통,#2,1,0,0,0,0,0,39.75,4.95,20.82,4.94,20.77,0,1,0,0,0,0,1,39.45,4.92,20.66,5.0099998,21.15,0,0,0,1,0,0,1,1,1,0,0,0,24.75,4.9,0,0,25.5,-5.7175946,24.75,4.55,0,0,20.949999,0,0
GG,2026-06-09 12:01,열원,P1,5℃,저층부,공통,#3,1,1,838,0,0,53,36.2,6.08,26.599998,2.31,3.1,0,1,1,719,0,0,0,42.8,6.2599998,27.4,3.03,8.8,0,1,0,1,0,1,1,1,1,0,0,0,22.8,4.2,0,273,26.5,2535.72,6.5,861.575,1,182,15.4,0,0
GG,2026-06-09 12:01,열원,P1,5℃,저층부,공통,#1,1,1,771,0,0,39,43.899998,7.29,32,2.56,5.2,0,0,1,846,0,0,3,47.7,7.6299996,33.399998,3.05,8.9,0,1,0,1,0,1,1,1,1,0,0,0,29.199999,2058,0,284,32.5,2067.791,7.7,845,1,183,15.099999,0,0
GG,2026-06-09 12:01,열원,P2,13℃,고층부,공통,#2,1,1,775,0,0,62,38.649998,7.99,34.899998,3.47,11.88,25,1,1,781,0,0,95,38.649998,7.1099997,31.25,2.78,6.92,35,1,0,1,0,0,0,0,0,0,0,0,23.449999,1751.4375,1,212,30.15,2598.3857,14.45,1671.8125,1,308,19.05,0,0
GG,2026-06-09 12:01,열원,P2,13℃,고층부,공통,#3,0,0,0,0,0,0,41.05,4.0699997,15.74,4.02,15.429999,25,0,0,0,0,0,0,43.1,4.0499997,15.62,4.06,15.679999,25,0,0,0,0,0,0,0,0,0,0,0,23.1,39.9,0,0,24.05,0.862784,16.35,4.74375,0,0,16.35,0,0
GG,2026-06-09 12:01,열원,P2,13℃,고층부,공통,#1,0,0,0,0,0,0,46.5,3.9599998,15,3.86,14.400001,25,0,0,0,0,0,0,45.2,3.86,14.400001,3.9299998,14.8,50,0,0,0,0,0,0,0,0,0,0,0,23.300001,0,0,0,22.800001,0,16.1,0,0,0,14.8,0,0
GG,2026-06-09 12:01,열원,P2,13℃,저층부,공통,#2,1,1,749,0,0,100,45,7.96,34.78,2.71,6.3799996,25,1,1,716,0,0,100,40.45,7.18,31.55,2.54,5.0299997,30,0,0,1,0,0,0,0,0,0,0,0,23.8,1029.7,1,208,29.349998,2486.4946,12.799999,1720.1125,1,301,17.199999,0,0
GG,2026-06-09 12:01,열원,P2,13℃,저층부,공통,#3,0,0,0,0,0,1,47.35,3.86,14.429999,3.75,13.719999,50,0,0,0,0,0,1,47,3.9599998,15.059999,3.9399998,14.929999,50,0,0,0,0,0,0,0,0,0,0,0,24.6,27.475,0,0,24.85,0,13.299999,0,0,0,14.299999,0,0
GG,2026-06-09 12:01,열원,P2,13℃,저층부,공통,#1,1,1,767,0,0,100,43,7.04,30.939999,2.69,6.22,50,1,1,668,0,0,100,38,6.3599997,27.89,2.5,4.71,55,1,0,1,0,0,0,0,0,0,0,0,23,2017.925,1,217,27.349998,2877.4385,13.299999,1856.9625,1,319,18.05,0,0
GG,2026-06-09 12:01,열원,P2,5℃,고층부,공통,#2,0,0,0,0,0,0,48.5,4.35,17.42,4.3399997,17.359999,50,0,0,0,0,0,0,50.25,4.42,17.83,4.49,18.24,40,0,0,0,0,0,0,0,0,0,0,0,23.199999,1345.05,0,0,24.449999,-1.947958,25.75,0.975,0,0,18.449999,0,0
GG,2026-06-09 12:01,열원,P2,5℃,고층부,공통,#3,0,0,0,0,0,0,39.7,2.69,6.22,2.6499999,5.91,50,0,0,0,0,0,0,41.95,2.82,7.22,2.83,7.2999997,65,0,0,0,0,0,0,0,0,0,0,0,20.8,0,0,0,23.8,0,6.25,0,0,0,6.5,0,0
GG,2026-06-09 12:01,열원,P2,5℃,고층부,공통,#1,0,0,0,0,0,1,42.25,2.74,6.6099997,2.81,7.1499996,25,0,0,0,0,0,0,40.25,2.85,7.45,2.95,8.2,100,0,0,0,0,0,0,0,0,0,0,0,21.199999,9.975,0,0,23.85,0.56423616,6.25,2.275,0,0,6.8999996,0,0
GG,2026-06-09 12:01,열원,P2,5℃,저층부,공통,#2,0,0,0,0,0,0,27.15,3.6499999,13.07,3.59,12.679999,85,0,0,0,0,0,1,44.95,4.1,15.92,4.06,15.679999,85,0,0,0,0,0,0,0,0,0,0,0,23.35,0,0,0,23.3,0,23.65,0,0,0,16.75,0,0
GG,2026-06-09 12:01,열원,P2,5℃,저층부,공통,#3,0,0,0,0,0,0,47.55,2.9299998,8.05,2.96,8.2699995,100,0,0,0,0,0,0,47.8,3.1699998,9.8,3.4499998,11.74,25,0,0,0,0,0,0,0,0,0,0,0,22.35,0,0,0,24.6,0.042989425,6.7999997,0.08125,0,0,7.0499997,0,0
GG,2026-06-09 12:01,열원,P2,5℃,저층부,공통,#1,0,0,0,0,0,0,48.649998,4.42,17.83,4.61,18.93,25,0,0,0,0,0,0,49.5,4.5499997,18.59,4.61,18.93,25,0,0,0,0,0,0,0,0,0,0,0,26.15,2800,0,0,27.75,-18.156313,26.5,4.7125,0,0,19.199999,0,0
GS,2026-06-09 12:02,열원,A1,5℃,공통,공통,#2,1,1,582.1657,0,0,64,39.9,6.51,28.6,2.59,5.4,0,1,0,0,0,0,0,0,0,0,0,0,0,1,0,1,0,0,0,0,0,0,0,0,23.3,917.625,1,69.82048,26.6,0,5.6,358.75,1,69.42587,13.9,0,0
GS,2026-06-09 12:02,열원,A1,5℃,공통,공통,#3,1,0,0,0,0,0,40.7,5.16,21.939999,5.18,22.05,0,1,0,0,0,0,0,40.3,5.12,21.73,5.0899997,21.57,0,1,0,0,0,0,0,0,0,0,0,0,27.199999,20,0,0,28.849998,0,21.5,15,0,0,21.35,0,0
GS,2026-06-09 12:02,열원,A1,5℃,공통,공통,#1,1,1,1016.4668,0,0,51,40.1,6.6299996,29.13,2.28,2.86,0,1,1,0,0,0,35,40.05,6.3999996,28.08,2.25,2.62,0,1,0,1,0,0,0,0,0,0,0,0,24.449999,1578.75,1,179.64964,28.65,0,5.0499997,680,1,119.9501,13.299999,0,0
GS,2026-06-09 12:02,열원,A2,13℃,공통,공통,#2,0,0,0,0,0,0,0,0.5053053,0,4.7828317,0,0,0,0,0,0,0,0,0,0,0,0,0,0,0,0,0,0,0,0,0,0,0,0,0,28.305614,531.575,0,0,27.980938,0,22.103565,0.75,0,0,21.209059,0,0
GS,2026-06-09 12:02,열원,A2,13℃,공통,공통,#3,0,0,0,0,0,0,0,-0.17037296,0,3.8078926,0,0,0,0,0,0,0,0,0,0,0,0,0,0,0,0,0,0,0,0,0,0,0,0,0,30.054195,3.3,0,0,29.681486,0,29.126678,3.75,0,0,29.151419,0,0
GS,2026-06-09 12:02,열원,A2,13℃,공통,공통,#1,0,0,0,0,0,0.1019368,0,0.4723059,0,0.0928772,0,0,0,0,0,0,0,0,0,0,0,0,0,0,0,0,0,0,0,0,0,0,0,0,0,28.983776,0,0,0,28.640356,0,21.940334,6.75,0,0,21.074137,0,0
GS,2026-06-09 12:02,열원,A2,5℃,공통,공통,#2,0,0,0,0,0,0.6198347,0,-0.2645728,0,21.454239,0,0,0,0,0,0,0,0,0,0,0,0,0,0,0,0,0,0,0,0,0,0,0,0,0,25.610947,0,0,0,23.048191,0,19.599249,1,0,0,18.230703,0,0
GS,2026-06-09 12:02,열원,A2,5℃,공통,공통,#3,0,0,0,0,0,-0.103950106,0,0.38352695,0,1.8575077,0,0,0,0,0,0,0,0,0,0,0,0,0,0,0,0,0,0,0,0,0,0,0,0,0,29.697948,3.3,0,0,28.797634,0,29.028097,2.5,0,0,28.96103,0,0
GS,2026-06-09 12:02,열원,A2,5℃,공통,공통,#1,0,0,0,0,0,0,0,4.87,0,4.91,0,0,0,0,0,0,0,0,0,0,0,0,0,0,0,0,0,0,0,0,0,0,0,0,0,24.5,0,0,0,26.2,0,18.7,9.25,0,0,18.1,0,0
GG,2026-06-09 12:02,열원,P1,13℃,저층부,공통,#2,0,0,0,0,0,-2,37.3,5.0899997,21.58,5.12,21.74,0,0,0,0,0,0,0,40.55,5,21.09,4.98,20.98,0,0,0,0,0,0,0,0,0,0,0,0,24.9,57.4,0,0,24.9,0.01901426,20.449999,2.875,0,0,20.9,0,0
GG,2026-06-09 12:02,열원,P1,13℃,저층부,공통,#3,0,0,0,0,0,0,43.399998,6.15,26.9,6.15,26.9,0,0,0,0,0,0,1,43.6,6.08,26.599998,6.12,26.699999,0,0,0,0,0,0,0,0,0,0,0,0,27,0,0,0,27,0,27.4,0,0,0,27.099998,0,0
GG,2026-06-09 12:02,열원,P1,13℃,저층부,공통,#1,1,1,744,0,0,67,44.1,7.93,34.6,3.3899999,11.3,0,2,1,771,0,0,77,33,7.18,31.5,3.21,10.099999,0,1,0,1,0,1,1,1,1,0,0,0,27.099998,1812.3,0,192,32.8,3454.506,11.9,1514.55,1,326,18.8,0,0
GG,2026-06-09 12:02,열원,P1,5℃,저층부,공통,#2,1,0,0,0,0,0,39.8,4.95,20.82,4.93,20.71,0,1,0,0,0,0,1,39.5,4.91,20.6,4.99,21.039999,0,0,0,1,0,0,1,1,1,0,0,0,24.699999,0,0,0,25.55,0,24.75,0,0,0,21,0,0
GG,2026-06-09 12:02,열원,P1,5℃,저층부,공통,#3,1,1,835,0,0,53,36.2,6.0699997,26.5,2.3,3,0,1,1,719,0,0,0,42.7,6.2599998,27.4,3.03,8.8,0,1,0,1,0,1,1,1,1,0,0,0,22.8,2.1,0,272,26.4,2516.5896,6.5,853.775,1,181,15.4,0,0
GG,2026-06-09 12:02,열원,P1,5℃,저층부,공통,#1,1,1,770,0,0,39,43.8,7.2599998,31.9,2.56,5.2,0,0,1,847,0,0,3,47.6,7.62,33.399998,3.05,8.9,0,1,0,1,0,1,1,1,1,0,0,0,29.099998,2061.5,0,285,32.399998,2078.925,7.7,855.075,1,183,15.099999,0,0
GG,2026-06-09 12:02,열원,P2,13℃,고층부,공통,#2,1,1,776,0,0,62,38.649998,7.97,34.82,3.46,11.809999,25,1,1,783,0,0,95,38.6,7.1,31.199999,2.78,6.92,35,1,0,1,0,0,0,0,0,0,0,0,23.4,1773.75,1,212,30.099998,2623.6323,14.45,1688.0563,1,308,19.05,0,0
GG,2026-06-09 12:02,열원,P2,13℃,고층부,공통,#3,0,0,0,0,0,0,41.05,4.08,15.799999,4.0099998,15.37,25,0,0,0,0,0,0,43.1,4.0499997,15.62,4.0499997,15.62,25,0,0,0,0,0,0,0,0,0,0,0,23.1,42.7,0,0,24,0.71304566,16.35,4.3125,0,0,16.4,0,0
GG,2026-06-09 12:02,열원,P2,13℃,고층부,공통,#1,0,0,0,0,0,0,46.5,3.9599998,15,3.86,14.400001,25,0,0,0,0,0,0,45.2,3.86,14.400001,3.9299998,14.8,50,0,0,0,0,0,0,0,0,0,0,0,23.300001,0,0,0,22.800001,0,16.1,0,0,0,14.8,0,0
GG,2026-06-09 12:02,열원,P2,13℃,저층부,공통,#2,1,1,752,0,0,100,45,7.96,34.78,2.72,6.45,25,1,1,716,0,0,100,40.55,7.19,31.59,2.55,5.1099997,30,0,0,1,0,0,0,0,0,0,0,0,23.75,976.15,1,208,29.349998,2505.528,12.799999,1721.9812,1,300,17.25,0,0
GG,2026-06-09 12:02,열원,P2,13℃,저층부,공통,#3,0,0,0,0,0,1,47.35,3.87,14.49,3.75,13.719999,50,0,0,0,0,0,1,47,3.9599998,15.059999,3.9299998,14.87,50,0,0,0,0,0,0,0,0,0,0,0,24.6,26.425,0,0,24.85,0,13.25,0,0,0,14.349999,0,0
GG,2026-06-09 12:02,열원,P2,13℃,저층부,공통,#1,1,1,765,0,0,100,43,7.04,30.939999,2.69,6.22,50,1,1,666,0,0,100,38,6.3599997,27.89,2.49,4.63,55,1,0,1,0,0,0,0,0,0,0,0,23,2033.5,1,216,27.349998,2903.5793,13.25,1868.175,1,320,18,0,0
GG,2026-06-09 12:02,열원,P2,5℃,고층부,공통,#2,0,0,0,0,0,0,48.5,4.35,17.42,4.35,17.42,50,0,0,0,0,0,0,50.25,4.43,17.89,4.5,18.3,40,0,0,0,0,0,0,0,0,0,0,0,23.199999,1347.325,0,0,24.449999,-2.127976,25.699999,0.89375,0,0,18.449999,0,0
GG,2026-06-09 12:02,열원,P2,5℃,고층부,공통,#3,0,0,0,0,0,0,39.649998,2.6799998,6.14,2.6599998,5.99,50,0,0,0,0,0,0,41.95,2.83,7.2999997,2.84,7.37,65,0,0,0,0,0,0,0,0,0,0,0,20.8,0,0,0,23.8,0,6.2999997,0,0,0,6.5,0,0
GG,2026-06-09 12:02,열원,P2,5℃,고층부,공통,#1,0,0,0,0,0,0,42.3,2.75,6.69,2.81,7.1499996,25,0,0,0,0,0,0,40.25,2.84,7.37,2.95,8.2,100,0,0,0,0,0,0,0,0,0,0,0,21.199999,14.175,0,0,23.85,0.56423634,6.2999997,2.4375,0,0,6.8999996,0,0
GG,2026-06-09 12:02,열원,P2,5℃,저층부,공통,#2,0,0,0,0,0,0,27.15,3.6499999,13.07,3.6,12.75,85,0,0,0,0,0,1,44.95,4.08,15.799999,4.0499997,15.62,85,0,0,0,0,0,0,0,0,0,0,0,23.35,0,0,0,23.35,0,23.65,0,0,0,16.75,0,0
GG,2026-06-09 12:02,열원,P2,5℃,저층부,공통,#3,0,0,0,0,0,0,47.55,2.95,8.2,2.96,8.2699995,100,0,0,0,0,0,0,47.8,3.1499999,9.65,3.4399998,11.67,25,0,0,0,0,0,0,0,0,0,0,0,22.35,0,0,0,24.55,0.028211799,6.7999997,0.24375,0,0,7.0499997,0,0
GG,2026-06-09 12:02,열원,P2,5℃,저층부,공통,#1,0,0,0,0,0,0,48.649998,4.41,17.779999,4.62,18.99,25,0,0,0,0,0,0,49.55,4.56,18.64,4.61,18.93,25,0,0,0,0,0,0,0,0,0,0,0,26.199999,2800,0,0,27.75,-6.194507,26.5,2.35625,0,0,19.15,0,0
GS,2026-06-09 12:03,열원,A1,5℃,공통,공통,#2,1,1,585.958,0,0,64,39.9,6.52,28.6,2.59,5.4,0,1,0,0,0,0,0,0,0,0,0,0,0,1,0,1,0,0,0,0,0,0,0,0,23.3,921.375,1,69.31729,26.6,0,5.6,360.25,1,69.42587,13.9,0,0
GS,2026-06-09 12:03,열원,A1,5℃,공통,공통,#3,1,0,0,0,0,0,40.649998,5.16,21.939999,5.18,22.05,0,1,0,0,0,0,0,40.35,5.12,21.73,5.0899997,21.57,0,1,0,0,0,0,0,0,0,0,0,0,27.15,20,0,0,28.9,0,21.449999,13,0,0,21.4,0,0
GS,2026-06-09 12:03,열원,A1,5℃,공통,공통,#1,1,1,1017.8874,0,0,53,40.1,6.6299996,29.13,2.27,2.77,0,1,1,0,0,0,35,40.05,6.39,28.029999,2.23,2.45,0,1,0,1,0,0,0,0,0,0,0,0,24.449999,1586.875,1,180.82309,28.65,0,5,661.75,1,118.905876,13.299999,0,0
GS,2026-06-09 12:03,열원,A2,13℃,공통,공통,#2,0,0,0,0,0,0,0,0.5053053,0,4.7828317,0,0,0,0,0,0,0,0,0,0,0,0,0,0,0,0,0,0,0,0,0,0,0,0,0,28.305614,532.675,0,0,27.980938,0,22.103565,1.25,0,0,21.209059,0,0
GS,2026-06-09 12:03,열원,A2,13℃,공통,공통,#3,0,0,0,0,0,0,0,-0.17037296,0,3.8078926,0,0,0,0,0,0,0,0,0,0,0,0,0,0,0,0,0,0,0,0,0,0,0,0,0,30.054195,3.025,0,0,29.681486,0,29.126678,3.75,0,0,29.151419,0,0
GS,2026-06-09 12:03,열원,A2,13℃,공통,공통,#1,0,0,0,0,0,0.1019368,0,0.4723059,0,0.0928772,0,0,0,0,0,0,0,0,0,0,0,0,0,0,0,0,0,0,0,0,0,0,0,0,0,28.983776,0,0,0,28.640356,0,21.940334,6.25,0,0,21.074137,0,0
GS,2026-06-09 12:03,열원,A2,5℃,공통,공통,#2,0,0,0,0,0,0.6198347,0,-0.2645728,0,21.454239,0,0,0,0,0,0,0,0,0,0,0,0,0,0,0,0,0,0,0,0,0,0,0,0,0,25.610947,0,0,0,23.0413,0,19.599705,1.25,0,0,18.32727,0,0
GS,2026-06-09 12:03,열원,A2,5℃,공통,공통,#3,0,0,0,0,0,-0.103950106,0,0.38352695,0,1.8575077,0,0,0,0,0,0,0,0,0,0,0,0,0,0,0,0,0,0,0,0,0,0,0,0,0,29.697948,3.3,0,0,28.797634,0,29.028097,2.25,0,0,28.96103,0,0
GS,2026-06-09 12:03,열원,A2,5℃,공통,공통,#1,0,0,0,0,0,0,0,4.87,0,4.91,0,0,0,0,0,0,0,0,0,0,0,0,0,0,0,0,0,0,0,0,0,0,0,0,0,24.5,0,0,0,26.2,0,18.7,9.25,0,0,18.1,0,0
GG,2026-06-09 12:03,열원,P1,13℃,저층부,공통,#2,0,0,0,0,0,-2,37.35,5.0899997,21.58,5.12,21.74,0,0,0,0,0,0,0,40.6,5,21.09,4.97,20.93,0,0,0,0,0,0,0,0,0,0,0,0,24.9,63.7,0,0,24.949999,0,20.449999,0,0,0,20.9,0,0
GG,2026-06-09 12:03,열원,P1,13℃,저층부,공통,#3,0,0,0,0,0,0,43.399998,6.15,26.9,6.15,26.9,0,0,0,0,0,0,1,43.6,6.08,26.599998,6.1,26.599998,0,0,0,0,0,0,0,0,0,0,0,0,27,0,0,0,27,0,27.4,0,0,0,27.099998,0,0
GG,2026-06-09 12:03,열원,P1,13℃,저층부,공통,#1,1,1,744,0,0,67,44,7.94,34.7,3.3899999,11.3,0,2,1,769,0,0,77,32.899998,7.18,31.5,3.21,10.099999,0,1,0,1,0,1,1,1,1,0,0,0,27.099998,1789.9,0,192,32.7,3416.4583,11.9,1503.625,1,326,18.8,0,0
GG,2026-06-09 12:03,열원,P1,5℃,저층부,공통,#2,1,0,0,0,0,0,39.75,4.95,20.82,4.93,20.71,0,1,0,0,0,0,1,39.5,4.93,20.71,4.99,21.039999,0,0,0,1,0,0,1,1,1,0,0,0,24.699999,3.5,0,0,25.55,0,24.699999,0,0,0,21.05,0,0
GG,2026-06-09 12:03,열원,P1,5℃,저층부,공통,#3,1,1,835,0,0,53,36.1,6.0699997,26.5,2.3,3,0,1,1,718,0,0,0,42.7,6.25,27.4,3.01,8.599999,0,1,0,1,0,1,1,1,1,0,0,0,22.699999,4.9,0,273,26.4,2555.506,6.3999996,857.675,1,181,15.4,0,0
GG,2026-06-09 12:03,열원,P1,5℃,저층부,공통,#1,1,1,767,0,0,39,43.6,7.22,31.699999,2.54,5,0,0,1,844,0,0,3,47.399998,7.58,33.2,3.03,8.8,0,1,0,1,0,1,1,1,1,0,0,0,29,2037.7,0,284,32.3,2054.6252,7.6,814.125,1,182,15.099999,0,0
GG,2026-06-09 12:03,열원,P2,13℃,고층부,공통,#2,1,1,773,0,0,62,38.7,7.97,34.82,3.47,11.88,25,1,1,781,0,0,95,38.649998,7.0899997,31.16,2.78,6.92,35,1,0,1,0,0,0,0,0,0,0,0,23.4,1755.75,1,211,30.099998,2592.4055,14.5,1685.9,1,308,19.05,0,0
GG,2026-06-09 12:03,열원,P2,13℃,고층부,공통,#3,0,0,0,0,0,0,41.05,4.08,15.799999,4.02,15.429999,25,0,0,0,0,0,0,43.05,4.04,15.549999,4.0499997,15.62,25,0,0,0,0,0,0,0,0,0,0,0,23.1,28.525,0,0,24,0.941219,16.35,5.175,0,0,16.35,0,0
GG,2026-06-09 12:03,열원,P2,13℃,고층부,공통,#1,0,0,0,0,0,0,46.5,3.9599998,15,3.86,14.400001,25,0,0,0,0,0,0,45.2,3.86,14.400001,3.9299998,14.8,50,0,0,0,0,0,0,0,0,0,0,0,23.300001,0,0,0,22.800001,0,16.1,0,0,0,14.900001,0,0
GG,2026-06-09 12:03,열원,P2,13℃,저층부,공통,#2,1,1,751,0,0,100,45,7.94,34.7,2.7,6.2999997,25,1,1,719,0,0,100,40.55,7.17,31.5,2.54,5.0299997,30,0,0,1,0,0,0,0,0,0,0,0,23.75,1115.1,1,209,29.3,2473.954,12.849999,1726.0062,1,301,17.199999,0,0
GG,2026-06-09 12:03,열원,P2,13℃,저층부,공통,#3,0,0,0,0,0,1,47.399998,3.86,14.429999,3.74,13.66,50,0,0,0,0,0,1,47.05,3.9499998,14.99,3.9499998,14.99,50,0,0,0,0,0,0,0,0,0,0,0,24.6,4.55,0,0,24.85,0,13.25,0,0,0,14.349999,0,0
GG,2026-06-09 12:03,열원,P2,13℃,저층부,공통,#1,1,1,766,0,0,100,43,7.04,30.939999,2.6799998,6.14,50,1,1,666,0,0,100,38,6.3599997,27.89,2.5,4.71,55,1,0,1,0,0,0,0,0,0,0,0,22.949999,2038.4,1,216,27.3,2789.5774,13.349999,1851.2125,1,320,18,0,0
GG,2026-06-09 12:03,열원,P2,5℃,고층부,공통,#2,0,0,0,0,0,0,48.5,4.35,17.42,4.35,17.42,50,0,0,0,0,0,0,50.25,4.42,17.83,4.5099998,18.359999,40,0,0,0,0,0,0,0,0,0,0,0,23.199999,1344.7,0,0,24.5,-0.5803571,25.699999,0.4875,0,0,18.5,0,0
GG,2026-06-09 12:03,열원,P2,5℃,고층부,공통,#3,0,0,0,0,0,0,39.649998,2.6799998,6.14,2.6599998,5.99,50,0,0,0,0,0,0,41.95,2.82,7.22,2.83,7.2999997,65,0,0,0,0,0,0,0,0,0,0,0,20.8,0,0,0,23.8,0,6.25,0,0,0,6.5,0,0
GG,2026-06-09 12:03,열원,P2,5℃,고층부,공통,#1,0,0,0,0,0,1,42.3,2.75,6.69,2.81,7.1499996,25,0,0,0,0,0,0,40.3,2.85,7.45,2.95,8.2,100,0,0,0,0,0,0,0,0,0,0,0,21.199999,5.075,0,0,23.85,0.58304423,6.2999997,2.51875,0,0,6.8999996,0,0
GG,2026-06-09 12:03,열원,P2,5℃,저층부,공통,#2,0,0,0,0,0,0,27.15,3.6499999,13.07,3.6,12.75,85,0,0,0,0,0,1,45,4.0899997,15.86,4.0499997,15.62,85,0,0,0,0,0,0,0,0,0,0,0,23.3,0,0,0,23.35,0,23.65,0,0,0,16.75,0,0
GG,2026-06-09 12:03,열원,P2,5℃,저층부,공통,#3,0,0,0,0,0,0,47.55,2.9399998,8.13,2.96,8.2699995,100,0,0,0,0,0,0,47.8,3.1499999,9.65,3.4399998,11.67,25,0,0,0,0,0,0,0,0,0,0,0,22.35,0,0,0,24.55,0,6.7999997,0,0,0,7,0,0
GG,2026-06-09 12:03,열원,P2,5℃,저층부,공통,#1,0,0,0,0,0,0,48.649998,4.43,17.89,4.61,18.93,25,0,0,0,0,0,0,49.55,4.5499997,18.59,4.61,18.93,25,0,0,0,0,0,0,0,0,0,0,0,26.199999,2800,0,0,27.75,-11.82209,26.5,6.825,0,0,19.199999,0,0
GS,2026-06-09 12:04,열원,A1,5℃,공통,공통,#2,1,1,587.516,0,0,64,39.9,6.52,28.6,2.59,5.4,0,1,0,0,0,0,0,0,0,0,0,0,0,1,0,1,0,0,0,0,0,0,0,0,23.3,907.875,1,69.31729,26.7,0,5.6,360.375,1,69.42587,13.9,0,0
GS,2026-06-09 12:04,열원,A1,5℃,공통,공통,#3,1,0,0,0,0,0,40.649998,5.16,21.939999,5.19,22.1,0,1,0,0,0,0,0,40.399998,5.12,21.73,5.0899997,21.57,0,1,0,0,0,0,0,0,0,0,0,0,27.15,20,0,0,28.849998,0,21.5,12.25,0,0,21.35,0,0
GS,2026-06-09 12:04,열원,A1,5℃,공통,공통,#1,1,1,1020.4511,0,0,53,40.05,6.6299996,29.13,2.27,2.77,0,1,1,0,0,0,35,40.05,6.39,28.029999,2.25,2.62,0,1,0,1,0,0,0,0,0,0,0,0,24.4,1576.25,1,179.97192,28.65,0,5,664.25,1,120.02187,13.299999,0,0
GS,2026-06-09 12:04,열원,A2,13℃,공통,공통,#2,0,0,0,0,0,0,0,0.5053053,0,4.7828317,0,0,0,0,0,0,0,0,0,0,0,0,0,0,0,0,0,0,0,0,0,0,0,0,0,28.305614,533.225,0,0,27.980938,0,22.103565,1,0,0,21.209059,0,0
GS,2026-06-09 12:04,열원,A2,13℃,공통,공통,#3,0,0,0,0,0,0,0,-0.17037296,0,3.8078926,0,0,0,0,0,0,0,0,0,0,0,0,0,0,0,0,0,0,0,0,0,0,0,0,0,30.054195,3.025,0,0,29.681486,0,29.126678,3.75,0,0,29.151419,0,0
GS,2026-06-09 12:04,열원,A2,13℃,공통,공통,#1,0,0,0,0,0,0.1019368,0,0.4723059,0,0.0928772,0,0,0,0,0,0,0,0,0,0,0,0,0,0,0,0,0,0,0,0,0,0,0,0,0,28.983776,0,0,0,28.640356,0,21.940334,6.75,0,0,21.074137,0,0
GS,2026-06-09 12:04,열원,A2,5℃,공통,공통,#2,0,0,0,0,0,0.6198347,0,-0.2645728,0,21.454245,0,0,0,0,0,0,0,0,0,0,0,0,0,0,0,0,0,0,0,0,0,0,0,0,0,25.610947,0,0,0,23.04897,0,19.59964,1,0,0,18.47507,0,0
GS,2026-06-09 12:04,열원,A2,5℃,공통,공통,#3,0,0,0,0,0,-0.103950106,0,0.38352695,0,1.8575077,0,0,0,0,0,0,0,0,0,0,0,0,0,0,0,0,0,0,0,0,0,0,0,0,0,29.697948,3.3,0,0,28.797634,0,29.028097,2.25,0,0,28.96103,0,0
GS,2026-06-09 12:04,열원,A2,5℃,공통,공통,#1,0,0,0,0,0,0,0,4.87,0,4.91,0,0,0,0,0,0,0,0,0,0,0,0,0,0,0,0,0,0,0,0,0,0,0,0,0,24.5,0,0,0,26.2,0,18.7,9.25,0,0,18.1,0,0
GG,2026-06-09 12:04,열원,P1,13℃,저층부,공통,#2,0,0,0,0,0,-2,37.399998,5.0899997,21.58,5.12,21.74,0,0,0,0,0,0,0,40.55,4.96,20.869999,4.99,21.039999,0,0,0,0,0,0,0,0,0,0,0,0,24.9,57.4,0,0,24.949999,0,20.449999,0,0,0,20.9,0,0
GG,2026-06-09 12:04,열원,P1,13℃,저층부,공통,#3,0,0,0,0,0,0,43.399998,6.15,26.9,6.15,26.9,0,0,0,0,0,0,1,43.6,6.08,26.599998,6.1,26.599998,0,0,0,0,0,0,0,0,0,0,0,0,27,0,0,0,27,0,27.4,0,0,0,27.099998,0,0
GG,2026-06-09 12:04,열원,P1,13℃,저층부,공통,#1,1,1,743,0,0,67,44,7.93,34.6,3.3899999,11.3,0,2,1,771,0,0,77,33,7.16,31.4,3.1899998,9.9,0,1,0,1,0,1,1,1,1,0,0,0,27.099998,1801.8,0,191,32.7,3441.3862,11.9,1503.625,1,327,18.8,0,0
GG,2026-06-09 12:04,열원,P1,5℃,저층부,공통,#2,1,0,0,0,0,0,39.8,4.93,20.71,4.93,20.71,0,1,0,0,0,0,1,39.5,4.93,20.71,5.0099998,21.15,0,0,0,1,0,0,1,1,1,0,0,0,24.75,25.2,0,0,25.55,-5.099619,24.699999,0,0,0,21.05,0,0
GG,2026-06-09 12:04,열원,P1,5℃,저층부,공통,#3,1,1,832,0,0,53,36.1,6.0699997,26.5,2.3,3,0,1,1,717,0,0,0,42.7,6.25,27.4,3.03,8.8,0,1,0,1,0,1,1,1,1,0,0,0,22.699999,3.5,0,273,26.3,2520.6846,6.3999996,845.65,1,180,15.4,0,0
GG,2026-06-09 12:04,열원,P1,5℃,저층부,공통,#1,1,1,764,0,0,39,43.5,7.21,31.599998,2.52,4.9,0,0,1,845,0,0,3,47.3,7.5699997,33.2,3.03,8.8,0,1,0,1,0,1,1,1,1,0,0,0,28.9,2006.9,0,284,32.1,2084.4492,7.6,847.275,1,181,15.099999,0,0
GG,2026-06-09 12:04,열원,P2,13℃,고층부,공통,#2,1,1,773,0,0,62,38.7,7.97,34.82,3.46,11.809999,25,1,1,781,0,0,95,38.649998,7.08,31.119999,2.76,6.7599998,35,1,0,1,0,0,0,0,0,0,0,0,23.35,1794.1875,1,212,30.099998,2573.7146,14.5,1691.9375,1,308,19.1,0,0
GG,2026-06-09 12:04,열원,P2,13℃,고층부,공통,#3,0,0,0,0,0,0,41,4.08,15.799999,4.02,15.429999,25,0,0,0,0,0,0,43,4.04,15.549999,4.0499997,15.62,25,0,0,0,0,0,0,0,0,0,0,0,23.15,26.775,0,0,24.05,0.862784,16.35,4.74375,0,0,16.4,0,0
GG,2026-06-09 12:04,열원,P2,13℃,고층부,공통,#1,0,0,0,0,0,0,46.4,3.9599998,15,3.86,14.400001,25,0,0,0,0,0,0,45.3,3.86,14.400001,3.9299998,14.8,50,0,0,0,0,0,0,0,0,0,0,0,23.300001,0,0,0,22.800001,0,16.1,0,0,0,14.900001,0,0
GG,2026-06-09 12:04,열원,P2,13℃,저층부,공통,#2,1,1,751,0,0,100,44.95,7.94,34.7,2.7,6.2999997,25,1,1,714,0,0,100,40.45,7.17,31.5,2.53,4.95,30,0,0,1,0,0,0,0,0,0,0,0,23.75,1059.1,1,208,29.25,2307.9866,12.799999,1661.75,1,301,17.05,0,0
GG,2026-06-09 12:04,열원,P2,13℃,저층부,공통,#3,0,0,0,0,0,1,47.399998,3.87,14.49,3.74,13.66,50,0,0,0,0,0,1,47.1,3.9599998,15.059999,3.9399998,14.929999,50,0,0,0,0,0,0,0,0,0,0,0,24.6,0,0,0,24.85,0,13.25,0,0,0,14.349999,0,0
GG,2026-06-09 12:04,열원,P2,13℃,저층부,공통,#1,1,1,766,0,0,100,42.95,7.04,30.939999,2.69,6.22,50,1,1,668,0,0,100,38,6.3599997,27.89,2.5,4.71,55,1,0,1,0,0,0,0,0,0,0,0,23,2027.9,1,217,27.3,2821.5833,13.349999,1815.4187,1,319,18.05,0,0
GG,2026-06-09 12:04,열원,P2,5℃,고층부,공통,#2,0,0,0,0,0,0,48.5,4.35,17.42,4.3399997,17.359999,50,0,0,0,0,0,0,50.3,4.42,17.83,4.5099998,18.359999,40,0,0,0,0,0,0,0,0,0,0,0,23.25,1351.525,0,0,24.5,-1.71689,25.65,0.73125,0,0,18.5,0,0
GG,2026-06-09 12:04,열원,P2,5℃,고층부,공통,#3,0,0,0,0,0,0,39.649998,2.6799998,6.14,2.6599998,5.99,50,0,0,0,0,0,0,42,2.82,7.22,2.83,7.2999997,65,0,0,0,0,0,0,0,0,0,0,0,20.8,0,0,0,23.8,0,6.25,0,0,0,6.5,0,0
GG,2026-06-09 12:04,열원,P2,5℃,고층부,공통,#1,0,0,0,0,0,1,42.3,2.74,6.6099997,2.81,7.1499996,25,0,0,0,0,0,0,40.3,2.85,7.45,2.9399998,8.13,100,0,0,0,0,0,0,0,0,0,0,0,21.199999,8.925,0,0,23.85,0.4325812,6.2999997,1.86875,0,0,6.8999996,0,0
GG,2026-06-09 12:04,열원,P2,5℃,저층부,공통,#2,0,0,0,0,0,0,27.15,3.6599998,13.139999,3.6,12.75,85,0,0,0,0,0,1,45,4.0899997,15.86,4.04,15.549999,85,0,0,0,0,0,0,0,0,0,0,0,23.3,0,0,0,23.35,0,23.65,0,0,0,16.8,0,0
GG,2026-06-09 12:04,열원,P2,5℃,저층부,공통,#3,0,0,0,0,0,0,47.55,2.96,8.2699995,2.97,8.349999,100,0,0,0,0,0,0,47.8,3.1499999,9.65,3.46,11.809999,25,0,0,0,0,0,0,0,0,0,0,0,22.35,0,0,0,24.55,0.018807864,6.85,0.1625,0,0,7.0499997,0,0
GG,2026-06-09 12:04,열원,P2,5℃,저층부,공통,#1,0,0,0,0,0,0,48.649998,4.42,17.83,4.61,18.93,25,0,0,0,0,0,0,49.5,4.56,18.64,4.62,18.99,25,0,0,0,0,0,0,0,0,0,0,0,26.15,2800,0,0,27.75,-6.835318,26.5,2.6,0,0,19.199999,0,0
GS,2026-06-09 12:05,열원,A1,5℃,공통,공통,#2,1,1,585.8161,0,0,64,40,6.52,28.6,2.59,5.4,0,1,0,0,0,0,0,0,0,0,0,0,0,1,0,1,0,0,0,0,0,0,0,0,23.3,915,1,69.31729,26.6,0,5.6,360.875,1,69.42587,13.9,0,0
GS,2026-06-09 12:05,열원,A1,5℃,공통,공통,#3,1,0,0,0,0,0,40.649998,5.16,21.939999,5.18,22.05,0,1,0,0,0,0,0,40.399998,5.12,21.73,5.0899997,21.57,0,1,0,0,0,0,0,0,0,0,0,0,27.15,20,0,0,28.849998,0,21.5,9.25,0,0,21.4,0,0
GS,2026-06-09 12:05,열원,A1,5℃,공통,공통,#1,1,1,1015.5509,0,0,53,40.05,6.62,29.09,2.26,2.69,0,1,1,0,0,0,35,40.05,6.39,28.029999,2.25,2.62,0,1,0,1,0,0,0,0,0,0,0,0,24.35,1551.875,1,179.0021,28.65,0,4.95,672.5,1,120.17091,13.299999,0,0
GS,2026-06-09 12:05,열원,A2,13℃,공통,공통,#2,0,0,0,0,0,0,0,0.5053053,0,4.7828317,0,0,0,0,0,0,0,0,0,0,0,0,0,0,0,0,0,0,0,0,0,0,0,0,0,28.305614,534.05,0,0,27.980938,0,22.103565,0.5,0,0,21.209059,0,0
GS,2026-06-09 12:05,열원,A2,13℃,공통,공통,#3,0,0,0,0,0,0,0,-0.17037296,0,3.8078926,0,0,0,0,0,0,0,0,0,0,0,0,0,0,0,0,0,0,0,0,0,0,0,0,0,30.054195,3.025,0,0,29.681486,0,29.126678,3.75,0,0,29.151419,0,0
GS,2026-06-09 12:05,열원,A2,13℃,공통,공통,#1,0,0,0,0,0,0.1019368,0,0.4723059,0,0.0928772,0,0,0,0,0,0,0,0,0,0,0,0,0,0,0,0,0,0,0,0,0,0,0,0,0,28.983776,0,0,0,28.640356,0,21.940334,6.75,0,0,21.074137,0,0
GS,2026-06-09 12:05,열원,A2,5℃,공통,공통,#2,0,0,0,0,0,0.6198347,0,-0.2645728,0,21.454239,0,0,0,0,0,0,0,0,0,0,0,0,0,0,0,0,0,0,0,0,0,0,0,0,0,25.610952,0,0,0,23.06166,0,19.59929,1.25,0,0,18.42739,0,0
GS,2026-06-09 12:05,열원,A2,5℃,공통,공통,#3,0,0,0,0,0,-0.103950106,0,0.38352695,0,1.8575077,0,0,0,0,0,0,0,0,0,0,0,0,0,0,0,0,0,0,0,0,0,0,0,0,0,29.697948,3.3,0,0,28.797634,0,29.028097,2.25,0,0,28.96103,0,0
GS,2026-06-09 12:05,열원,A2,5℃,공통,공통,#1,0,0,0,0,0,0,0,4.87,0,4.91,0,0,0,0,0,0,0,0,0,0,0,0,0,0,0,0,0,0,0,0,0,0,0,0,0,24.5,0,0,0,26.2,0,18.7,9.25,0,0,18.1,0,0
GG,2026-06-09 12:05,열원,P1,13℃,저층부,공통,#2,0,0,0,0,0,-2,37.399998,5.0899997,21.58,5.12,21.74,0,0,0,0,0,0,0,40.55,4.98,20.98,5,21.09,0,0,0,0,0,0,0,0,0,0,0,0,24.9,57.4,0,0,24.949999,0,20.449999,0,0,0,20.949999,0,0
GG,2026-06-09 12:05,열원,P1,13℃,저층부,공통,#3,0,0,0,0,0,0,43.399998,6.15,26.9,6.1299996,26.8,0,0,0,0,0,0,1,43.6,6.08,26.599998,6.1,26.599998,0,0,0,0,0,0,0,0,0,0,0,0,27,0,0,0,27,0,27.4,0,0,0,27.099998,0,0
GG,2026-06-09 12:05,열원,P1,13℃,저층부,공통,#1,1,1,741,0,0,66,44,7.91,34.5,3.3899999,11.3,0,2,1,768,0,0,77,32.8,7.16,31.4,3.1899998,9.9,0,1,0,1,0,1,1,1,1,0,0,0,27,1798.3,0,191,32.7,3485.9373,11.8,1505.925,1,326,18.8,0,0
GG,2026-06-09 12:05,열원,P1,5℃,저층부,공통,#2,1,0,0,0,0,0,39.75,4.95,20.82,4.93,20.71,0,1,0,0,0,0,1,39.55,4.94,20.77,4.97,20.93,0,0,0,1,0,0,1,1,1,0,0,0,24.699999,0,0,0,25.55,0,24.75,0,0,0,21.05,0,0
GG,2026-06-09 12:05,열원,P1,5℃,저층부,공통,#3,1,1,831,0,0,53,36.1,6.0699997,26.5,2.3,3,0,1,1,716,0,0,0,42.7,6.2599998,27.4,3.01,8.599999,0,1,0,1,0,1,1,1,1,0,0,0,22.8,3.5,0,272,26.4,2536.161,6.3999996,852.15,1,180,15.4,0,0
GG,2026-06-09 12:05,열원,P1,5℃,저층부,공통,#1,1,1,762,0,0,39,43.399998,7.21,31.599998,2.54,5,0,0,1,841,0,0,3,47.399998,7.5499997,33.1,3.05,8.9,0,1,0,1,0,1,1,1,1,0,0,0,28.8,2057.3,0,284,32.1,2100.5703,7.6,846.95,1,180,15.099999,0,0
GG,2026-06-09 12:05,열원,P2,13℃,고층부,공통,#2,1,1,774,0,0,63,38.7,7.98,34.86,3.47,11.88,25,1,1,780,0,0,95,38.649998,7.1,31.199999,2.78,6.92,35,1,0,1,0,0,0,0,0,0,0,0,23.4,1783.6875,1,211,30.15,2627.207,14.5,1690.3562,1,307,19.1,0,0
GG,2026-06-09 12:05,열원,P2,13℃,고층부,공통,#3,0,0,0,0,0,0,41,4.08,15.799999,4.02,15.429999,25,0,0,0,0,0,0,43,4.0499997,15.62,4.0499997,15.62,25,0,0,0,0,0,0,0,0,0,0,0,23.15,41.125,0,0,24,0.8104941,16.35,4.45625,0,0,16.4,0,0
GG,2026-06-09 12:05,열원,P2,13℃,고층부,공통,#1,0,0,0,0,0,0,46.4,3.9599998,15,3.86,14.400001,25,0,0,0,0,0,0,45.3,3.86,14.400001,3.9299998,14.8,50,0,0,0,0,0,0,0,0,0,0,0,23.300001,0,0,0,22.800001,0,16.1,0,0,0,14.900001,0,0
GG,2026-06-09 12:05,열원,P2,13℃,저층부,공통,#2,1,1,750,0,0,100,44.899998,7.9199996,34.62,2.69,6.22,25,1,1,716,0,0,100,40.399998,7.16,31.46,2.53,4.95,30,0,0,1,0,0,0,0,0,0,0,0,23.699999,1037.925,1,208,29.199999,2348.7146,12.75,1706.6,1,300,17,0,0
GG,2026-06-09 12:05,열원,P2,13℃,저층부,공통,#3,0,0,0,0,0,1,47.399998,3.86,14.429999,3.75,13.719999,50,0,0,0,0,0,1,47.1,3.9599998,15.059999,3.9399998,14.929999,50,0,0,0,0,0,0,0,0,0,0,0,24.5,0,0,0,24.9,0,13.299999,0,0,0,14.349999,0,0
GG,2026-06-09 12:05,열원,P2,13℃,저층부,공통,#1,1,1,765,0,0,100,42.95,7.0299997,30.9,2.69,6.22,50,1,1,666,0,0,100,37.95,6.35,27.849998,2.5,4.71,55,0,0,1,0,0,0,0,0,0,0,0,22.949999,2047.5,1,216,27.3,2886.8223,13.299999,1852.075,1,318,18.05,0,0
GG,2026-06-09 12:05,열원,P2,5℃,고층부,공통,#2,0,0,0,0,0,0,48.5,4.3399997,17.359999,4.35,17.42,50,0,0,0,0,0,0,50.25,4.43,17.89,4.5,18.3,40,0,0,0,0,0,0,0,0,0,0,0,23.3,1345.925,0,0,24.449999,-0.98069626,25.75,0,0,0,18.5,0,0
GG,2026-06-09 12:05,열원,P2,5℃,고층부,공통,#3,0,0,0,0,0,0,39.6,2.6799998,6.14,2.6599998,5.99,50,0,0,0,0,0,0,41.95,2.83,7.2999997,2.83,7.2999997,65,0,0,0,0,0,0,0,0,0,0,0,20.8,0,0,0,23.8,0,6.2999997,0,0,0,6.45,0,0
GG,2026-06-09 12:05,열원,P2,5℃,고층부,공통,#1,0,0,0,0,0,1,42.399998,2.74,6.6099997,2.81,7.1499996,25,0,0,0,0,0,0,40.3,2.85,7.45,2.95,8.2,100,0,0,0,0,0,0,0,0,0,0,0,21.199999,2.275,0,0,23.85,0.5064692,6.35,2.35625,0,0,6.8999996,0,0
GG,2026-06-09 12:05,열원,P2,5℃,저층부,공통,#2,0,0,0,0,0,0,27.15,3.6499999,13.07,3.6,12.75,85,0,0,0,0,0,1,44.95,4.0899997,15.86,4.0299997,15.49,85,0,0,0,0,0,0,0,0,0,0,0,23.3,0,0,0,23.4,0,23.65,0,0,0,16.8,0,0
GG,2026-06-09 12:05,열원,P2,5℃,저층부,공통,#3,0,0,0,0,0,0,47.5,2.9399998,8.13,2.96,8.2699995,100,0,0,0,0,0,0,47.8,3.1699998,9.8,3.4499998,11.74,25,0,0,0,0,0,0,0,0,0,0,0,22.3,0,0,0,24.55,0.010747356,6.7999997,0,0,0,7.0499997,0,0
GG,2026-06-09 12:05,열원,P2,5℃,저층부,공통,#1,0,0,0,0,0,0,48.649998,4.43,17.89,4.61,18.93,25,0,0,0,0,0,0,49.55,4.5499997,18.59,4.62,18.99,25,0,0,0,0,0,0,0,0,0,0,0,26.199999,2800,0,0,27.699999,-23.71001,26.5,5.93125,0,0,19.199999,0,0
GS,2026-06-09 12:06,열원,A1,5℃,공통,공통,#2,1,1,587.2801,0,0,65,39.9,6.54,28.7,2.59,5.4,0,1,0,0,0,0,0,0,0,0,0,0,0,1,0,1,0,0,0,0,0,0,0,0,23.4,927.75,1,69.89128,26.7,0,5.6,367.75,1,69.42587,13.8,0,0
GS,2026-06-09 12:06,열원,A1,5℃,공통,공통,#3,1,0,0,0,0,0,40.55,5.16,21.939999,5.19,22.1,0,1,0,0,0,0,0,40.5,5.12,21.73,5.0899997,21.57,0,1,0,0,0,0,0,0,0,0,0,0,27.199999,20,0,0,28.9,0,21.449999,18.5,0,0,21.4,0,0
GS,2026-06-09 12:06,열원,A1,5℃,공통,공통,#1,1,1,1016.10034,0,0,53,40,6.6,28.99,2.26,2.69,0,1,1,0,0,0,35,39.95,6.39,28.029999,2.21,2.27,0,1,0,1,0,0,0,0,0,0,0,0,24.3,1560.625,1,179.90648,28.55,0,4.95,673.25,1,119.29662,13.299999,0,0
GS,2026-06-09 12:06,열원,A2,13℃,공통,공통,#2,0,0,0,0,0,0,0,0.5053053,0,4.7828317,0,0,0,0,0,0,0,0,0,0,0,0,0,0,0,0,0,0,0,0,0,0,0,0,0,28.305614,534.325,0,0,27.980938,0,22.103565,0.75,0,0,21.209059,0,0
GS,2026-06-09 12:06,열원,A2,13℃,공통,공통,#3,0,0,0,0,0,0,0,-0.17037296,0,3.8078926,0,0,0,0,0,0,0,0,0,0,0,0,0,0,0,0,0,0,0,0,0,0,0,0,0,30.054195,3.025,0,0,29.681486,0,29.126678,3.75,0,0,29.151419,0,0
GS,2026-06-09 12:06,열원,A2,13℃,공통,공통,#1,0,0,0,0,0,0.1019368,0,0.4723059,0,0.0928772,0,0,0,0,0,0,0,0,0,0,0,0,0,0,0,0,0,0,0,0,0,0,0,0,0,28.983776,0,0,0,28.640356,0,21.940334,6.75,0,0,21.074137,0,0
GS,2026-06-09 12:06,열원,A2,5℃,공통,공통,#2,0,0,0,0,0,0.6198347,0,-0.2645728,0,21.454239,0,0,0,0,0,0,0,0,0,0,0,0,0,0,0,0,0,0,0,0,0,0,0,0,0,25.611073,0,0,0,23.06528,0,19.60368,1.25,0,0,18.426163,0,0
GS,2026-06-09 12:06,열원,A2,5℃,공통,공통,#3,0,0,0,0,0,-0.103950106,0,0.38352695,0,1.8575077,0,0,0,0,0,0,0,0,0,0,0,0,0,0,0,0,0,0,0,0,0,0,0,0,0,29.697948,3.3,0,0,28.797634,0,29.028097,2.25,0,0,28.96103,0,0
GS,2026-06-09 12:06,열원,A2,5℃,공통,공통,#1,0,0,0,0,0,0,0,4.87,0,4.91,0,0,0,0,0,0,0,0,0,0,0,0,0,0,0,0,0,0,0,0,0,0,0,0,0,24.5,0,0,0,26.2,0,18.7,9.25,0,0,18.1,0,0
GG,2026-06-09 12:06,열원,P1,13℃,저층부,공통,#2,0,0,0,0,0,-2,37.399998,5.0899997,21.58,5.12,21.74,0,0,0,0,0,0,0,40.55,4.99,21.039999,4.99,21.039999,0,0,0,0,0,0,0,0,0,0,0,0,24.9,37.8,0,0,24.9,0,20.449999,0,0,0,20.9,0,0
GG,2026-06-09 12:06,열원,P1,13℃,저층부,공통,#3,0,0,0,0,0,0,43.399998,6.15,26.9,6.15,26.9,0,0,0,0,0,0,1,43.6,6.08,26.599998,6.1,26.599998,0,0,0,0,0,0,0,0,0,0,0,0,27,0,0,0,27,0,27.4,0,0,0,27.099998,0,0
GG,2026-06-09 12:06,열원,P1,13℃,저층부,공통,#1,1,1,741,0,0,64,44,7.89,34.5,3.3899999,11.3,0,2,1,770,0,0,77,33,7.14,31.3,3.1899998,9.9,0,1,0,1,0,1,1,1,1,0,0,0,27,1791.3,0,191,32.6,3485.9373,11.8,1505.925,1,326,18.8,0,0
GG,2026-06-09 12:06,열원,P1,5℃,저층부,공통,#2,1,0,0,0,0,0,39.8,4.95,20.82,4.94,20.77,0,1,0,0,0,0,1,39.55,4.91,20.6,4.97,20.93,0,0,0,1,0,0,1,1,1,0,0,0,24.75,1.4,0,0,25.5,0,24.699999,0,0,0,21,0,0
GG,2026-06-09 12:06,열원,P1,5℃,저층부,공통,#3,1,1,827,0,0,52,36,6.0499997,26.4,2.28,2.8999999,0,1,1,717,0,0,0,42.6,6.25,27.4,3.01,8.599999,0,1,0,1,0,1,1,1,1,0,0,0,22.699999,2.1,0,272,26.3,2513.9136,6.3999996,844.675,1,180,15.4,0,0
GG,2026-06-09 12:06,열원,P1,5℃,저층부,공통,#1,1,1,762,0,0,39,43.399998,7.21,31.599998,2.52,4.9,0,0,1,841,0,0,3,47.2,7.5499997,33.1,3.03,8.8,0,1,0,1,0,1,1,1,1,0,0,0,28.8,2039.1,0,284,32,2061.6003,7.5,820.3,1,181,15.099999,0,0
GG,2026-06-09 12:06,열원,P2,13℃,고층부,공통,#2,1,1,773,0,0,62,38.75,7.96,34.78,3.47,11.88,25,1,1,778,0,0,95,38.6,7.0699997,31.07,2.77,6.8399997,35,1,0,1,0,0,0,0,0,0,0,0,23.4,1769.25,1,211,30.15,2591.2363,14.45,1667.2125,1,308,19.1,0,0
GG,2026-06-09 12:06,열원,P2,13℃,고층부,공통,#3,0,0,0,0,0,0,40.95,4.08,15.799999,4.02,15.429999,25,0,0,0,0,0,0,43,4.0499997,15.62,4.06,15.679999,25,0,0,0,0,0,0,0,0,0,0,0,23.1,21,0,0,24.05,0.941219,16.35,5.175,0,0,16.4,0,0
GG,2026-06-09 12:06,열원,P2,13℃,고층부,공통,#1,0,0,0,0,0,0,46.4,3.9599998,15,3.86,14.400001,25,0,0,0,0,0,0,45.3,3.86,14.400001,3.9299998,14.8,50,0,0,0,0,0,0,0,0,0,0,0,23.300001,0,0,0,22.800001,0,16.1,0,0,0,14.900001,0,0
GG,2026-06-09 12:06,열원,P2,13℃,저층부,공통,#2,1,1,753,0,0,100,44.85,7.8999996,34.54,2.6799998,6.14,25,1,1,721,0,0,100,40.35,7.1299996,31.33,2.52,4.87,30,0,0,1,0,0,0,0,0,0,0,0,23.699999,1375.325,1,208,29.199999,2385.651,12.7,1717.6687,1,301,16.949999,0,0
GG,2026-06-09 12:06,열원,P2,13℃,저층부,공통,#3,0,0,0,0,0,1,47.399998,3.86,14.429999,3.75,13.719999,50,0,0,0,0,0,1,47.149998,3.9499998,14.99,3.9399998,14.929999,50,0,0,0,0,0,0,0,0,0,0,0,24.6,0,0,0,24.9,0,13.299999,0,0,0,14.4,0,0
GG,2026-06-09 12:06,열원,P2,13℃,저층부,공통,#1,1,1,764,0,0,100,42.95,7.0299997,30.9,2.6799998,6.14,50,1,1,665,0,0,100,37.95,6.35,27.849998,2.49,4.63,55,0,0,1,0,0,0,0,0,0,0,0,22.9,2000.25,1,216,27.25,2913.856,13.349999,1874.7875,1,318,18.05,0,0
GG,2026-06-09 12:06,열원,P2,5℃,고층부,공통,#2,0,0,0,0,0,0,48.5,4.35,17.42,4.35,17.42,50,0,0,0,0,0,0,50.3,4.43,17.89,4.5099998,18.359999,40,0,0,0,0,0,0,0,0,0,0,0,23.3,1351.35,0,0,24.449999,-1.7410711,25.699999,0.73125,0,0,18.55,0,0
GG,2026-06-09 12:06,열원,P2,5℃,고층부,공통,#3,0,0,0,0,0,0,39.6,2.6699998,6.06,2.6599998,5.99,50,0,0,0,0,0,0,41.95,2.82,7.22,2.84,7.37,65,0,0,0,0,0,0,0,0,0,0,0,20.8,0,0,0,23.8,0,6.2999997,0,0,0,6.5,0,0
GG,2026-06-09 12:06,열원,P2,5℃,고층부,공통,#1,0,0,0,0,0,1,42.35,2.74,6.6099997,2.81,7.1499996,25,0,0,0,0,0,0,40.3,2.84,7.37,2.95,8.2,100,0,0,0,0,0,0,0,0,0,0,0,21.199999,13.65,0,0,23.85,0.5078127,6.2999997,2.19375,0,0,6.8999996,0,0
GG,2026-06-09 12:06,열원,P2,5℃,저층부,공통,#2,0,0,0,0,0,0,27.15,3.6499999,13.07,3.6,12.75,85,0,0,0,0,0,1,45,4.08,15.799999,4.04,15.549999,85,0,0,0,0,0,0,0,0,0,0,0,23.3,0,0,0,23.3,0,23.65,0,0,0,16.8,0,0
GG,2026-06-09 12:06,열원,P2,5℃,저층부,공통,#3,0,0,0,0,0,0,47.55,2.9399998,8.13,2.95,8.2,100,0,0,0,0,0,0,47.8,3.1499999,9.65,3.4499998,11.74,25,0,0,0,0,0,0,0,0,0,0,0,22.3,0,0,0,24.6,0.03224207,6.7999997,0.24375,0,0,7,0,0
GG,2026-06-09 12:06,열원,P2,5℃,저층부,공통,#1,0,0,0,0,0,0,48.649998,4.43,17.89,4.61,18.93,25,0,0,0,0,0,0,49.5,4.5499997,18.59,4.61,18.93,25,0,0,0,0,0,0,0,0,0,0,0,26.199999,2800,0,0,27.75,-7.6897326,26.5,2.925,0,0,19.199999,0,0
GS,2026-06-09 12:07,열원,A1,5℃,공통,공통,#2,1,1,588.35956,0,0,64,40,6.54,28.7,2.59,5.4,0,1,0,0,0,0,0,0,0,0,0,0,0,1,0,1,0,0,0,0,0,0,0,0,23.4,908.625,1,69.34712,26.7,0,5.7,360.125,1,68.88879,13.9,0,0
GS,2026-06-09 12:07,열원,A1,5℃,공통,공통,#3,1,0,0,0,0,0,40.55,5.16,21.939999,5.18,22.05,0,1,0,0,0,0,0,40.5,5.12,21.73,5.1,21.619999,0,1,0,0,0,0,0,0,0,0,0,0,27.15,20,0,0,28.849998,0,21.5,8.5,0,0,21.4,0,0
GS,2026-06-09 12:07,열원,A1,5℃,공통,공통,#1,1,1,1016.8051,0,0,54,39.95,6.6,28.99,2.27,2.77,0,1,1,0,0,0,35,39.95,6.39,28.029999,2.23,2.45,0,1,0,1,0,0,0,0,0,0,0,0,24.3,1584.375,1,180.36684,28.55,0,4.95,669.75,1,119.023834,13.299999,0,0
GS,2026-06-09 12:07,열원,A2,13℃,공통,공통,#2,0,0,0,0,0,0,0,0.5053053,0,4.7828317,0,0,0,0,0,0,0,0,0,0,0,0,0,0,0,0,0,0,0,0,0,0,0,0,0,28.305614,534.6,0,0,27.980938,0,22.103565,0.75,0,0,21.209059,0,0
GS,2026-06-09 12:07,열원,A2,13℃,공통,공통,#3,0,0,0,0,0,0,0,-0.17037296,0,3.8078926,0,0,0,0,0,0,0,0,0,0,0,0,0,0,0,0,0,0,0,0,0,0,0,0,0,30.054195,3.3,0,0,29.681486,0,29.126678,4,0,0,29.151419,0,0
GS,2026-06-09 12:07,열원,A2,13℃,공통,공통,#1,0,0,0,0,0,0.1019368,0,0.4723059,0,0.0928772,0,0,0,0,0,0,0,0,0,0,0,0,0,0,0,0,0,0,0,0,0,0,0,0,0,28.983776,0,0,0,28.640356,0,21.940334,6.5,0,0,21.074137,0,0
GS,2026-06-09 12:07,열원,A2,5℃,공통,공통,#2,0,0,0,0,0,0.6198347,0,-0.2645728,0,21.454239,0,0,0,0,0,0,0,0,0,0,0,0,0,0,0,0,0,0,0,0,0,0,0,0,0,25.610977,0,0,0,23.056488,0,19.606579,1.25,0,0,18.407125,0,0
GS,2026-06-09 12:07,열원,A2,5℃,공통,공통,#3,0,0,0,0,0,-0.103950106,0,0.38352695,0,1.8575077,0,0,0,0,0,0,0,0,0,0,0,0,0,0,0,0,0,0,0,0,0,0,0,0,0,29.697948,3.3,0,0,28.797634,0,29.028097,2.25,0,0,28.96103,0,0
GS,2026-06-09 12:07,열원,A2,5℃,공통,공통,#1,0,0,0,0,0,0,0,4.87,0,4.91,0,0,0,0,0,0,0,0,0,0,0,0,0,0,0,0,0,0,0,0,0,0,0,0,0,24.5,0,0,0,26.2,0,18.7,9.25,0,0,18.1,0,0
GG,2026-06-09 12:07,열원,P1,13℃,저층부,공통,#2,0,0,0,0,0,-2,37.45,5.0899997,21.58,5.12,21.74,0,0,0,0,0,0,0,40.5,5,21.09,5.0299997,21.25,0,0,0,0,0,0,0,0,0,0,0,0,24.85,35,0,0,24.949999,0,20.449999,0,0,0,20.9,0,0
GG,2026-06-09 12:07,열원,P1,13℃,저층부,공통,#3,0,0,0,0,0,0,43.399998,6.15,26.9,6.15,26.9,0,0,0,0,0,0,1,43.6,6.08,26.599998,6.1,26.599998,0,0,0,0,0,0,0,0,0,0,0,0,27,0,0,0,27,0,27.4,0,0,0,27.099998,0,0
GG,2026-06-09 12:07,열원,P1,13℃,저층부,공통,#1,1,1,737,0,0,62,44,7.8799996,34.399998,3.3899999,11.3,0,2,1,769,0,0,77,33,7.14,31.3,3.1899998,9.9,0,1,0,1,0,1,1,1,1,0,0,0,27,1795.5,0,191,32.6,3483.2751,11.8,1504.775,1,326,18.8,0,0
GG,2026-06-09 12:07,열원,P1,5℃,저층부,공통,#2,1,0,0,0,0,0,39.85,4.94,20.77,4.93,20.71,0,1,0,0,0,0,1,39.55,4.95,20.82,4.98,20.98,0,0,0,1,0,0,1,1,1,0,0,0,24.75,21.7,0,0,25.5,0,24.75,0,0,0,21,0,0
GG,2026-06-09 12:07,열원,P1,5℃,저층부,공통,#3,1,1,821,0,0,51,36,6.0299997,26.3,2.28,2.8999999,0,1,1,715,0,0,0,42.6,6.23,27.3,3.01,8.599999,0,1,0,1,0,1,1,1,1,0,0,0,22.699999,1.4,0,272,26.3,2562.3843,6.2999997,851.5,1,179,15.4,0,0
GG,2026-06-09 12:07,열원,P1,5℃,저층부,공통,#1,1,1,761,0,0,39,43.3,7.19,31.599998,2.52,4.9,0,0,1,837,0,0,0,47.3,7.5299997,33,3.03,8.8,0,1,0,1,0,1,1,1,1,0,0,0,28.8,2051.7,0,284,32,2047.3495,7.3999996,804.05,1,180,15.099999,0,0
GG,2026-06-09 12:07,열원,P2,13℃,고층부,공통,#2,1,1,771,0,0,62,38.75,7.95,34.739998,3.46,11.809999,25,1,1,779,0,0,95,38.649998,7.0699997,31.07,2.77,6.8399997,35,1,0,1,0,0,0,0,0,0,0,0,23.3,1773.5625,1,211,30,2607.5461,14.45,1677.7063,1,308,19.1,0,0
GG,2026-06-09 12:07,열원,P2,13℃,고층부,공통,#3,0,0,0,0,0,0,40.95,4.08,15.799999,4.02,15.429999,25,0,0,0,0,0,0,42.95,4.0499997,15.62,4.0499997,15.62,25,0,0,0,0,0,0,0,0,0,0,0,23.15,33.775,0,0,24.05,0.71304566,16.35,4.3125,0,0,16.35,0,0
GG,2026-06-09 12:07,열원,P2,13℃,고층부,공통,#1,0,0,0,0,0,0,46.3,3.9599998,15,3.86,14.400001,25,0,0,0,0,0,0,45.3,3.86,14.400001,3.9299998,14.8,50,0,0,0,0,0,0,0,0,0,0,0,23.300001,0,0,0,22.800001,0,16.1,0,0,0,14.900001,0,0
GG,2026-06-09 12:07,열원,P2,13℃,저층부,공통,#2,1,1,745,0,0,100,44.85,7.9199996,34.62,2.69,6.22,25,1,1,715,0,0,100,40.35,7.14,31.38,2.53,4.95,30,0,0,1,0,0,0,0,0,0,0,0,23.65,1410.325,1,208,29.15,2404.3538,12.7,1694.8125,1,299,16.949999,0,0
GG,2026-06-09 12:07,열원,P2,13℃,저층부,공통,#3,0,0,0,0,0,1,47.45,3.86,14.429999,3.75,13.719999,50,0,0,0,0,0,1,47.149998,3.9599998,15.059999,3.9399998,14.929999,50,0,0,0,0,0,0,0,0,0,0,0,24.6,53.375,0,0,24.9,0,13.25,0,0,0,14.349999,0,0
GG,2026-06-09 12:07,열원,P2,13℃,저층부,공통,#1,1,1,774,0,0,100,42.95,7.25,31.849998,2.75,6.69,50,1,1,673,0,0,100,37.95,6.56,28.81,2.57,5.27,55,0,0,1,0,0,0,0,0,0,0,0,23.55,2063.25,1,216,27.8,2835.4355,13.299999,1817.2875,1,319,18.05,0,0
GG,2026-06-09 12:07,열원,P2,5℃,고층부,공통,#2,0,0,0,0,0,0,48.5,4.35,17.42,4.3399997,17.359999,50,0,0,0,0,0,0,50.25,4.42,17.83,4.5,18.3,40,0,0,0,0,0,0,0,0,0,0,0,23.3,1350.125,0,0,24.449999,-1.9882605,25.8,0.24375,0,0,18.449999,0,0
GG,2026-06-09 12:07,열원,P2,5℃,고층부,공통,#3,0,0,0,0,0,0,39.55,2.69,6.22,2.6599998,5.99,50,0,0,0,0,0,0,41.95,2.82,7.22,2.83,7.2999997,65,0,0,0,0,0,0,0,0,0,0,0,20.8,0,0,0,23.8,0,6.2999997,0,0,0,6.5,0,0
GG,2026-06-09 12:07,열원,P2,5℃,고층부,공통,#1,0,0,0,0,0,1,42.399998,2.75,6.69,2.81,7.1499996,25,0,0,0,0,0,0,40.35,2.84,7.37,2.95,8.2,100,0,0,0,0,0,0,0,0,0,0,0,21.199999,1.4,0,0,23.85,0.5078127,6.2999997,2.19375,0,0,6.8999996,0,0
GG,2026-06-09 12:07,열원,P2,5℃,저층부,공통,#2,0,0,0,0,0,0,27.15,3.6499999,13.07,3.6,12.75,85,0,0,0,0,0,1,45,4.0899997,15.86,4.06,15.679999,85,0,0,0,0,0,0,0,0,0,0,0,23.35,0,0,0,23.35,0,23.65,0,0,0,16.75,0,0
GG,2026-06-09 12:07,열원,P2,5℃,저층부,공통,#3,0,0,0,0,0,0,47.55,2.9299998,8.05,2.98,8.42,100,0,0,0,0,0,0,47.8,3.1599998,9.73,3.4399998,11.67,25,0,0,0,0,0,0,0,0,0,0,0,22.35,0,0,0,24.6,0,6.85,0,0,0,7,0,0
GG,2026-06-09 12:07,열원,P2,5℃,저층부,공통,#1,0,0,0,0,0,0,48.649998,4.42,17.83,4.6,18.869999,25,0,0,0,0,0,0,49.5,4.5499997,18.59,4.61,18.93,25,0,0,0,0,0,0,0,0,0,0,0,26.199999,2800,0,0,27.75,-5.340092,26.5,1.625,0,0,19.199999,0,0
GS,2026-06-09 12:08,열원,A1,5℃,공통,공통,#2,1,1,582.646,0,0,64,40.1,6.56,28.8,2.59,5.4,0,1,0,0,0,0,0,0,0,0,0,0,0,1,0,1,0,0,0,0,0,0,0,0,23.5,898.125,1,69.34712,26.8,0,5.7,359.625,1,69.39259,13.9,0,0
GS,2026-06-09 12:08,열원,A1,5℃,공통,공통,#3,1,0,0,0,0,0,40.5,5.17,22,5.19,22.1,0,1,0,0,0,0,0,40.5,5.12,21.73,5.0899997,21.57,0,1,0,0,0,0,0,0,0,0,0,0,27.199999,20,0,0,28.849998,0,21.5,16.25,0,0,21.35,0,0
GS,2026-06-09 12:08,열원,A1,5℃,공통,공통,#1,1,1,1018.3834,0,0,54,39.95,6.6,28.99,2.27,2.77,0,1,1,0,0,0,35,39.95,6.42,28.17,2.24,2.53,0,1,0,1,0,0,0,0,0,0,0,0,24.25,1595,1,179.56056,28.5,0,4.95,675,1,119.75791,13.299999,0,0
GS,2026-06-09 12:08,열원,A2,13℃,공통,공통,#2,0,0,0,0,0,0,0,0.5053053,0,4.7828317,0,0,0,0,0,0,0,0,0,0,0,0,0,0,0,0,0,0,0,0,0,0,0,0,0,28.305614,537.35,0,0,27.980938,0,22.103565,0.75,0,0,21.209059,0,0
GS,2026-06-09 12:08,열원,A2,13℃,공통,공통,#3,0,0,0,0,0,0,0,-0.17037296,0,3.8078926,0,0,0,0,0,0,0,0,0,0,0,0,0,0,0,0,0,0,0,0,0,0,0,0,0,30.054195,3.025,0,0,29.681486,0,29.126678,4,0,0,29.151419,0,0
GS,2026-06-09 12:08,열원,A2,13℃,공통,공통,#1,0,0,0,0,0,0.1019368,0,0.4723059,0,0.0928772,0,0,0,0,0,0,0,0,0,0,0,0,0,0,0,0,0,0,0,0,0,0,0,0,0,28.983776,0,0,0,28.640356,0,21.940334,6.75,0,0,21.074137,0,0
GS,2026-06-09 12:08,열원,A2,5℃,공통,공통,#2,0,0,0,0,0,0.6198347,0,-0.2645728,0,21.454239,0,0,0,0,0,0,0,0,0,0,0,0,0,0,0,0,0,0,0,0,0,0,0,0,0,25.611881,0,0,0,23.05529,0,19.603155,1,0,0,18.32845,0,0
GS,2026-06-09 12:08,열원,A2,5℃,공통,공통,#3,0,0,0,0,0,-0.103950106,0,0.38352695,0,1.8575077,0,0,0,0,0,0,0,0,0,0,0,0,0,0,0,0,0,0,0,0,0,0,0,0,0,29.697948,3.3,0,0,28.797634,0,29.028097,2.5,0,0,28.96103,0,0
GS,2026-06-09 12:08,열원,A2,5℃,공통,공통,#1,0,0,0,0,0,0,0,4.87,0,4.91,0,0,0,0,0,0,0,0,0,0,0,0,0,0,0,0,0,0,0,0,0,0,0,0,0,24.5,0,0,0,26.2,0,18.7,9.25,0,0,18.1,0,0
GG,2026-06-09 12:08,열원,P1,13℃,저층부,공통,#2,0,0,0,0,0,-2,37.45,5.0899997,21.58,5.1099997,21.68,0,0,0,0,0,0,0,40.5,4.97,20.93,4.97,20.93,0,0,0,0,0,0,0,0,0,0,0,0,24.9,56,0,0,24.949999,0,20.4,0,0,0,20.9,0,0
GG,2026-06-09 12:08,열원,P1,13℃,저층부,공통,#3,0,0,0,0,0,0,43.399998,6.15,26.9,6.15,26.9,0,0,0,0,0,0,1,43.6,6.08,26.599998,6.1,26.599998,0,0,0,0,0,0,0,0,0,0,0,0,27,0,0,0,27,0,27.4,0,0,0,27.099998,0,0
GG,2026-06-09 12:08,열원,P1,13℃,저층부,공통,#1,1,1,730,0,0,62,43.899998,7.8799996,34.399998,3.3899999,11.3,0,2,1,768,0,0,77,32.8,7.14,31.3,3.1899998,9.9,0,1,0,1,0,1,1,1,1,0,0,0,27,1792.7,0,192,32.6,3480.613,11.8,1503.625,1,325,18.8,0,0
GG,2026-06-09 12:08,열원,P1,5℃,저층부,공통,#2,1,0,0,0,0,0,39.85,4.96,20.869999,4.94,20.77,0,1,0,0,0,0,1,39.6,4.92,20.66,4.99,21.039999,0,0,0,1,0,0,1,1,1,0,0,0,24.699999,21.7,0,0,25.55,0,24.75,0,0,0,21,0,0
GG,2026-06-09 12:08,열원,P1,5℃,저층부,공통,#3,1,1,818,0,0,50,36,6.02,26.3,2.3,3,0,1,1,713,0,0,0,42.5,6.21,27.199999,3.01,8.599999,0,1,0,1,0,1,1,1,1,0,0,0,22.6,2.8,0,272,26.199999,2541.846,6.2999997,844.675,1,179,15.4,0,0
GG,2026-06-09 12:08,열원,P1,5℃,저층부,공통,#1,1,1,760,0,0,39,43.3,7.21,31.599998,2.52,4.9,0,0,1,829,0,0,0,47.399998,7.5299997,33,3.03,8.8,0,1,0,1,0,1,1,1,1,0,0,0,28.8,2056.6,0,283,32,2081.2034,7.5,828.1,1,179,15.099999,0,0
GG,2026-06-09 12:08,열원,P2,13℃,고층부,공통,#2,1,1,771,0,0,64,38.75,7.96,34.78,3.4499998,11.74,25,1,1,777,0,0,95,38.6,7.0699997,31.07,2.77,6.8399997,35,1,0,1,0,0,0,0,0,0,0,0,23.3,1764.9375,1,210,30,2596.3845,14.5,1688.4875,1,307,19.1,0,0
GG,2026-06-09 12:08,열원,P2,13℃,고층부,공통,#3,0,0,0,0,0,0,40.899998,4.08,15.799999,4.02,15.429999,25,0,0,0,0,0,0,42.95,4.0499997,15.62,4.06,15.679999,25,0,0,0,0,0,0,0,0,0,0,0,23.1,27.475,0,0,24,0.760582,16.35,4.6,0,0,16.35,0,0
GG,2026-06-09 12:08,열원,P2,13℃,고층부,공통,#1,0,0,0,0,0,0,46.3,3.9599998,15,3.86,14.400001,25,0,0,0,0,0,0,45.4,3.86,14.400001,3.9299998,14.8,50,0,0,0,0,0,0,0,0,0,0,0,23.300001,0,0,0,22.800001,0,16.1,0,0,0,14.900001,0,0
GG,2026-06-09 12:08,열원,P2,13℃,저층부,공통,#2,1,1,748,0,0,100,44.75,7.91,34.579998,2.7,6.2999997,25,1,1,713,0,0,100,40.3,7.1499996,31.42,2.53,4.95,30,0,0,1,0,0,0,0,0,0,0,0,23.65,966.35,1,208,29.199999,2383.343,12.65,1695.8187,1,299,16.949999,0,0
GG,2026-06-09 12:08,열원,P2,13℃,저층부,공통,#3,0,0,0,0,0,1,47.45,3.87,14.49,3.75,13.719999,50,0,0,0,0,0,1,47.2,3.9599998,15.059999,3.9399998,14.929999,50,0,0,0,0,0,0,0,0,0,0,0,24.6,0,0,0,24.85,0,13.25,0,0,0,14.349999,0,0
GG,2026-06-09 12:08,열원,P2,13℃,저층부,공통,#1,1,1,779,0,0,100,42.95,7.33,32.19,2.77,6.8399997,50,1,1,679,0,0,100,37.95,6.64,29.17,2.59,5.43,55,0,0,1,0,0,0,0,0,0,0,0,23.949999,2063.775,1,216,28.199999,2854.1223,13.349999,1856.1,1,317,18,0,0
GG,2026-06-09 12:08,열원,P2,5℃,고층부,공통,#2,0,0,0,0,0,0,48.5,4.35,17.42,4.3399997,17.359999,50,0,0,0,0,0,0,50.3,4.43,17.89,4.5,18.3,40,0,0,0,0,0,0,0,0,0,0,0,23.3,1349.075,0,0,24.5,-1.3729744,25.699999,0.56875,0,0,18.449999,0,0
GG,2026-06-09 12:08,열원,P2,5℃,고층부,공통,#3,0,0,0,0,0,0,39.55,2.6799998,6.14,2.6599998,5.99,50,0,0,0,0,0,0,41.95,2.83,7.2999997,2.83,7.2999997,65,0,0,0,0,0,0,0,0,0,0,0,20.8,0,0,0,23.8,0,6.2999997,0,0,0,6.5,0,0
GG,2026-06-09 12:08,열원,P2,5℃,고층부,공통,#1,0,0,0,0,0,1,42.399998,2.74,6.6099997,2.81,7.1499996,25,0,0,0,0,0,0,40.35,2.85,7.45,2.95,8.2,100,0,0,0,0,0,0,0,0,0,0,0,21.199999,16.275,0,0,23.85,0.54542845,6.2999997,2.35625,0,0,6.8999996,0,0
GG,2026-06-09 12:08,열원,P2,5℃,저층부,공통,#2,0,0,0,0,0,0,27.15,3.6499999,13.07,3.61,12.809999,85,0,0,0,0,0,1,45,4.0899997,15.86,4.0499997,15.62,85,0,0,0,0,0,0,0,0,0,0,0,23.35,0,0,0,23.4,0,23.65,0,0,0,16.8,0,0
GG,2026-06-09 12:08,열원,P2,5℃,저층부,공통,#3,0,0,0,0,0,0,47.55,2.95,8.2,2.96,8.2699995,100,0,0,0,0,0,0,47.8,3.1599998,9.73,3.4399998,11.67,25,0,0,0,0,0,0,0,0,0,0,0,22.35,0,0,0,24.6,0,6.85,0,0,0,7,0,0
GG,2026-06-09 12:08,열원,P2,5℃,저층부,공통,#1,0,0,0,0,0,0,48.649998,4.42,17.83,4.61,18.93,25,0,0,0,0,0,0,49.5,4.5499997,18.59,4.6,18.869999,25,0,0,0,0,0,0,0,0,0,0,0,26.199999,2800,0,0,27.699999,-3.6084242,26.5,1.38125,0,0,19.25,0,0
GS,2026-06-09 12:09,열원,A1,5℃,공통,공통,#2,1,1,590.1866,0,0,65,40,6.56,28.8,2.59,5.4,0,1,0,0,0,0,0,0,0,0,0,0,0,1,0,1,0,0,0,0,0,0,0,0,23.5,912.75,1,69.34712,26.8,0,5.6,363.125,1,69.39259,13.9,0,0
GS,2026-06-09 12:09,열원,A1,5℃,공통,공통,#3,1,0,0,0,0,0,40.5,5.17,22,5.17,22,0,1,0,0,0,0,0,40.55,5.12,21.73,5.0899997,21.57,0,1,0,0,0,0,0,0,0,0,0,0,27.15,20,0,0,28.9,0,21.5,16,0,0,21.4,0,0
GS,2026-06-09 12:09,열원,A1,5℃,공통,공통,#1,1,1,1018.7654,0,0,54,40,6.62,29.09,2.27,2.77,0,1,1,0,0,0,35,40,6.41,28.119999,2.23,2.45,0,1,0,1,0,0,0,0,0,0,0,0,24.3,1587.5,1,181.18309,28.55,0,4.95,646.5,1,119.75791,13.299999,0,0
GS,2026-06-09 12:09,열원,A2,13℃,공통,공통,#2,0,0,0,0,0,0,0,0.5053053,0,4.7828317,0,0,0,0,0,0,0,0,0,0,0,0,0,0,0,0,0,0,0,0,0,0,0,0,0,28.305614,537.075,0,0,27.980938,0,22.103565,0.5,0,0,21.209059,0,0
GS,2026-06-09 12:09,열원,A2,13℃,공통,공통,#3,0,0,0,0,0,0,0,-0.17037296,0,3.8078926,0,0,0,0,0,0,0,0,0,0,0,0,0,0,0,0,0,0,0,0,0,0,0,0,0,30.054195,3.025,0,0,29.681486,0,29.126678,3.75,0,0,29.151419,0,0
GS,2026-06-09 12:09,열원,A2,13℃,공통,공통,#1,0,0,0,0,0,0.1019368,0,0.4723059,0,0.0928772,0,0,0,0,0,0,0,0,0,0,0,0,0,0,0,0,0,0,0,0,0,0,0,0,0,28.983776,0,0,0,28.640356,0,21.940334,6.75,0,0,21.074137,0,0
GS,2026-06-09 12:09,열원,A2,5℃,공통,공통,#2,0,0,0,0,0,0.6198347,0,-0.2645728,0,21.454239,0,0,0,0,0,0,0,0,0,0,0,0,0,0,0,0,0,0,0,0,0,0,0,0,0,25.611467,0,0,0,23.065475,0,19.62001,1.25,0,0,18.331345,0,0
GS,2026-06-09 12:09,열원,A2,5℃,공통,공통,#3,0,0,0,0,0,-0.103950106,0,0.38352695,0,1.8575077,0,0,0,0,0,0,0,0,0,0,0,0,0,0,0,0,0,0,0,0,0,0,0,0,0,29.697948,3.575,0,0,28.797634,0,29.028097,2.5,0,0,28.96103,0,0
GS,2026-06-09 12:09,열원,A2,5℃,공통,공통,#1,0,0,0,0,0,0,0,4.87,0,4.91,0,0,0,0,0,0,0,0,0,0,0,0,0,0,0,0,0,0,0,0,0,0,0,0,0,24.5,0,0,0,26.2,0,18.7,9.25,0,0,18.1,0,0
GG,2026-06-09 12:09,열원,P1,13℃,저층부,공통,#2,0,0,0,0,0,-2,37.55,5.0899997,21.58,5.12,21.74,0,0,0,0,0,0,0,40.5,4.98,20.98,4.99,21.039999,0,0,0,0,0,0,0,0,0,0,0,0,24.9,42.7,0,0,24.949999,0.10457843,20.449999,6.325,0,0,20.9,0,0
GG,2026-06-09 12:09,열원,P1,13℃,저층부,공통,#3,0,0,0,0,0,0,43.399998,6.15,26.9,6.15,26.9,0,0,0,0,0,0,1,43.6,6.08,26.599998,6.1,26.599998,0,0,0,0,0,0,0,0,0,0,0,0,27,0,0,0,27,0,27.4,0,0,0,27.099998,0,0
GG,2026-06-09 12:09,열원,P1,13℃,저층부,공통,#1,1,1,724,0,0,59,43.899998,7.8599997,34.3,3.4099998,11.5,0,2,1,769,0,0,77,32.6,7.14,31.3,3.21,10.099999,0,1,0,1,0,1,1,1,1,0,0,0,26.9,1791.3,0,192,32.6,3468.6338,11.9,1498.45,1,326,18.8,0,0
GG,2026-06-09 12:09,열원,P1,5℃,저층부,공통,#2,1,0,0,0,0,0,39.85,4.94,20.77,4.93,20.71,0,1,0,0,0,0,1,39.6,4.93,20.71,5,21.09,0,0,0,1,0,0,1,1,1,0,0,0,24.699999,10.5,0,0,25.55,0,24.75,0,0,0,21,0,0
GG,2026-06-09 12:09,열원,P1,5℃,저층부,공통,#3,1,1,808,0,0,47,36.1,6,26.199999,2.3,3,0,1,1,714,0,0,0,42.5,6.2,27.099998,3,8.599999,0,1,0,1,0,1,1,1,1,0,0,0,22.6,2.1,0,272,26.199999,2508.11,6.3999996,842.725,1,179,15.4,0,0
GG,2026-06-09 12:09,열원,P1,5℃,저층부,공통,#1,1,1,761,0,0,39,43.3,7.19,31.599998,2.52,4.9,0,0,1,827,0,0,0,47.399998,7.5299997,33,3.03,8.8,0,1,0,1,0,1,1,1,1,0,0,0,28.699999,2023,0,284,32,1996.5898,7.5,805.025,1,180,15,0,0
GG,2026-06-09 12:09,열원,P2,13℃,고층부,공통,#2,1,1,775,0,0,64,38.85,7.97,34.82,3.4499998,11.74,25,1,1,778,0,0,95,38.6,7.08,31.119999,2.78,6.92,35,1,0,1,0,0,0,0,0,0,0,0,23.3,1771.6875,1,211,30.05,2553.5974,14.5,1678.7125,1,308,19.05,0,0
GG,2026-06-09 12:09,열원,P2,13℃,고층부,공통,#3,0,0,0,0,0,0,40.899998,4.08,15.799999,4.0099998,15.37,25,0,0,0,0,0,0,42.899998,4.0499997,15.62,4.0499997,15.62,25,0,0,0,0,0,0,0,0,0,0,0,23.1,22.225,0,0,24,0.65362424,16.35,3.59375,0,0,16.35,0,0
GG,2026-06-09 12:09,열원,P2,13℃,고층부,공통,#1,0,0,0,0,0,0,46.3,3.9599998,15,3.86,14.400001,25,0,0,0,0,0,0,45.4,3.86,14.400001,3.9399998,14.900001,50,0,0,0,0,0,0,0,0,0,0,0,23.300001,0,0,0,22.800001,0,16.1,0,0,0,14.900001,0,0
GG,2026-06-09 12:09,열원,P2,13℃,저층부,공통,#2,1,1,747,0,0,100,44.8,7.93,34.66,2.7,6.2999997,25,1,1,716,0,0,100,40.25,7.1499996,31.42,2.53,4.95,30,0,0,1,0,0,0,0,0,0,0,0,23.65,1071.7,1,208,29.199999,2383.9922,12.599999,1676.5563,1,301,16.949999,0,0
GG,2026-06-09 12:09,열원,P2,13℃,저층부,공통,#3,0,0,0,0,0,1,47.45,3.87,14.49,3.75,13.719999,50,0,0,0,0,0,1,47.2,3.9599998,15.059999,3.9399998,14.929999,50,0,0,0,0,0,0,0,0,0,0,0,24.6,0,0,0,24.9,0,13.25,0,0,0,14.4,0,0
GG,2026-06-09 12:09,열원,P2,13℃,저층부,공통,#1,1,1,785,0,0,100,42.95,7.45,32.69,2.81,7.1499996,50,1,1,685,0,0,100,37.899998,6.7599998,29.71,2.62,5.67,55,0,0,1,0,0,0,0,0,0,0,0,24.449999,2022.825,1,216,28.699999,2873.5742,13.299999,1868.75,1,318,18,0,0
GG,2026-06-09 12:09,열원,P2,5℃,고층부,공통,#2,0,0,0,0,0,0,48.5,4.36,17.48,4.35,17.42,50,0,0,0,0,0,0,50.25,4.42,17.83,4.5,18.3,40,0,0,0,0,0,0,0,0,0,0,0,23.25,1346.45,0,0,24.449999,-2.3214288,25.65,0.975,0,0,18.4,0,0
GG,2026-06-09 12:09,열원,P2,5℃,고층부,공통,#3,0,0,0,0,0,0,39.5,2.69,6.22,2.6599998,5.99,50,0,0,0,0,0,0,41.95,2.83,7.2999997,2.83,7.2999997,65,0,0,0,0,0,0,0,0,0,0,0,20.8,0,0,0,23.8,0,6.2999997,0,0,0,6.5,0,0
GG,2026-06-09 12:09,열원,P2,5℃,고층부,공통,#1,0,0,0,0,0,1,42.399998,2.75,6.69,2.82,7.22,25,0,0,0,0,0,0,40.399998,2.85,7.45,2.95,8.2,100,0,0,0,0,0,0,0,0,0,0,0,21.199999,7.175,0,0,23.85,0.5266206,6.2999997,2.275,0,0,6.8999996,0,0
GG,2026-06-09 12:09,열원,P2,5℃,저층부,공통,#2,0,0,0,0,0,0,27.15,3.6499999,13.07,3.6,12.75,85,0,0,0,0,0,1,45,4.1,15.92,4.06,15.679999,85,0,0,0,0,0,0,0,0,0,0,0,23.35,0,0,0,23.35,0,23.65,0,0,0,16.75,0,0
GG,2026-06-09 12:09,열원,P2,5℃,저층부,공통,#3,0,0,0,0,0,0,47.55,2.9399998,8.13,2.95,8.2,100,0,0,0,0,0,0,47.8,3.1699998,9.8,3.4499998,11.74,25,0,0,0,0,0,0,0,0,0,0,0,22.3,0,0,0,24.6,0.010747356,6.7999997,0.08125,0,0,7.0499997,0,0
GG,2026-06-09 12:09,열원,P2,5℃,저층부,공통,#1,0,0,0,0,0,0,48.649998,4.42,17.83,4.62,18.99,25,0,0,0,0,0,0,49.55,4.56,18.64,4.6,18.869999,25,0,0,0,0,0,0,0,0,0,0,0,26.25,2800,0,0,27.75,-31.626776,26.5,12.10625,0,0,19.25,0,0
